"ZIPCODE","total_count","population","urticaria_count","urticaria_prev","zero_to_nineteen_urticaria_count","twenty_to_sixtyfour_urticaria_count","over_sixtyfive_urticaria_count","zero_to_nineteen_urticaria_prev","twenty_to_sixtyfour_urticaria_prev","over_sixtyfive_urticaria_prev","heat_exhaustion_count","heat_exhaustion_prev","zero_to_nineteen_heat_exhaustion_count","twenty_to_sixtyfour_heat_exhaustion_count","over_sixtyfive_heat_exhaustion_count","zero_to_nineteen_heat_exhaustion_prev","twenty_to_sixtyfour_heat_exhaustion_prev","over_sixtyfive_heat_exhaustion_prev","heat_syncope_count","heat_syncope_prev","zero_to_nineteen_heat_syncope_count","twenty_to_sixtyfour_heat_syncope_count","over_sixtyfive_heat_syncope_count","zero_to_nineteen_heat_syncope_prev","twenty_to_sixtyfour_heat_syncope_prev","over_sixtyfive_heat_syncope_prev","heat_cramps_count","heat_cramps_prev","zero_to_nineteen_heat_cramps_count","twenty_to_sixtyfour_heat_cramps_count","over_sixtyfive_heat_cramps_count","zero_to_nineteen_heat_cramps_prev","twenty_to_sixtyfour_heat_cramps_prev","over_sixtyfive_heat_cramps_prev","carbon_monoxide_count","carbon_monoxide_prev","zero_to_nineteen_carbon_monoxide_count","twenty_to_sixtyfour_carbon_monoxide_count","over_sixtyfive_carbon_monoxide_count","zero_to_nineteen_carbon_monoxide_prev","twenty_to_sixtyfour_carbon_monoxide_prev","over_sixtyfive_carbon_monoxide_prev","heatstroke_count","heatstroke_prev","zero_to_nineteen_heatstroke_count","twenty_to_sixtyfour_heatstroke_count","over_sixtyfive_heatstroke_count","zero_to_nineteen_heatstroke_prev","twenty_to_sixtyfour_heatstroke_prev","over_sixtyfive_heatstroke_prev","all_effects_heat_count","all_effects_heat_prev","zero_to_nineteen_all_effects_heat_count","twenty_to_sixtyfour_all_effects_heat_count","over_sixtyfive_all_effects_heat_count","zero_to_nineteen_all_effects_heat_prev","twenty_to_sixtyfour_all_effects_heat_prev","over_sixtyfive_all_effects_heat_prev","hypothermia_count","hypothermia_prev","zero_to_nineteen_hypothermia_count","twenty_to_sixtyfour_hypothermia_count","over_sixtyfive_hypothermia_count","zero_to_nineteen_hypothermia_prev","twenty_to_sixtyfour_hypothermia_prev","over_sixtyfive_hypothermia_prev","osteoarthritis_count","osteoarthritis_prev","zero_to_nineteen_osteoarthritis_count","twenty_to_sixtyfour_osteoarthritis_count","over_sixtyfive_osteoarthritis_count","zero_to_nineteen_osteoarthritis_prev","twenty_to_sixtyfour_osteoarthritis_prev","over_sixtyfive_osteoarthritis_prev","kidney_disease_count","kidney_disease_prev","zero_to_nineteen_kidney_disease_count","twenty_to_sixtyfour_kidney_disease_count","over_sixtyfive_kidney_disease_count","zero_to_nineteen_kidney_disease_prev","twenty_to_sixtyfour_kidney_disease_prev","over_sixtyfive_kidney_disease_prev","mental_illness_count","mental_illness_prev","zero_to_nineteen_mental_illness_count","twenty_to_sixtyfour_mental_illness_count","over_sixtyfive_mental_illness_count","zero_to_nineteen_mental_illness_prev","twenty_to_sixtyfour_mental_illness_prev","over_sixtyfive_mental_illness_prev","influenza_count","influenza_prev","zero_to_nineteen_influenza_count","twenty_to_sixtyfour_influenza_count","over_sixtyfive_influenza_count","zero_to_nineteen_influenza_prev","twenty_to_sixtyfour_influenza_prev","over_sixtyfive_influenza_prev","acute_bronchitis_count","acute_bronchitis_prev","zero_to_nineteen_acute_bronchitis_count","twenty_to_sixtyfour_acute_bronchitis_count","over_sixtyfive_acute_bronchitis_count","zero_to_nineteen_acute_bronchitis_prev","twenty_to_sixtyfour_acute_bronchitis_prev","over_sixtyfive_acute_bronchitis_prev","bronchitis_count","bronchitis_prev","zero_to_nineteen_bronchitis_count","twenty_to_sixtyfour_bronchitis_count","over_sixtyfive_bronchitis_count","zero_to_nineteen_bronchitis_prev","twenty_to_sixtyfour_bronchitis_prev","over_sixtyfive_bronchitis_prev","copd_count","copd_prev","zero_to_nineteen_copd_count","twenty_to_sixtyfour_copd_count","over_sixtyfive_copd_count","zero_to_nineteen_copd_prev","twenty_to_sixtyfour_copd_prev","over_sixtyfive_copd_prev","asthma_count","asthma_prev","zero_to_nineteen_asthma_count","twenty_to_sixtyfour_asthma_count","over_sixtyfive_asthma_count","zero_to_nineteen_asthma_prev","twenty_to_sixtyfour_asthma_prev","over_sixtyfive_asthma_prev","respiratory_count","respiratory_prev","zero_to_nineteen_respiratory_count","twenty_to_sixtyfour_respiratory_count","over_sixtyfive_respiratory_count","zero_to_nineteen_respiratory_prev","twenty_to_sixtyfour_respiratory_prev","over_sixtyfive_respiratory_prev","hypertension_count","hypertension_prev","zero_to_nineteen_hypertension_count","twenty_to_sixtyfour_hypertension_count","over_sixtyfive_hypertension_count","zero_to_nineteen_hypertension_prev","twenty_to_sixtyfour_hypertension_prev","over_sixtyfive_hypertension_prev","heart_attack_count","heart_attack_prev","zero_to_nineteen_heart_attack_count","twenty_to_sixtyfour_heart_attack_count","over_sixtyfive_heart_attack_count","zero_to_nineteen_heart_attack_prev","twenty_to_sixtyfour_heart_attack_prev","over_sixtyfive_heart_attack_prev","cerebrovascular_disease_count","cerebrovascular_disease_prev","zero_to_nineteen_cerebrovascular_disease_count","twenty_to_sixtyfour_cerebrovascular_disease_count","over_sixtyfive_cerebrovascular_disease_count","zero_to_nineteen_cerebrovascular_disease_prev","twenty_to_sixtyfour_cerebrovascular_disease_prev","over_sixtyfive_cerebrovascular_disease_prev","congestive_artery_disease_count","congestive_artery_disease_prev","zero_to_nineteen_congestive_artery_disease_count","twenty_to_sixtyfour_congestive_artery_disease_count","over_sixtyfive_congestive_artery_disease_count","zero_to_nineteen_congestive_artery_disease_prev","twenty_to_sixtyfour_congestive_artery_disease_prev","over_sixtyfive_congestive_artery_disease_prev","angina_pectoris_count","angina_pectoris_prev","zero_to_nineteen_angina_pectoris_count","twenty_to_sixtyfour_angina_pectoris_count","over_sixtyfive_angina_pectoris_count","zero_to_nineteen_angina_pectoris_prev","twenty_to_sixtyfour_angina_pectoris_prev","over_sixtyfive_angina_pectoris_prev","heart_disease_count","heart_disease_prev","zero_to_nineteen_heart_disease_count","twenty_to_sixtyfour_heart_disease_count","over_sixtyfive_heart_disease_count","zero_to_nineteen_heart_disease_prev","twenty_to_sixtyfour_heart_disease_prev","over_sixtyfive_heart_disease_prev","circulatory_count","circulatory_prev","zero_to_nineteen_circulatory_count","twenty_to_sixtyfour_circulatory_count","over_sixtyfive_circulatory_count","zero_to_nineteen_circulatory_prev","twenty_to_sixtyfour_circulatory_prev","over_sixtyfive_circulatory_prev","thyroid_count","thyroid_prev","zero_to_nineteen_thyroid_count","twenty_to_sixtyfour_thyroid_count","over_sixtyfive_thyroid_count","zero_to_nineteen_thyroid_prev","twenty_to_sixtyfour_thyroid_prev","over_sixtyfive_thyroid_prev","diabetes_count","diabetes_prev","zero_to_nineteen_diabetes_count","twenty_to_sixtyfour_diabetes_count","over_sixtyfive_diabetes_count","zero_to_nineteen_diabetes_prev","twenty_to_sixtyfour_diabetes_prev","over_sixtyfive_diabetes_prev"
"CITYWIDE",2903633,34010,8979,0.00309233294979083,4018,4570,391,0.00610013451267243,0.00231337938156333,0.00145086718071645,659,0.000226957056900786,112,466,81,0.000170038592687733,0.000235893827529215,0.000300563277846631,68,2.34189375861206e-05,13,41,14,1.97366223655405e-05,2.07546071431283e-05,5.19492085167017e-05,36,1.2398261075005e-05,2,31,3,3.03640344085238e-06,1.56925078399263e-05,1.11319732535789e-05,513,0.000176675220318821,151,334,28,0.000229248459784355,0.000169074116726948,0.000103898417033403,27,9.29869580625375e-06,2,19,6,3.03640344085238e-06,9.61798867608386e-06,2.22639465071579e-05,912,0.000314089280566793,148,647,117,0.000224693854623076,0.000327517824917171,0.000434146956889578,366,0.000126048987595884,27,274,65,4.09914464515071e-05,0.000138701520907736,0.000241192753827543,42494,0.0146347696144795,108,26645,15741,0.000163965785806028,0.0134879635933818,0.0584094636615286,46076,0.0158683965914425,328,25209,20539,0.00049797016429979,0.012761046133442,0.0762131995517525,685597,0.236116961062228,49316,579874,56407,0.074871636044538,0.293537977134497,0.209307071771542,17987,0.00619465338766986,9456,7700,831,0.01435611546835,0.00389781646346556,0.00308355659124136,23633,0.00813911399959981,5059,16338,2236,0.00768058250363609,0.00827045784157148,0.0082970307316675,55862,0.019238657226998,11349,38077,6436,0.0172300713251168,0.0192749555168024,0.023881793286678,384457,0.132405507169811,97109,248914,38434,0.147431050868867,0.126002738595723,0.142615420009351,301047,0.103679425051306,95784,192555,12708,0.145419433589302,0.0974732531328067,0.0471550387021603,614614,0.211670689787587,206055,358435,50124,0.312833055502419,0.181443356374322,0.185993009120797,532975,0.183554533234744,2232,380346,150397,0.00338862623999126,0.192534922157568,0.55807179380617,1913,0.000658829817680127,5,1148,760,7.59100860213095e-06,0.000581129000007593,0.00282009989090666,11790,0.00406043050206414,97,6395,5298,0.00014726556688134,0.0032372125043977,0.0196590647658204,34183,0.0117724932868582,73,18561,15549,0.000110828725591112,0.00939576251667329,0.0576970173732996,1118,0.0003850348856071,2,623,493,3.03640344085238e-06,0.000315368786589487,0.00182935427133814,574224,0.197760529653713,3880,406748,163596,0.00589062267525362,0.205899876737882,0.607048765464166,588085,0.202534204563731,5110,417467,165508,0.00775801079137783,0.211325940980984,0.614143543084447,43854,0.0151031483662019,822,27929,15103,0.00124796181419033,0.014137937143913,0.0560420640162675,228200,0.0785911993698928,2640,163145,62415,0.00400805254192514,0.0825856190820895,0.23160070354071
"21201",76422,16595,180,0.00235534270236319,67,103,10,0.00592448492351225,0.00176203917543409,0.00150195253829979,17,0.000222449033000968,1,12,4,8.84251481121231e-05,0.000205286117526302,0.000600781015319916,2,2.61704744707022e-05,0,2,0,0,3.42143529210504e-05,0,3,3.92557117060532e-05,0,3,0,0,5.13215293815756e-05,0,15,0.000196278558530266,2,13,0,0.000176850296224246,0.000222393293986827,0,0,0,0,0,0,0,0,0,32,0.000418727591531234,1,26,5,8.84251481121231e-05,0.000444786587973655,0.000750976269149895,27,0.000353301405354479,2,22,3,0.000176850296224246,0.000376357882131554,0.000450585761489937,1433,0.0187511449582581,5,967,461,0.000442125740560615,0.0165426396373279,0.0692400120156203,1197,0.0156630289707152,2,619,576,0.000176850296224246,0.0105893422290651,0.0865124662060679,24163,0.316178587317788,840,21953,1370,0.0742771244141834,0.375553844837909,0.205767497747071,264,0.00345450263013268,98,156,10,0.00866566451498806,0.00266871952784193,0.00150195253829979,419,0.0054827144016121,72,301,46,0.00636661066407286,0.00514926011461808,0.00690898167617903,1182,0.015466750412185,157,867,158,0.0138827482536033,0.0148319219912753,0.0237308501051367,11402,0.149197874957473,2145,8229,1028,0.189671942700504,0.140774955093662,0.154400720937218,8727,0.114194865352909,2130,6219,378,0.188345565478822,0.106389530408006,0.056773805947732,16518,0.216141948653529,3924,11267,1327,0.346980281191971,0.192746557180737,0.199309101832382,14792,0.193556829185313,48,11387,3357,0.00424440710938191,0.194799418356,0.504205467107239,41,0.000536494726649394,0,29,12,0,0.000496108117355231,0.00180234304595975,319,0.00417419067807699,0,204,115,0,0.00348986399794714,0.0172724541904476,747,0.00977467221480726,2,455,290,0.000176850296224246,0.00778376528953896,0.0435566236106939,34,0.000444898066001937,0,20,14,0,0.000342143529210504,0.00210273355361971,15605,0.204195127057654,69,11939,3597,0.00610133521973649,0.20424257976221,0.540252328026434,16044,0.209939546203973,87,12313,3644,0.00769298788575471,0.210640663758447,0.547311504956443,822,0.0107560650074586,16,583,223,0.00141480236979397,0.00997348387648619,0.0334935416040853,6208,0.0812331527570595,71,4510,1627,0.00627818551596074,0.0771533658369686,0.244367677981376
"21202",82496,21788,178,0.00215768037238169,69,101,8,0.00512706197057512,0.0015875510845646,0.0014765596160945,24,0.000290923196276183,1,19,4,7.43052459503641e-05,0.000298648223828985,0.00073827980804725,0,0,0,0,0,0,0,0,0,0,0,0,0,0,0,0,7,8.48525989138867e-05,4,2,1,0.000297220983801456,3.14366551398931e-05,0.000184569952011812,0,0,0,0,0,0,0,0,33,0.000400019394879752,1,27,5,7.43052459503641e-05,0.000424394844388557,0.000922849760059062,38,0.000460628394103957,0,35,3,0,0.00055014146494813,0.000553709856035437,1374,0.0166553529868115,2,1054,318,0.000148610491900728,0.0165671172587237,0.0586932447397564,1052,0.0127521334367727,13,704,335,0.000965968197354733,0.0110657026092424,0.0618309339239572,22037,0.26712810318076,999,19868,1170,0.0742309407044137,0.312291732159698,0.215946843853821,345,0.00418202094647013,127,199,19,0.00943676623569624,0.00312794718641937,0.00350682908822444,392,0.00475174553917766,59,308,25,0.00438400951107148,0.00484124489154354,0.00461424880029531,1264,0.015321955003879,143,1013,108,0.0106256501709021,0.0159226658283559,0.0199335548172757,10580,0.128248642358417,2207,7536,837,0.163991677812454,0.118453316567117,0.154485049833887,8244,0.0999321179208689,2193,5702,349,0.162951404369148,0.0896259038038353,0.0644149132521225,16400,0.198797517455392,4346,10992,1062,0.322930598900282,0.172775856648853,0.196013289036545,13544,0.164177657098526,40,11023,2481,0.00297220983801456,0.173263124803521,0.457918050941307,57,0.000690942591155935,0,40,17,0,0.000628733102797862,0.00313768918420081,270,0.00327288595810706,2,174,94,0.000148610491900728,0.0027349889971707,0.0173495754891104,876,0.0106186966640807,2,558,316,0.000148610491900728,0.00877082678403018,0.0583241048357327,26,0.000315166795965865,0,15,11,0,0.000235774913549198,0.00203026947212994,14482,0.175547905352987,61,11698,2723,0.00453262000297221,0.183872995913235,0.502583979328165,14858,0.180105702094647,75,12035,2748,0.00557289344627731,0.189170072304307,0.507198228128461,637,0.00772158650116369,9,499,129,0.000668747213553277,0.00784344545740333,0.0238095238095238,5656,0.0685608999224205,44,4581,1031,0.00326943082181602,0.0720056585979252,0.190291620524179
"21205",74049,14766,231,0.00311955596969574,135,88,8,0.00673989016475287,0.00176859537351528,0.00187705302674801,10,0.000135045712973842,1,9,0,4.99251123315027e-05,0.000180879072291336,0,6,8.1027427784305e-05,2,2,2,9.98502246630055e-05,4.01953493980746e-05,0.000469263256687001,3,4.05137138921525e-05,1,2,0,4.99251123315027e-05,4.01953493980746e-05,0,6,8.1027427784305e-05,2,4,0,9.98502246630055e-05,8.03906987961493e-05,0,0,0,0,0,0,0,0,0,18,0.000243082283352915,3,13,2,0.000149775336994508,0.000261269771087485,0.000469263256687001,6,8.1027427784305e-05,1,4,1,4.99251123315027e-05,8.03906987961493e-05,0.000234631628343501,930,0.0125592513065673,5,660,265,0.000249625561657514,0.0132644653013646,0.0621773815110277,1091,0.0147334872854461,14,694,383,0.000698951572641038,0.0139477862411319,0.0898639136555608,16859,0.2276735675026,1686,14298,875,0.0841737393909136,0.287356552846836,0.205302674800563,475,0.00641467136625748,211,248,16,0.0105341987019471,0.00498422332536126,0.00375410605349601,377,0.00509122337911383,112,242,23,0.00559161258112831,0.00486363727716703,0.00539652745190052,1130,0.0152601655660441,271,755,104,0.0135297054418372,0.0151737443977732,0.0244016893477241,11456,0.154708368782833,3256,7491,709,0.162556165751373,0.150551681170489,0.166353824495542,9367,0.126497319342597,3230,5881,256,0.161258112830754,0.118194424905038,0.0600656968559362,17120,0.231198260611217,6305,9929,886,0.314777833250125,0.199549812086742,0.207883622712342,11811,0.159502491593404,110,9337,2364,0.0054917623564653,0.187651988664911,0.554669169404036,50,0.000675228564869208,0,37,13,0,0.000743613963864381,0.00305021116846551,199,0.00268740968817945,1,136,62,4.99251123315027e-05,0.00273328375906908,0.014547160957297,1025,0.0138421855798188,6,748,271,0.000299550673989016,0.0150330606748799,0.0635851712810887,34,0.000459155424111062,0,26,8,0,0.00052253954217497,0.00187705302674801,12761,0.172331834325919,151,10061,2549,0.00753869196205691,0.202202705147014,0.598076020647583,13066,0.176450728571622,173,10325,2568,0.00863704443334998,0.20750849126756,0.60253402158611,855,0.0115464084592635,22,621,212,0.00109835247129306,0.0124806559881022,0.0497419052088221,5058,0.0683061216221691,88,3933,1037,0.00439340988517224,0.0790441545913138,0.24331299859221
"21206",147033,51287,524,0.00356382580781185,231,276,17,0.00614459754216098,0.00278309972774024,0.00165546791313662,29,0.000197234634401801,8,20,1,0.000212799914880034,0.00020167389331451,9.7380465478625e-05,5,3.40059714485864e-05,0,3,2,0,3.02510839971766e-05,0.00019476093095725,2,1.36023885794345e-05,0,1,1,0,1.00836946657255e-05,9.7380465478625e-05,19,0.000129222691504628,4,14,1,0.000106399957440017,0.000141171725320157,9.7380465478625e-05,3,2.04035828691518e-05,1,1,1,2.65999893600043e-05,1.00836946657255e-05,9.7380465478625e-05,42,0.000285650160168126,11,27,4,0.000292599882960047,0.000272259755974589,0.0003895218619145,9,6.12107486074555e-05,0,8,1,0,8.06695573258042e-05,9.7380465478625e-05,1713,0.0116504458182857,6,1089,618,0.000159599936160026,0.0109811434909751,0.0601811276657902,2411,0.0163976794325083,22,1423,966,0.000585199765920094,0.0143490975093274,0.0940695296523517,30402,0.206769908795985,2734,25476,2192,0.0727243709102516,0.256892205304023,0.213457980329146,1124,0.00764454238164222,622,471,31,0.0165451933819226,0.00474942018755672,0.00301879442983737,1379,0.00937884692552012,303,949,127,0.00805979677608129,0.00956942623777352,0.0123673191157854,2909,0.0197846741887876,713,1909,287,0.018965792413683,0.01924977311687,0.0279481935923654,20088,0.136622390891841,6250,12343,1495,0.166249933500027,0.12446304325905,0.145583795890544,16544,0.112518958329083,6170,9873,501,0.164121934351226,0.0995563174347081,0.0487876132047911,32923,0.223915719600362,12515,18424,1984,0.332898866840453,0.185781990521327,0.193202843509592,27043,0.183924697176824,136,20415,6492,0.00361759855296058,0.205858626600787,0.632193981887233,93,0.000632511068943707,0,59,34,0,0.000594937985277806,0.00331093582627325,657,0.00446838464834425,7,390,260,0.00018619992552003,0.00393264091963295,0.0253189210244425,1635,0.0111199526636877,6,958,671,0.000159599936160026,0.00966017948976505,0.0653422923361574,52,0.000353662103065298,0,36,16,0,0.000363013007966119,0.001558087447658,29088,0.197833139499296,259,21840,6989,0.0068893972442411,0.220227891499445,0.68059207323011,29773,0.202491957587752,324,22400,7049,0.00861839655264138,0.225874760512252,0.686434901158828,2082,0.0141600865111914,72,1406,604,0.00191519923392031,0.0141776747000101,0.0588178011490895,12063,0.0820428067168595,223,9010,2830,0.00593179762728095,0.090854088938187,0.275586717304509
"21207",122574,48243,385,0.00314095974676522,157,199,29,0.00575386645166019,0.00246134817563389,0.00200858844715335,22,0.00017948341410087,4,14,4,0.000146595323609177,0.000173160173160173,0.000277046682365979,5,4.07916850229249e-05,1,4,0,3.66488309022942e-05,4.94743351886209e-05,0,1,8.15833700458498e-06,0,1,0,0,1.23685837971552e-05,0,33,0.000269225121151305,12,19,2,0.000439785970827531,0.000235003092145949,0.000138523341182989,1,8.15833700458498e-06,0,1,0,0,1.23685837971552e-05,0,33,0.000269225121151305,7,22,4,0.00025654181631606,0.000272108843537415,0.000277046682365979,4,3.26333480183399e-05,0,3,1,0,3.71057513914657e-05,6.92616705914947e-05,1455,0.0118703803416712,7,854,594,0.00025654181631606,0.0105627705627706,0.0411414323313478,2141,0.0174669995268165,5,1088,1048,0.000183244154511471,0.0134570191713049,0.0725862307798864,18868,0.15393150260251,1664,15285,1919,0.0609836546214176,0.189053803339518,0.132913145865078,903,0.00736697831514024,498,368,37,0.0182511177893425,0.00455163883735312,0.0025626818118853,1068,0.00871310392089676,239,691,138,0.00875907058564832,0.00854669140383426,0.00955811054162626,2598,0.0211953595379118,535,1717,346,0.0196071245327274,0.0212368583797155,0.0239645380246572,12371,0.100926787083721,3292,7685,1394,0.120647951330353,0.0950525664811379,0.0965507688045436,9715,0.0792582439995431,3216,5990,509,0.117862640181778,0.0740878169449598,0.0352541903310708,22223,0.181302723252892,7930,12288,2005,0.290625229055193,0.151985157699443,0.138869649535947,21247,0.173340186336417,50,14035,7162,0.00183244154511471,0.173593073593074,0.496052084776285,55,0.000448708535252174,1,35,19,3.66488309022942e-05,0.000432900432900433,0.0013159717412384,476,0.00388336841418245,6,230,240,0.000219892985413765,0.0028447742733457,0.0166228009419587,1416,0.0115522051984923,1,752,663,3.66488309022942e-05,0.00930117501546073,0.045920487602161,48,0.000391600176220079,0,25,23,0,0.000309214594928881,0.00159301842360438,22595,0.184337624618598,103,14865,7627,0.0037748295829363,0.183858998144712,0.52825876160133,23335,0.190374794001991,165,15397,7773,0.00604705709887855,0.190439084724799,0.538370965507688,1525,0.0124414639319921,26,961,538,0.00095286960345965,0.0118862090290662,0.0372627787782241,9252,0.0754809339664203,96,6105,3051,0.00351828776662024,0.0755102040816327,0.21131735697465
"21208",52708,36797,161,0.00305456477195113,61,88,12,0.0061,0.00289883717099845,0.000971581248481904,13,0.000246641875996054,3,7,3,3e-04,0.000230589320420331,0.000242895312120476,2,3.79449039993929e-05,0,0,2,0,0,0.000161930208080317,0,0,0,0,0,0,0,0,3,5.69173559990893e-05,0,1,2,0,3.29413314886188e-05,0.000161930208080317,0,0,0,0,0,0,0,0,20,0.000379449039993929,4,9,7,4e-04,0.000296471983397569,0.000566755728281111,5,9.48622599984822e-05,0,3,2,0,9.88239944658563e-05,0.000161930208080317,562,0.0106625180238294,3,206,353,3e-04,0.00678591428665547,0.028580681726176,821,0.0155763830917508,4,292,525,4e-04,0.00961886879467668,0.0425066796210833,7221,0.137000075889808,630,4962,1629,0.063,0.163454886846526,0.131892154481418,327,0.00620399180390074,163,134,30,0.0163,0.00441413841947492,0.00242895312120476,362,0.00686802762389011,87,206,69,0.0087,0.00678591428665547,0.00558659217877095,959,0.0181945814677089,185,573,201,0.0185,0.0188753829429786,0.0162739859120719,3818,0.072436821734841,860,2217,741,0.086,0.0730309319102678,0.0599951420937576,2794,0.0530090308871519,830,1717,247,0.083,0.0565602661659584,0.0199983806979192,7288,0.138271230173788,2459,3712,1117,0.2459,0.122278222485753,0.0904380212128573,9618,0.18247704333308,25,4614,4979,0.0025,0.151991303488487,0.40312525301595,73,0.00138498899597784,0,33,40,0,0.00108706393912442,0.00323860416160635,264,0.00500872732791986,1,78,185,1e-04,0.00256942385611226,0.0149785442474294,529,0.0100364271078394,1,134,394,1e-04,0.00441413841947492,0.0319002509918225,34,0.000645063367989679,1,13,20,1e-04,0.000428237309352044,0.00161930208080317,10573,0.20059573499279,60,4945,5568,0.006,0.16289488421122,0.450813699295604,10964,0.208013963724672,85,5161,5718,0.0085,0.170010211812761,0.462958464901627,986,0.0187068376717007,20,376,590,0.002,0.0123859406397207,0.0477694113836936,3701,0.0702170448508765,29,1956,1716,0.0029,0.0644332443917383,0.138936118532912
"21209",27921,27462,85,0.00304430357078901,38,41,6,0.005862388151805,0.00260135778186663,0.00105671010919338,7,0.000250707352888507,0,7,0,0,0.000444134255440645,0,0,0,0,0,0,0,0,0,0,0,0,0,0,0,0,0,5,0.000179076680634648,1,3,1,0.000154273372415921,0.000190343252331705,0.00017611835153223,0,0,0,0,0,0,0,0,11,0.000393968697396225,0,10,1,0,0.000634477507772349,0.00017611835153223,0,0,0,0,0,0,0,0,261,0.00934780272912861,1,99,161,0.000154273372415921,0.00628132732694626,0.028355054596689,353,0.0126428136528061,1,141,211,0.000154273372415921,0.00894613285959013,0.0371609721733005,3822,0.136886214677125,346,2780,696,0.0533785868559087,0.176384747160713,0.122578372666432,186,0.0066616525196089,84,82,20,0.0129589632829374,0.00520271556373327,0.00352236703064459,176,0.0063034991583396,43,106,27,0.0066337550138846,0.0067254615823869,0.0047551954913702,445,0.0159378245764836,114,253,78,0.017587164455415,0.0160522809466404,0.0137372314195139,1795,0.0642885283478385,414,1041,340,0.0638691761801913,0.0660491085591016,0.0598802395209581,1330,0.0476343970488163,402,801,127,0.0620178957112002,0.0508216483725652,0.0223670306445932,3751,0.134343325812113,1470,1755,526,0.226781857451404,0.111350802614047,0.0926382529059528,4569,0.163640270763941,32,2190,2347,0.00493674791730947,0.138950574202145,0.413349771046143,12,0.000429784033523155,0,7,5,0,0.000444134255440645,0.000880591757661148,113,0.00404713298234304,3,36,74,0.000462820117247763,0.00228411902798046,0.013032758013385,287,0.0102790014684288,0,70,217,0,0.00444134255440645,0.0382176822824938,16,0.000573045378030873,0,8,8,0,0.00050758200621788,0.00140894681225784,5120,0.183374520969879,55,2449,2616,0.00848503548287566,0.155383541653448,0.460725607608313,5319,0.190501772859138,71,2574,2674,0.0109534094415304,0.163314510500603,0.470940471997182,463,0.0165825006267684,9,225,229,0.00138846035174329,0.0142757439248779,0.0403311025008806,1554,0.0556570323412485,21,803,730,0.00323974082073434,0.0509485438741197,0.128566396618528
"21210",8900,15258,30,0.00337078651685393,11,17,2,0.00629650829994276,0.00362396077595395,0.000812347684809098,2,0.000224719101123596,1,1,0,0.000572409845449342,0.000213174163291409,0,0,0,0,0,0,0,0,0,0,0,0,0,0,0,0,0,0,0,0,0,0,0,0,0,0,0,0,0,0,0,0,0,2,0.000224719101123596,1,1,0,0.000572409845449342,0.000213174163291409,0,1,0.000112359550561798,1,0,0,0.000572409845449342,0,0,158,0.017752808988764,0,50,108,0,0.0106587081645705,0.0438667749796913,110,0.0123595505617978,0,23,87,0,0.00490300575570241,0.0353371242891958,1591,0.17876404494382,164,1035,392,0.093875214653692,0.220635259006608,0.159220146222583,53,0.00595505617977528,21,23,9,0.0120206067544362,0.00490300575570241,0.00365556458164094,41,0.00460674157303371,9,19,13,0.00515168860904408,0.00405030910253677,0.00528025995125914,100,0.0112359550561798,23,43,34,0.0131654264453349,0.00916648902153059,0.0138099106417547,603,0.067752808988764,111,298,194,0.0635374928448769,0.0635259006608399,0.0787977254264825,416,0.0467415730337079,109,241,66,0.0623926731539782,0.0513749733532296,0.0268074735987002,1119,0.125730337078652,329,516,274,0.188322839152833,0.109997868258367,0.111291632818846,1594,0.179101123595506,2,523,1069,0.00114481969089868,0.111490087401407,0.434199837530463,15,0.00168539325842697,0,5,10,0,0.00106587081645705,0.00406173842404549,64,0.00719101123595506,0,13,51,0,0.00277126412278832,0.020714865962632,88,0.0098876404494382,0,13,75,0,0.00277126412278832,0.0304630381803412,11,0.00123595505617978,0,4,7,0,0.000852696653165636,0.00284321689683184,1891,0.21247191011236,8,632,1251,0.00457927876359473,0.134726071200171,0.508123476848091,1952,0.219325842696629,15,671,1266,0.00858614768174013,0.143039863568535,0.514216084484159,241,0.0270786516853933,3,92,146,0.00171722953634803,0.0196120230228096,0.0593013809910642,415,0.0466292134831461,6,168,241,0.00343445907269605,0.0358132594329567,0.0978878960194964
"21211",29949,16436,82,0.00273798791278507,31,43,8,0.00634985661614093,0.00208000773956368,0.00182066454255803,3,0.000100170289492137,0,3,0,0,0.000145116819039327,0,0,0,0,0,0,0,0,0,3,0.000100170289492137,0,3,0,0,0.000145116819039327,0,7,0.000233730675481652,3,4,0,0.000614502253174928,0.000193489092052436,0,0,0,0,0,0,0,0,0,7,0.000233730675481652,0,7,0,0,0.000338605911091762,0,5,0.000166950482486894,1,1,3,0.000204834084391643,4.83722730131089e-05,0.000682749203459263,488,0.0162943670907209,0,265,223,0,0.0128186523484739,0.0507510241238052,438,0.0146248622658519,5,132,301,0.00102417042195821,0.00638514003773037,0.068502503413746,8371,0.279508497779559,400,6915,1056,0.0819336337566571,0.334494267885648,0.24032771961766,129,0.00430732244816188,55,60,14,0.0112658746415404,0.00290233638078653,0.00318616294947656,270,0.0090153260542923,62,175,33,0.0126997132322819,0.00846514777729405,0.00751024123805189,678,0.0226384854252229,105,465,108,0.0215075788611225,0.0224931069510956,0.0245789713245335,3704,0.123676917426291,497,2518,689,0.101802539942646,0.121801383447008,0.156804733727811,2172,0.0725232895923069,490,1530,152,0.100368701351905,0.0740095777100566,0.0345926263086026,5720,0.190991351965007,1343,3516,861,0.275092175337976,0.170076911914091,0.195949021392808,5943,0.198437343483923,4,3559,2380,0.000819336337566571,0.172156919653655,0.541647701411015,26,0.000868142508931851,0,15,11,0,0.000725584095196633,0.0025034137460173,168,0.00560953621155965,0,80,88,0,0.00386978184104871,0.0200273099681384,446,0.014891983037831,0,130,316,0,0.00628839549170416,0.0719162494310423,12,0.000400681157968547,0,5,7,0,0.000241861365065544,0.00159308147473828,6545,0.218538181575345,15,3883,2647,0.00307251126587464,0.187829536109902,0.602412380518889,6704,0.223847206918428,25,4003,2676,0.00512085210979107,0.193634208871475,0.609012289485662,620,0.0207018598283749,12,300,308,0.00245800901269971,0.0145116819039327,0.0700955848884843,2413,0.0805703028481752,21,1358,1034,0.0043015157722245,0.0656895467518019,0.235320892125626
"21212",71737,34010,222,0.00309463735589724,95,115,12,0.00568045922028223,0.00248288965174774,0.00137994480220791,11,0.000153337887003917,2,8,1,0.000119588615163836,0.000172722758382451,0.000114995400183993,1,1.3939807909447e-05,0,1,0,0,2.15903447978064e-05,0,0,0,0,0,0,0,0,0,10,0.00013939807909447,2,7,1,0.000119588615163836,0.000151132413584645,0.000114995400183993,0,0,0,0,0,0,0,0,18,0.000250916542370046,2,15,1,0.000119588615163836,0.000323855171967096,0.000114995400183993,7,9.75786553661291e-05,0,4,3,0,8.63613791912257e-05,0.000344986200551978,1040,0.0144974002258249,1,540,499,5.97943075819182e-05,0.0116587861908155,0.0573827046918123,1366,0.0190417776043046,8,642,716,0.000478354460655346,0.0138610013601917,0.0823367065317387,15678,0.21854830840431,1244,12683,1751,0.0743841186319062,0.273830343070579,0.201356945722171,515,0.00717900107336521,280,200,35,0.0167424061229371,0.00431806895956128,0.00402483900643974,781,0.0108869899772781,187,499,95,0.0111815355178187,0.0107735820541054,0.0109245630174793,1544,0.0215230634121862,347,993,204,0.0207486247309256,0.0214392123842218,0.0234590616375345,9032,0.125904345038125,2321,5651,1060,0.138782587897632,0.122007038452404,0.121895124195032,7265,0.101272704462133,2283,4585,397,0.136510404209519,0.0989917308979424,0.0456531738730451,15002,0.209124998257524,5148,8388,1466,0.307821095431715,0.181099812164,0.168583256669733,14742,0.205500648201068,42,9479,5221,0.00251136091844056,0.204654878338407,0.600390984360626,65,0.000906087514114056,0,27,38,0,0.000582939309540773,0.00436982520699172,419,0.0058407795140583,0,219,200,0,0.00472828551071961,0.0229990800367985,935,0.013033720395333,1,498,436,5.97943075819182e-05,0.0107519917093076,0.0501379944802208,31,0.000432134045192857,0,10,21,0,0.000215903447978064,0.00241490340386385,15940,0.222200538076585,88,10171,5681,0.0052618990672088,0.219595396938489,0.653288868445262,16319,0.227483725274266,114,10466,5739,0.00681655106433867,0.225964548653842,0.659958601655934,1243,0.0173271812314426,21,756,466,0.00125568045922028,0.0163223006671417,0.0535878564857406,6176,0.0860922536487447,50,4124,2002,0.00298971537909591,0.0890385819461537,0.230220791168353
"21213",146874,31733,399,0.00271661424077781,198,187,14,0.00564166856621837,0.00183484438164763,0.00141959034678564,36,0.000245108051799502,3,28,5,8.54798267608844e-05,0.0002747360571451,0.000506996552423443,3,2.04256709832918e-05,1,1,1,2.84932755869615e-05,9.81200204089643e-06,0.000101399310484689,0,0,0,0,0,0,0,0,24,0.000163405367866334,3,21,0,8.54798267608844e-05,0.000206052042858825,0,2,1.36171139888612e-05,0,1,1,0,9.81200204089643e-06,0.000101399310484689,44,0.000299576507754946,5,32,7,0.000142466377934807,0.000313984065308686,0.000709795173392821,17,0.00011574546890532,0,12,5,0,0.000117744024490757,0.000506996552423443,2115,0.0144000980432207,6,1490,619,0.000170959653521769,0.0146198830409357,0.0627661731900223,2635,0.0179405476803246,7,1555,1073,0.00019945292910873,0.0152576631735939,0.108801460150071,33509,0.228147936326375,3019,28524,1966,0.0860211989970367,0.27987754621453,0.199351044412898,896,0.00610046706700982,413,448,35,0.0117677228174151,0.0043957769143216,0.0035489758669641,1004,0.00683579122240832,214,714,76,0.00609756097560976,0.00700576945720005,0.00770634759683634,2587,0.017613736944592,488,1846,253,0.0139047184864372,0.0181129557674948,0.0256540255526262,23243,0.15825129022155,6795,14792,1656,0.193611807613403,0.14513913418894,0.167917258162644,19389,0.132011111565015,6739,11998,652,0.192016184180533,0.117724400486675,0.066112350436017,34911,0.237693533232567,11986,20810,2115,0.34152040118532,0.204187762471055,0.214459541675117,28261,0.192416629219603,148,22227,5886,0.0042170047868703,0.218091369363005,0.596836341512878,104,0.000708089927420782,1,64,39,2.84932755869615e-05,0.000627968130617371,0.00395457310890286,471,0.00320683034437681,7,322,142,0.00019945292910873,0.00315946465716865,0.0143987020888258,1792,0.0122009341340196,4,1187,601,0.000113973102347846,0.0116468464225441,0.0609409856012979,48,0.000326810735732669,0,25,23,0,0.000245300051022411,0.00233218414114784,29828,0.203085638029876,241,23359,6228,0.00686687941645772,0.2291985556733,0.631514905698641,30392,0.206925664174735,299,23786,6307,0.00851948940050148,0.233388280544762,0.639525451226932,1675,0.0114043329656713,27,1249,399,0.00076931844084796,0.0122551905490796,0.0404583248833908,12541,0.0853861132671542,138,9609,2794,0.00393207203100068,0.0942835276109737,0.28330967349422
"21214",47268,20790,158,0.00334264195650334,68,83,7,0.00645344974850527,0.00257595977778467,0.00155210643015521,10,0.000211559617500212,3,6,1,0.000284711018316409,0.000186213959839856,0.000221729490022173,0,0,0,0,0,0,0,0,1,2.11559617500212e-05,0,1,0,0,3.10356599733093e-05,0,7,0.000148091732250148,1,6,0,9.49036727721363e-05,0.000186213959839856,0,1,2.11559617500212e-05,0,1,0,0,3.10356599733093e-05,0,16,0.000338495388000338,3,10,3,0.000284711018316409,0.000310356599733093,0.000665188470066519,5,0.000105779808750106,0,4,1,0,0.000124142639893237,0.000221729490022173,661,0.013984090716764,4,403,254,0.000379614691088545,0.0125073709692437,0.0563192904656319,940,0.0198866040450199,12,501,427,0.00113884407326564,0.015548865646628,0.0946784922394679,10606,0.224380130320724,798,8744,1064,0.0757331308721648,0.271375810806617,0.235920177383592,364,0.0077007700770077,199,145,20,0.0188858308816551,0.00450017069612985,0.00443458980044346,536,0.0113395954980113,81,417,38,0.00768719749454304,0.01294187020887,0.00842572062084257,1070,0.0226368790725226,177,801,92,0.0167979500806681,0.0248595636386208,0.0203991130820399,5863,0.124037403740374,1478,3805,580,0.140267628357217,0.118090686198442,0.12860310421286,4511,0.0954345434543454,1458,2900,153,0.138369554901775,0.0900034139225971,0.0339246119733925,9868,0.208767030549209,3262,5829,777,0.309575780582709,0.18090686198442,0.172283813747228,9704,0.205297452822205,35,6929,2740,0.00332162854702477,0.21504608795506,0.607538802660754,40,0.000846238470000846,0,22,18,0,0.000682784519412805,0.00399113082039911,277,0.00586020140475586,2,160,115,0.000189807345544273,0.00496570559572949,0.0254988913525499,592,0.0125243293560125,0,313,279,0,0.00971416157164582,0.0618625277161862,24,0.000507743082000508,0,17,7,0,0.000527606219546259,0.00155210643015521,10490,0.221926038757722,66,7429,2995,0.00626364240296099,0.230563917941715,0.664079822616408,10737,0.227151561309977,89,7622,3026,0.00844642687672013,0.236553800316564,0.670953436807095,820,0.0173478886350173,9,516,295,0.000854133054949227,0.0160144005462276,0.065410199556541,4154,0.0878818651095879,70,2975,1109,0.00664325709404954,0.0923310884205953,0.24589800443459
"21215",218381,59404,597,0.00273375431012771,283,290,24,0.00613483633210492,0.00195627390532983,0.000999583506872137,43,0.000196903576776368,5,34,4,0.000108389334489486,0.000229356250969705,0.000166597251145356,5,2.28957647414381e-05,2,2,1,4.33557337957945e-05,1.34915441746885e-05,4.1649312786339e-05,2,9.15830589657525e-06,1,1,0,2.16778668978972e-05,6.74577208734426e-06,0,38,0.00017400781203493,14,20,4,0.000303490136570561,0.000134915441746885,0.000166597251145356,1,4.57915294828763e-06,0,1,0,0,6.74577208734426e-06,0,55,0.000251853412155819,8,41,6,0.000173422935183178,0.000276576655581115,0.000249895876718034,24,0.000109899670758903,1,19,4,2.16778668978972e-05,0.000128169669659541,0.000166597251145356,2506,0.0114753572884088,4,1580,922,8.6711467591589e-05,0.0106583198980039,0.0384006663890046,2847,0.0130368484437749,25,1584,1238,0.000541946672447431,0.0106853029863533,0.0515618492294877,36027,0.164973143267958,2372,30329,3326,0.0514199002818123,0.204592521637064,0.138525614327364,1382,0.0063283893745335,778,530,74,0.0168653804465641,0.00357525920629246,0.00308204914618909,1625,0.00744112354096739,396,1060,169,0.00858443529156731,0.00715051841258491,0.0070387338608913,4556,0.0208626208323984,870,3068,618,0.0188597442011706,0.0206960287639722,0.0257392753019575,22112,0.101254229992536,5217,14518,2377,0.11309343160633,0.0979351191640639,0.0990004164931279,16654,0.0762612132007821,5124,10630,900,0.111077389984825,0.0717075572884694,0.0374843815077051,38541,0.176485133779953,13317,21955,3269,0.288684153479298,0.148103426177643,0.136151603498542,34055,0.155943053653935,132,23717,10206,0.00286147843052244,0.159989476595544,0.425072886297376,81,0.000370911388811298,0,49,32,0,0.000330542832279869,0.00133277800916285,604,0.00276580838076573,12,338,254,0.000260134402774767,0.00228007096552236,0.0105789254477301,2077,0.0095109006735934,3,1164,910,6.50336006936917e-05,0.00785207870966871,0.0379008746355685,86,0.000393807153552736,1,45,40,2.16778668978972e-05,0.000303559743930492,0.00166597251145356,36448,0.166900966659187,218,25225,11005,0.0047257749837416,0.170162100903259,0.458350687213661,37663,0.172464637491357,302,26087,11274,0.00654671580316497,0.17597695644255,0.469554352353186,1633,0.00747775676455369,25,1045,563,0.000541946672447431,0.00704933183127475,0.0234485630987089,14805,0.0677943593993983,158,10323,4324,0.00342510296986776,0.0696366052576548,0.18009162848813
"21216",138141,30037,387,0.0028014854387908,161,212,14,0.00514936352587475,0.00219974059662776,0.00133333333333333,33,0.000238886355245727,5,24,4,0.000159918121921576,0.000249027237354086,0.000380952380952381,3,2.17169413859752e-05,1,2,0,3.19836243843152e-05,2.07522697795071e-05,0,3,2.17169413859752e-05,0,3,0,0,3.11284046692607e-05,0,9,6.51508241579256e-05,2,7,0,6.39672487686305e-05,7.2632944228275e-05,0,1,7.23898046199173e-06,0,1,0,0,1.03761348897536e-05,0,39,0.000282320238017678,6,29,4,0.000191901746305891,0.000300907911802853,0.000380952380952381,19,0.000137540628777843,4,12,3,0.000127934497537261,0.000124513618677043,0.000285714285714286,2234,0.0161718823520895,5,1529,700,0.000159918121921576,0.0158651102464332,0.0666666666666667,2398,0.0173590751478562,16,1592,790,0.000511737990149044,0.0165188067444877,0.0752380952380952,32644,0.236309278201258,2170,28266,2208,0.0694044649139641,0.293291828793774,0.210285714285714,801,0.00579842335005538,412,353,36,0.0131772532463379,0.00366277561608301,0.00342857142857143,1133,0.00820176486343663,204,835,94,0.00652465937440031,0.00866407263294423,0.00895238095238095,2637,0.0190891914782722,466,1918,253,0.0149043689630909,0.0199014267185473,0.0240952380952381,20451,0.148044389428193,5363,13711,1377,0.171528177573083,0.142267185473411,0.131142857142857,17004,0.123091623775707,5307,11192,505,0.169737094607561,0.116129701686122,0.0480952380952381,31474,0.227839671060728,10336,19252,1886,0.330582741636282,0.199761348897536,0.179619047619048,25495,0.184557806878479,127,19475,5893,0.00406192029680803,0.202075226977951,0.561238095238095,75,0.00054292353464938,0,45,30,0,0.00046692607003891,0.00285714285714286,587,0.00424928153118915,3,361,223,9.59508731529457e-05,0.00374578469520104,0.0212380952380952,1600,0.0115823687391868,2,970,628,6.39672487686305e-05,0.010064850843061,0.0598095238095238,46,0.00033299310125162,0,25,21,0,0.000259403372243839,0.002,26826,0.19419288987339,180,20421,6225,0.00575705238917674,0.211891050583658,0.592857142857143,27477,0.198905466154147,236,20928,6313,0.00754813535469839,0.217151750972763,0.601238095238095,1322,0.00956993217075307,28,918,376,0.000895541482760826,0.00952529182879377,0.0358095238095238,10889,0.078825258250628,148,8160,2581,0.00473357640887865,0.0846692607003891,0.245809523809524
"21217",170191,36563,448,0.00263233661004401,191,239,18,0.00532968719479867,0.00193167214916712,0.00169379881434083,33,0.000193899794936277,6,25,2,0.000167424728632419,0.000202057756189029,0.000188199868260092,3,1.76272540851161e-05,0,3,0,0,2.42469307426835e-05,0,2,1.17515027234108e-05,0,1,1,0,8.08231024756116e-06,9.40999341300461e-05,32,0.000188024043574572,9,20,3,0.000251137092948629,0.000161646204951223,0.000282299802390138,1,5.87575136170538e-06,0,0,1,0,0,9.40999341300461e-05,48,0.000282036065361858,6,38,4,0.000167424728632419,0.000307127789407324,0.000376399736520184,24,0.000141018032680929,2,19,3,5.5808242877473e-05,0.000153563894703662,0.000282299802390138,2732,0.0160525527201791,9,1957,766,0.000251137092948629,0.0158170811544772,0.0720805495436153,2398,0.0140900517653695,8,1648,742,0.000223232971509892,0.0133196472879808,0.0698221511244942,44811,0.26329829426938,2665,39767,2379,0.0743644836342328,0.321409231614765,0.22386374329538,702,0.00412477745591718,290,385,27,0.00809219521723359,0.00311168944531105,0.00254069822151124,1188,0.00698039261770599,221,895,72,0.00616681083796077,0.00723366767156724,0.00677519525736332,2995,0.0175978753283076,561,2175,259,0.0156542121271312,0.0175790247884455,0.0243718829396819,25797,0.151576757877914,6464,17611,1722,0.180372240979993,0.1423375657698,0.162040086571939,21440,0.125976109194963,6406,14326,708,0.178753801936546,0.115787176606561,0.0666227533640726,38737,0.227608980498381,12075,24436,2226,0.336942266372743,0.197499333209405,0.209466453373483,30953,0.181872131898867,140,24949,5864,0.00390657700142311,0.201645558366403,0.55180201373859,77,0.000452432854851314,0,53,24,0,0.000428362443120742,0.00225839841912111,603,0.00354307807110834,2,389,212,5.5808242877473e-05,0.00314401868630129,0.0199491860355698,1693,0.0099476470553672,2,1133,558,5.5808242877473e-05,0.0091572575104868,0.0525077632445657,51,0.000299663319446974,0,36,15,0,0.000290963168912202,0.00141149901195069,32515,0.19105005552585,207,26113,6195,0.00577615313781846,0.211053367494565,0.582949091935636,33242,0.19532172676581,262,26714,6266,0.00731087981694896,0.215910835953349,0.589630187258869,1734,0.0101885528611971,27,1385,322,0.000753411278845886,0.0111939996928722,0.0303001787898748,12308,0.0723187477598698,103,9789,2416,0.00287412450818986,0.0791177350133762,0.227345440858191
"21218",173151,48815,453,0.00261621359391514,166,269,18,0.00496396638856494,0.00216811341892948,0.00115096873201611,31,0.000179034484351809,2,25,4,5.98068239586137e-05,0.000201497529640287,0.000255770829336914,4,2.31012237873301e-05,0,3,1,0,2.41797035568344e-05,6.39427073342285e-05,2,1.15506118936651e-05,0,2,0,0,1.61198023712229e-05,0,35,0.000202135708139139,9,26,0,0.000269130707813762,0.000209557430825898,0,1,5.77530594683253e-06,0,1,0,0,8.05990118561146e-06,0,45,0.000259888767607464,3,37,5,8.97102359379205e-05,0.000298216343867624,0.000319713536671143,33,0.000190585096245474,4,24,5,0.000119613647917227,0.000193437628454675,0.000319713536671143,2882,0.0166444317387714,11,1811,1060,0.000328937531772375,0.0145964810471424,0.0677792697742822,3183,0.018382798828768,17,1758,1408,0.000508358003648216,0.014169306284305,0.0900313319265938,45215,0.261130458386033,2588,39289,3338,0.0773900302024461,0.316665457681489,0.213440757081655,1018,0.00587926145387552,460,509,49,0.0137555695104811,0.00410248970347624,0.0031331926593772,1586,0.0091596352316764,330,1092,164,0.00986812595317126,0.00880141209468772,0.0104866040028135,3776,0.0218075552552396,660,2629,487,0.0197362519063425,0.0211894802169725,0.0311400984717693,25453,0.146998862264728,5580,17356,2517,0.166861038844532,0.139887644977473,0.160943794360253,20184,0.116568775230868,5443,13763,978,0.162764271403367,0.110928420017571,0.0625359677728755,38955,0.224977043158861,11087,24579,3289,0.331539128614575,0.198104311241144,0.210307564422278,37140,0.21449486286536,143,27251,9746,0.00427618791304088,0.219640367209098,0.623185625679391,91,0.000525552841161761,1,57,33,2.99034119793068e-05,0.000459414367579853,0.00211010934202954,751,0.00433725476607123,8,453,290,0.000239227295834455,0.00365113523708199,0.0185433851269263,2368,0.0136759244820994,14,1359,995,0.000418647767710296,0.010953405711246,0.0636229937975574,74,0.000427372640065607,0,37,37,0,0.000298216343867624,0.00236588017136646,39412,0.227616357976564,214,28825,10373,0.00639933016357166,0.23232665167525,0.663277703177953,40080,0.231474262349048,261,29361,10458,0.00780479052659909,0.236646758710738,0.668712833301362,2238,0.0129251347090112,34,1430,774,0.00101671600729643,0.0115256586954244,0.0494916554766929,15677,0.0905394713284936,171,11112,4394,0.00511348344846147,0.0895616219745146,0.2809642560266
"21222",125941,54771,447,0.00354928101253762,211,219,17,0.00752013685936275,0.0025342235902658,0.0014826443397872,29,0.000230266553386109,6,18,5,0.000213842754294675,0.000208292349884861,0.000436071864643293,4,3.17609039153254e-05,2,1,1,7.12809180982251e-05,1.15717972158256e-05,8.72143729286586e-05,0,0,0,0,0,0,0,0,26,0.000206445875449615,11,13,2,0.000392045049540238,0.000150433363805733,0.000174428745857317,2,1.58804519576627e-05,0,0,2,0,0,0.000174428745857317,42,0.000333489491110917,9,24,9,0.000320764131442013,0.000277723133179814,0.000784929356357928,11,8.73424857671449e-05,1,10,0,3.56404590491126e-05,0.000115717972158256,0,1926,0.0152928752352292,8,1205,713,0.0002851236723929,0.0139440156450698,0.0621838478981336,1846,0.0146576571569227,12,994,840,0.000427685508589351,0.0115023664325306,0.0732600732600733,37202,0.295392286864484,3337,31065,2800,0.118932211846889,0.359477880509622,0.244200244200244,820,0.00651098530264171,464,316,40,0.0165371729987882,0.00365668792020089,0.00348857491714635,751,0.00596310971010235,191,506,54,0.0068073276783805,0.00585532939120775,0.00470957613814757,2015,0.0159995553473452,495,1321,199,0.0176420272293107,0.0152863441221056,0.0173556602128031,15087,0.119794189342629,3251,9646,2190,0.115867132368665,0.111621555943854,0.190999476713762,9781,0.0776633502989495,3207,6140,434,0.114298952170504,0.0710508349051691,0.0378510378510378,23606,0.187436974456293,7792,13191,2623,0.277710456910685,0.152643577073955,0.228763300191872,22267,0.176805011870638,106,15434,6727,0.00377788865920593,0.178599118229052,0.586691086691087,86,0.000682859434179497,0,50,36,0,0.00057858986079128,0.00313971742543171,466,0.00370014530613541,7,235,224,0.000249483213343788,0.00271937234571901,0.0195360195360195,1675,0.0132998785145425,1,829,845,3.56404590491126e-05,0.00959301989191941,0.0736961451247165,61,0.000484353784708713,0,33,28,0,0.000381869308122244,0.00244200244200244,25163,0.199799906305333,192,17427,7544,0.00684296813742961,0.201661710080193,0.657945229373801,25643,0.203611214775172,251,17810,7582,0.00894575522132725,0.206093708413854,0.66125937554509,2957,0.0234792482194043,55,1948,954,0.00196022524770119,0.0225418609764282,0.0832025117739403,10381,0.0824274858862483,125,7422,2834,0.00445505738113907,0.0858858789358575,0.247165532879819
"21223",154267,23811,444,0.00287812688390907,195,227,22,0.00582715754243366,0.00202903214272945,0.0024644337403383,41,0.00026577297801863,5,28,8,0.000149414295959837,0.000250277092495263,0.000896157723759382,1,6.48226775655195e-06,1,0,0,2.98828591919675e-05,0,0,0,0,0,0,0,0,0,0,26,0.000168538961670351,9,15,2,0.000268945732727707,0.000134077013836748,0.000224039430939845,1,6.48226775655195e-06,0,1,0,0,8.93846758911652e-06,0,50,0.000324113387827598,9,31,10,0.000268945732727707,0.000277092495262612,0.00112019715469923,23,0.000149092158400695,0,18,5,0,0.000160892416604097,0.000560098577349614,3108,0.0201468881873635,8,2292,808,0.00023906287353574,0.0204869677142551,0.0905119300996975,2378,0.0154148327250805,14,1645,719,0.000418360028687545,0.0147037791840967,0.0805421754228744,51939,0.336682505007552,2547,46499,2893,0.0761116423619412,0.415629804426329,0.324073036854486,641,0.0041551336319498,310,315,16,0.00926368634950992,0.0028156172905717,0.00179231544751876,1330,0.0086214161162141,211,1033,86,0.00630528328950514,0.00923343701955737,0.00963369553041335,2936,0.0190319381332365,472,2163,301,0.0141047095386087,0.019333905395259,0.0337179343564467,27944,0.181140490189088,6282,19483,2179,0.18772412144394,0.174148164038757,0.244090960008962,22915,0.148541165641388,6231,15818,866,0.186200095625149,0.141388680324645,0.0970090735969531,39771,0.257806270945828,11589,25624,2558,0.346312455175711,0.229039293503522,0.286546432172062,30818,0.199770527721418,112,25290,5416,0.00334688022950036,0.226053845328757,0.606698778985101,67,0.000434311939688981,2,46,19,5.9765718383935e-05,0.00041116950909936,0.00212837459392853,534,0.00346153098199874,0,390,144,0,0.00348600235975544,0.0161308390276689,2000,0.0129645355131039,8,1329,663,0.00023906287353574,0.0118792234259359,0.0742690713565588,44,0.000285219781288286,0,33,11,0,0.000294969430440845,0.00123221687016915,32749,0.21228778675932,200,26783,5766,0.0059765718383935,0.239398977439308,0.645905679399574,33421,0.216643870691723,265,27332,5824,0.00791895768587138,0.244306196145733,0.65240282289683,1689,0.0109485502408162,26,1331,332,0.000776954338991155,0.0118971003611141,0.0371905455360143,12942,0.0838935093052954,102,10290,2550,0.00304805163758068,0.091976831492009,0.285650274448303
"21224",110122,50957,444,0.00403189190170901,250,184,10,0.00823072364522289,0.00253961243305913,0.00137061403508772,19,0.000172535914712773,3,15,1,9.87686837426747e-05,0.000207033622260255,0.000137061403508772,0,0,0,0,0,0,0,0,2,1.81616752329235e-05,0,2,0,0,2.7604482968034e-05,0,17,0.00015437423947985,6,10,1,0.000197537367485349,0.00013802241484017,0.000137061403508772,2,1.81616752329235e-05,0,2,0,0,2.7604482968034e-05,0,26,0.000236101778028005,3,22,1,9.87686837426747e-05,0.000303649312648374,0.000137061403508772,7,6.35658633152322e-05,0,7,0,0,9.6615690388119e-05,0,1268,0.0115145020976735,8,841,419,0.000263383156647132,0.0116076850880583,0.0574287280701754,1166,0.0105882566607944,26,655,485,0.00085599525910318,0.00904046817203114,0.0664747807017544,25693,0.233313960879752,2216,21664,1813,0.0729571343912557,0.299011759509744,0.248492324561404,804,0.00730099344363524,455,313,36,0.0149799170343057,0.00432010158449732,0.00493421052631579,587,0.00533045168086304,206,351,30,0.00678211628366366,0.00484458676088997,0.00411184210526316,1771,0.0160821634187537,599,1022,150,0.019720813853954,0.0141058907966654,0.0205592105263158,13017,0.118205263253483,3748,7957,1312,0.123395008889182,0.109824435488323,0.179824561403509,9664,0.0877572147254863,3716,5681,267,0.122341476262593,0.0784105338707006,0.0365953947368421,22134,0.200995259802764,9181,11330,1623,0.302265095147165,0.156379396013913,0.222450657894737,14887,0.135186429596266,101,10820,3966,0.00332521235267005,0.149340252857064,0.543585526315789,42,0.000381395179891393,0,30,12,0,0.00041406724452051,0.00164473684210526,292,0.00265160458400683,3,153,136,9.87686837426747e-05,0.0021117429470546,0.018640350877193,1063,0.00965293038629883,4,624,435,0.000131691578323566,0.00861259868602661,0.0596217105263158,36,0.000326910154192623,0,25,11,0,0.000345056037100425,0.00150767543859649,16332,0.148308239952053,179,11805,4348,0.00589319812997959,0.162935460718821,0.59594298245614,16821,0.152748769546503,245,12187,4389,0.00806610917231843,0.168207916965715,0.6015625,1569,0.0142478342202285,48,1100,421,0.00158029893988279,0.0151824656324187,0.057702850877193,6846,0.0621674143222971,84,5159,1603,0.00276552314479489,0.0712057638160437,0.219709429824561
"21225",150922,33001,492,0.00325996209962762,229,254,9,0.00583305738811483,0.00245391660547977,0.00110361741263029,34,0.000225281933714104,7,25,2,0.000178303064265519,0.000241527224948796,0.000245248313917842,6,3.97556353613125e-05,2,4,0,5.09437326472911e-05,3.86443559918074e-05,0,2,1.32518784537708e-05,0,2,0,0,1.93221779959037e-05,0,18,0.000119266906083937,7,11,0,0.000178303064265519,0.00010627197897747,0,4,2.65037569075416e-05,0,3,1,0,2.89832669938555e-05,0.000122624156958921,50,0.000331296961344271,9,38,3,0.00022924679691281,0.00036712138192217,0.000367872470876763,12,7.95112707226249e-05,0,7,5,0,6.76276229856629e-05,0.000613120784794605,1820,0.0120592093929314,7,1316,497,0.000178303064265519,0.0127139931213046,0.0609442060085837,1658,0.010985807238176,16,1018,624,0.000407549861178329,0.00983498859991498,0.0765174739423666,37446,0.248114920289951,2854,32770,1822,0.0726967064876844,0.316593886462882,0.223421213979154,783,0.00518811041465128,453,317,13,0.0115387554446114,0.00306256521235074,0.00159411404046597,1568,0.0103894727077563,361,1090,117,0.00919534374283604,0.0105305870077675,0.0143470263641937,3335,0.0220975073216628,678,2357,300,0.0172699253674317,0.0227711867681725,0.0367872470876763,22118,0.146552523820252,5800,14606,1712,0.147736824677144,0.141109865904085,0.209932556713673,16990,0.112574707464783,5720,10802,468,0.145699075371252,0.104359083355876,0.057388105456775,35436,0.234796782443911,12369,20957,2110,0.315061514557172,0.202467442130077,0.258736971183323,24968,0.165436450616875,141,19712,5115,0.00359153315163402,0.190439386327627,0.62722256284488,118,0.000781860828772478,0,79,39,0,0.000763226030838196,0.00478234212139792,379,0.00251123096698957,7,244,128,0.000178303064265519,0.00235730571550025,0.0156958920907419,1532,0.0101509388955884,0,882,650,0,0.00852108049619353,0.0797057020232986,33,0.000218655994487219,0,21,12,0,0.000202882868956989,0.00147148988350705,26898,0.178224513324764,201,21086,5611,0.00511984513105275,0.203713722610813,0.688044144696505,27415,0.181650123905064,266,21527,5622,0.00677551644208971,0.207974262858909,0.689393010423053,2074,0.0137421979565603,55,1556,463,0.0014009526478005,0.0150326544808131,0.0567749846719804,11621,0.0770000397556354,183,9110,2328,0.00466135153722713,0.0880125207713413,0.285469037400368
"21226",21124,7770,69,0.00326642681310358,36,33,0,0.00782608695652174,0.00215348472983555,0,6,0.00028403711418292,0,5,1,0,0.000326285565126599,0.000833333333333333,0,0,0,0,0,0,0,0,0,0,0,0,0,0,0,0,1,4.73395190304866e-05,0,1,0,0,6.52571130253198e-05,0,0,0,0,0,0,0,0,0,7,0.000331376633213407,0,6,1,0,0.000391542678151919,0.000833333333333333,3,0.00014201855709146,0,2,1,0,0.00013051422605064,0.000833333333333333,297,0.0140598371520545,0,226,71,0,0.0147481075437223,0.0591666666666667,226,0.01069873130089,1,148,77,0.000217391304347826,0.00965805272774732,0.0641666666666667,6512,0.308274947926529,440,5721,351,0.0956521739130435,0.373335943617854,0.2925,112,0.0053020261314145,69,39,4,0.015,0.00254502740798747,0.00333333333333333,214,0.0101306570725241,43,160,11,0.00934782608695652,0.0104411380840512,0.00916666666666667,495,0.0234330619200909,85,377,33,0.0184782608695652,0.0246019316105455,0.0275,2869,0.135817080098466,516,2081,272,0.112173913043478,0.13580005220569,0.226666666666667,1939,0.0917913274001136,504,1388,47,0.109565217391304,0.0905768728791438,0.0391666666666667,4567,0.216199583412233,1331,2908,328,0.289347826086957,0.18976768467763,0.273333333333333,3620,0.171369058890362,7,2897,716,0.00152173913043478,0.189049856434351,0.596666666666667,28,0.00132550653285363,0,20,8,0,0.0013051422605064,0.00666666666666667,68,0.00321908729407309,0,46,22,0,0.00300182719916471,0.0183333333333333,247,0.0116928612005302,0,166,81,0,0.0108326807622031,0.0675,13,0.000615413747396326,0,8,5,0,0.000522056904202558,0.00416666666666667,4033,0.190920280249953,23,3186,824,0.005,0.207909162098669,0.686666666666667,4123,0.195180836962696,39,3253,831,0.00847826086956522,0.212281388671365,0.6925,381,0.0180363567506154,5,314,62,0.00108695652173913,0.0204907334899504,0.0516666666666667,1783,0.0844063624313577,13,1412,358,0.00282608695652174,0.0921430435917515,0.298333333333333
"21227",82656,33926,288,0.00348432055749129,148,129,11,0.00620284995808885,0.00249787003330493,0.00153803131991051,18,0.000217770034843206,2,14,2,8.38222967309304e-05,0.000271086670281156,0.000279642058165548,2,2.4196670538134e-05,1,0,1,4.19111483654652e-05,0,0.000139821029082774,0,0,0,0,0,0,0,0,34,0.000411343399148277,17,14,3,0.000712489522212909,0.000271086670281156,0.000419463087248322,1,1.2098335269067e-05,0,1,0,0,1.93633335915111e-05,0,28,0.000338753387533875,4,20,4,0.000167644593461861,0.000387266671830222,0.000559284116331096,2,2.4196670538134e-05,2,0,0,8.38222967309304e-05,0,0,1347,0.0162964576074332,1,765,581,4.19111483654652e-05,0.014812950197506,0.0812360178970917,1166,0.0141066589237321,4,500,662,0.000167644593461861,0.00968166679575556,0.0925615212527964,20949,0.253448025551684,1743,17132,2074,0.0730511316010059,0.331732631089768,0.289988814317673,606,0.00733159117305459,369,213,24,0.0154652137468567,0.00412439005499187,0.00335570469798658,771,0.00932781649245064,174,536,61,0.00729253981559095,0.01037874680505,0.00852908277404922,1637,0.0198049748354626,392,1071,174,0.0164291701592624,0.0207381302765084,0.0243288590604027,10262,0.124153116531165,3142,5745,1375,0.131684828164292,0.111242351483231,0.192253914988814,7631,0.0923223964382501,3095,4163,373,0.129715004191115,0.0806095577414608,0.0521532438478747,17777,0.215072106078204,7251,8840,1686,0.303897736797988,0.171171868948958,0.235738255033557,13498,0.163303329461866,47,8793,4658,0.00196982397317686,0.170261792270157,0.651286353467561,43,0.00052022841656988,0,29,14,0,0.000561536674153822,0.00195749440715884,363,0.00439169570267131,5,167,191,0.000209555741827326,0.00323367670978236,0.0267058165548098,943,0.0114087301587302,5,414,524,0.000209555741827326,0.0080164201068856,0.0732662192393736,20,0.00024196670538134,0,8,12,0,0.000154906668732089,0.00167785234899329,14802,0.179079558652729,114,9622,5066,0.00477787091366303,0.18631399581752,0.708333333333333,15303,0.185140824622532,166,10045,5092,0.00695725062866723,0.194504685926729,0.711968680089485,2110,0.0255274874177313,29,1385,696,0.00121542330259849,0.0268182170242429,0.0973154362416107,5876,0.0710898180410375,80,4053,1743,0.00335289186923722,0.0784795910463945,0.243708053691275
"21228",63015,47806,171,0.00271363960961676,68,98,5,0.00489737126395391,0.0027364364895429,0.00037545993842457,25,0.000396730937078473,6,15,4,0.000432120993878286,0.000418842319827995,0.000300367950739656,2,3.17384749662779e-05,0,0,2,0,0,0.000150183975369828,0,0,0,0,0,0,0,0,17,0.000269777037213362,2,15,0,0.000144040331292762,0.000418842319827995,0,1,1.58692374831389e-05,0,1,0,0,2.79228213218664e-05,0,28,0.00044433864952789,6,16,6,0.000432120993878286,0.000446765141149862,0.000450551926109484,6,9.52154248988336e-05,1,4,1,7.2020165646381e-05,0.000111691285287465,7.5091987684914e-05,1546,0.0245338411489328,0,462,1084,0,0.0129003434507023,0.0813997146504468,1900,0.030151551217964,4,547,1349,0.000288080662585524,0.0152737832630609,0.101299091386949,15817,0.251003729270809,1509,10646,3662,0.108678429960389,0.297266355792589,0.274986858902155,389,0.00617313338094105,210,138,41,0.01512423478574,0.00385334934241756,0.00307877149508147,485,0.00769658017932238,95,285,105,0.00684191573640619,0.00795800407673191,0.00788465870691597,1085,0.0172181226692057,218,637,230,0.0157003961109111,0.0177868371820289,0.0172711571675302,6659,0.105673252400222,1516,3467,1676,0.109182571119914,0.0968084215229107,0.125854171359916,4667,0.0740617313338094,1480,2617,570,0.106589845156644,0.0730740233993243,0.042802432980401,11168,0.177227644211696,3522,5314,2332,0.253655023406554,0.148381872504398,0.175114515281219,15184,0.240958501943982,60,6700,8424,0.00432120993878286,0.187082902856505,0.632574904257716,42,0.000666507974291835,0,17,25,0,0.000474687962471728,0.00187729969212285,562,0.00891851146552408,4,145,413,0.000288080662585524,0.00404880909167062,0.0310129909138695,1193,0.0189320003173848,3,330,860,0.000216060496939143,0.0092145310362159,0.0645791094090261,36,0.000571292549393002,0,7,29,0,0.000195459749253065,0.00217766764286251,16779,0.266269935729588,125,7412,9242,0.00900252070579762,0.206963951637673,0.694000150183975,17198,0.272919146235023,165,7672,9361,0.0118833273316529,0.214223885181359,0.70293609671848,2782,0.0441482186780925,50,1017,1715,0.00360100828231905,0.0283975092843381,0.128782758879628,5792,0.0919146235023407,87,2941,2764,0.00626575441123515,0.082121017507609,0.207554253961102
"21229",162766,48225,523,0.00321320177432633,225,267,31,0.00561391252276753,0.00245618876776597,0.0022171363181233,46,0.000282614305198874,10,32,4,0.000249507223234113,0.000294374683777195,0.000286082105564297,3,1.84313677303614e-05,0,3,0,0,2.7597626604112e-05,0,0,0,0,0,0,0,0,0,20,0.000122875784869076,5,13,2,0.000124753611617056,0.000119589715284486,0.000143041052782148,2,1.22875784869076e-05,0,2,0,0,1.83984177360747e-05,0,59,0.000362483565363774,12,41,6,0.000299408667880935,0.000377167563589531,0.000429123158346445,24,0.000147450941842891,1,17,6,2.49507223234113e-05,0.000156386550756635,0.000429123158346445,2750,0.0168954204194979,2,1715,1033,4.99014446468225e-05,0.0157766432086841,0.0738807037619797,3221,0.0197891451531647,27,1846,1348,0.000673669502732104,0.0169817395703969,0.0964096695751681,39229,0.241014708231449,2453,33154,3622,0.0612041218593278,0.30499057081091,0.259047346588471,1106,0.00679503090325989,611,462,33,0.0152448913396043,0.00425003449703326,0.00236017737090545,1497,0.00919725249745033,255,1108,134,0.00636243419246987,0.0101927234257854,0.00958375053640395,3342,0.0205325436516226,627,2345,370,0.0156441028967789,0.0215721447955476,0.0264625947646975,24577,0.150995908236364,6366,15950,2261,0.158836298310836,0.146727381445196,0.161707910170219,20173,0.123938660408193,6275,13046,852,0.156565782579406,0.120012878892415,0.0609354884851952,38795,0.23834830369979,13291,22589,2915,0.331620050400459,0.207800929120096,0.208482334429981,33097,0.20334099259059,114,23844,9139,0.00284438234486888,0.219345936249483,0.653626090688027,67,0.000411633879311404,0,33,34,0,0.000303573892645232,0.00243169789729652,839,0.00515463917525773,6,428,405,0.000149704333940468,0.00393726139551998,0.0289658131883851,2203,0.0135347677033287,4,1157,1042,9.9802889293645e-05,0.0106434846603192,0.0745243884994994,67,0.000411633879311404,0,39,28,0,0.000358769145853457,0.00200257473895008,34926,0.214577983116867,205,25121,9600,0.00511489807629931,0.231093325973966,0.686597053354313,35706,0.219370138726761,284,25699,9723,0.0070860051398488,0.236410468699692,0.695394078100415,2494,0.0153226103731738,36,1570,888,0.000898226003642805,0.0144427579228186,0.0635102274352739,14460,0.0888391924603418,143,10276,4041,0.00356795329224781,0.0945310703279518,0.289014447146331
"21230",83671,34657,236,0.00282057104612112,103,123,10,0.00524600183355404,0.0021336016236188,0.00156543519098309,18,0.000215128300127882,5,12,1,0.000254660283182235,0.000208156255962809,0.000156543519098309,1,1.19515722293268e-05,0,0,1,0,0,0.000156543519098309,2,2.39031444586535e-05,0,1,1,0,1.73463546635675e-05,0.000156543519098309,22,0.000262934589045189,5,15,2,0.000254660283182235,0.000260195319953512,0.000313087038196619,1,1.19515722293268e-05,0,1,0,0,1.73463546635675e-05,0,24,0.000286837733503842,5,16,3,0.000254660283182235,0.000277541674617079,0.000469630557294928,8,9.56125778346141e-05,0,7,1,0,0.000121424482644972,0.000156543519098309,1053,0.0125850055574811,2,714,337,0.000101864113272894,0.0123852972297872,0.0527551659361302,1008,0.0120471848071614,5,586,417,0.000254660283182235,0.0101649638328505,0.065278647463995,20108,0.240322214387303,1230,17509,1369,0.0626464296628298,0.303717323804403,0.214308077645585,436,0.00521088549198647,253,171,12,0.0128858103290211,0.00296622664747003,0.00187852222917971,655,0.00782827981020903,134,476,45,0.0068248955892839,0.00825686481985811,0.00704445835942392,1540,0.0184054212331632,324,1070,146,0.0165019863502088,0.0185605994900172,0.0228553537883532,11564,0.138207981259935,2832,7697,1035,0.144239584394418,0.133514891845479,0.16202254226675,8779,0.10492285260126,2788,5742,249,0.141998573902414,0.0996027684782043,0.038979336255479,18473,0.220781393792353,6270,10877,1326,0.319343995110523,0.188676299675623,0.207576706324358,13542,0.161848191129543,35,10292,3215,0.00178262198227564,0.178528682197436,0.503287413901064,71,0.000848561628282201,0,42,29,0,0.000728546895869833,0.00453976205385097,285,0.00340619808535813,1,167,117,5.0932056636447e-05,0.00289684122881576,0.0183155917345022,883,0.0105532382784955,0,523,360,0,0.00907214348904578,0.0563556668753914,32,0.000382450311338457,0,17,15,0,0.000294888029280647,0.00234815278647464,14743,0.176202029376965,60,11110,3573,0.00305592339818682,0.192718000312234,0.559329993738259,15077,0.18019385450156,87,11394,3596,0.00443108892737089,0.197644365036688,0.56293049467752,1246,0.0148916589977412,32,862,352,0.0016298258123663,0.0149525577199951,0.0551033187226049,5946,0.071064048475577,43,4498,1405,0.00219007843536722,0.0780239032767264,0.219943644333125
"21231",42192,16729,147,0.00348407281001138,70,74,3,0.00785193494111049,0.00239901445892498,0.00123406005758947,10,0.000237011755783087,0,8,2,0,0.000259352914478376,0.000822706705059646,1,2.37011755783087e-05,0,1,0,0,3.24191143097971e-05,0,0,0,0,0,0,0,0,0,4,9.48047023132347e-05,0,4,0,0,0.000129676457239188,0,1,2.37011755783087e-05,0,1,0,0,3.24191143097971e-05,0,13,0.000308115282518013,0,11,2,0,0.000356610257407768,0.000822706705059646,9,0.000213310580204778,0,9,0,0,0.000291772028788173,0,602,0.0142681076981418,1,467,134,0.000112170499158721,0.0151397263826752,0.0551213492389963,436,0.0103337125521426,7,323,106,0.000785193494111049,0.0104713739220644,0.0436034553681613,10890,0.258105802047782,616,9741,533,0.0690970274817723,0.315794592491733,0.219251336898396,243,0.00575938566552901,105,126,12,0.0117779024116657,0.00408480840303443,0.00493624023035788,189,0.00447952218430034,64,118,7,0.00717891194615816,0.00382545548855605,0.00287947346770876,593,0.014054797117937,125,428,40,0.0140213123948402,0.0138753809245931,0.0164541341011929,6267,0.148535267349261,1717,4212,338,0.192596747055524,0.136549309472865,0.13903743315508,5124,0.121444823663254,1713,3309,102,0.19214806505889,0.107274849251118,0.041958041958042,9248,0.219188471748199,3120,5657,471,0.34997195737521,0.183394929650522,0.193747429041547,6230,0.147658323852863,44,5128,1058,0.00493550196298374,0.166245218180639,0.435211846976553,37,0.000876943496397421,0,29,8,0,0.000940154314984115,0.00329082682023859,109,0.00258342813803565,2,77,30,0.000224340998317443,0.00249627180185437,0.0123406005758947,409,0.00969378081152825,0,311,98,0,0.0100823445503469,0.0403126285479227,14,0.000331816458096322,0,10,4,0,0.000324191143097971,0.00164541341011929,6767,0.160385855138415,54,5538,1175,0.00605720695457095,0.179537055047656,0.483340189222542,6969,0.165173492605233,71,5712,1186,0.00796410544026921,0.185177980937561,0.48786507610037,466,0.0110447478194918,4,345,117,0.000448681996634885,0.01118459443688,0.0481283422459893,2610,0.0618600682593857,25,2124,461,0.00280426247896803,0.068858198794009,0.189633895516248
"21234",118324,69649,431,0.00364254082012102,180,220,31,0.0064998375040624,0.00295627401972641,0.00191204588910134,38,0.000321152090869139,8,23,7,0.000288881666847218,0.000309065011153216,0.000431752297539012,3,2.53541124370373e-05,0,3,0,0,4.03128275417238e-05,0,3,2.53541124370373e-05,0,3,0,0,4.03128275417238e-05,0,16,0.000135221932997532,5,11,0,0.000180551041779511,0.000147813700986321,0,1,8.45137081234576e-06,1,0,0,3.61102083559022e-05,0,0,47,0.000397214428180251,10,30,7,0.000361102083559022,0.000403128275417238,0.000431752297539012,14,0.000118319191372841,2,7,5,7.22204167118044e-05,9.40632642640221e-05,0.000308394498242151,1593,0.0134630337040668,0,731,862,0,0.00982289231100003,0.0531672114969469,2121,0.0179253574929854,12,843,1266,0.000433322500270827,0.0113279045392244,0.0780854869549127,24752,0.209188330347182,2305,18880,3567,0.0832340302603546,0.253702061329248,0.220008635045951,964,0.00814712146310131,516,393,55,0.0186328675116455,0.00528098040796581,0.00339233948066366,1287,0.010876914235489,294,849,144,0.0106164012566353,0.0114085301943078,0.00888176154937396,2592,0.0219059531456002,604,1626,362,0.0218105658469649,0.0218495525276143,0.0223277616727318,12869,0.108760690984078,3255,7489,2125,0.117538728198462,0.100634255153323,0.131067661752914,9654,0.081589533822386,3199,5828,627,0.115516556530531,0.0783143863043887,0.0386726700795658,22571,0.190755890605456,8007,11781,2783,0.289134438305709,0.158308473756349,0.171652377721581,23547,0.199004428518306,68,14136,9343,0.00245549416820135,0.189954043376602,0.576265959415284,141,0.00119164328454075,0,77,64,0,0.00103469590690424,0.00394744957749954,616,0.00520604442040499,2,278,336,7.22204167118044e-05,0.00373565535219974,0.0207241102818726,1508,0.0127446671850174,1,575,932,3.61102083559022e-05,0.00772662527883039,0.057484734472337,55,0.000464825394679017,0,23,32,0,0.000309065011153216,0.00197372478874977,26279,0.222093573577634,169,15470,10640,0.00610262521214747,0.207879814023489,0.656263492259298,26928,0.227578513234847,224,15947,10757,0.0080886866717221,0.214289553602623,0.663479923518164,2953,0.024956898008857,48,1549,1356,0.00173329000108331,0.02081485662071,0.0836365879232714,9306,0.0786484567796897,93,5882,3331,0.00335824937709891,0.0790400172001398,0.205452414728921
"21236",51455,39333,247,0.00480031095131668,116,122,9,0.00949729818241362,0.00379660173025456,0.00126635711270578,17,0.000330385773977262,4,10,3,0.000327493040772884,0.00031119686313562,0.000422119037568594,3,5.83033718783403e-05,0,3,0,0,9.33590589406859e-05,0,2,3.88689145855602e-05,0,2,0,0,6.22393726271239e-05,0,11,0.000213779030220581,1,10,0,8.18732601932209e-05,0.00031119686313562,0,0,0,0,0,0,0,0,0,25,0.000485861432319502,6,16,3,0.000491239561159325,0.000497914981016991,0.000422119037568594,9,0.000174910115635021,1,6,2,8.18732601932209e-05,0.000186718117881372,0.000281412691712396,728,0.0141482849091439,0,373,355,0,0.0116076429949586,0.0499507527789503,728,0.0141482849091439,8,303,417,0.000654986081545767,0.00942926495300927,0.0586745462220346,11091,0.215547565834224,1012,8582,1497,0.0828557393155396,0.267069147942989,0.210637399746729,403,0.00783208628899038,255,123,25,0.0208776813492713,0.00382772141656812,0.00351765864640495,317,0.00616072296181129,91,180,46,0.0074504666775831,0.00560154353644115,0.00647249190938511,808,0.0157030414925663,242,463,103,0.0198133289667595,0.0144084147631792,0.0144927536231884,4899,0.0952094062773297,1321,2680,898,0.108154576715245,0.083400759320346,0.126354298578866,3605,0.0700612185404723,1307,2010,288,0.10700835107254,0.0625505694902595,0.0405234276065851,8639,0.167894276552327,3337,4143,1159,0.273211069264778,0.128928860397087,0.163078654847334,9934,0.193061898746478,44,5759,4131,0.00360242344850172,0.179218273479803,0.581257914731954,61,0.00118550189485959,0,33,28,0,0.00102694964834754,0.00393977768397355,222,0.00431444951899718,3,98,121,0.000245619780579663,0.00304972925872907,0.0170254678486,514,0.00998931104848897,0,145,369,0,0.00451235451546648,0.0519206416209371,18,0.000349820231270042,0,10,8,0,0.00031119686313562,0.00112565076684958,11204,0.217743659508308,101,6417,4686,0.00826919927951531,0.199695027074127,0.659349936682144,11488,0.223263045379458,137,6638,4713,0.0112166366464713,0.206572477749424,0.663149008020262,1435,0.0278884462151394,28,841,566,0.00229245128541019,0.0261716561897056,0.0796397917546081,3868,0.0751724808084734,37,2441,1390,0.00302931062714917,0.0759631542914047,0.195581820740115
"21237",57839,30085,240,0.0041494493334947,128,105,7,0.0091161598176768,0.00276898734177215,0.00119088125212657,15,0.000259340583343419,4,10,1,0.0002848799943024,0.000263713080168776,0.000170125893160939,1,1.72893722228946e-05,0,1,0,0,2.63713080168776e-05,0,1,1.72893722228946e-05,0,1,0,0,2.63713080168776e-05,0,20,0.000345787444457892,5,14,1,0.000356099992878,0.000369198312236287,0.000170125893160939,0,0,0,0,0,0,0,0,23,0.000397655561126576,6,16,1,0.0004273199914536,0.000421940928270042,0.000170125893160939,6,0.000103736233337368,2,4,0,0.0001424399971512,0.000105485232067511,0,591,0.0102180189837307,1,335,255,7.12199985756e-05,0.00883438818565401,0.0433821027560395,996,0.017220214734003,13,485,498,0.0009258599814828,0.0127900843881857,0.0847226947941477,12977,0.224364183336503,1082,10732,1163,0.0770600384587992,0.283016877637131,0.197856413746172,488,0.00843721364477256,304,166,18,0.0216508795669824,0.00437763713080169,0.0030622660768969,417,0.00720966821694704,118,252,47,0.0084039598319208,0.00664556962025316,0.00799591697856414,1001,0.0173066615951175,261,619,121,0.0185884196282316,0.0163238396624473,0.0205852330724736,6427,0.111118795276544,1724,3777,926,0.122783277544334,0.0996044303797468,0.15753657706703,4538,0.0784591711474956,1703,2613,222,0.121287657574247,0.0689082278481013,0.0377679482817285,11136,0.192534449074154,4254,5747,1135,0.302969873940603,0.151555907172996,0.193092888737666,10801,0.186742509379484,55,7194,3552,0.003917099921658,0.189715189873418,0.604287172507656,72,0.00124483480004841,0,43,29,0,0.00113396624472574,0.00493365090166723,250,0.00432234305572365,2,131,117,0.0001424399971512,0.00345464135021097,0.0199047294998299,716,0.0123791905115925,1,292,423,7.12199985756e-05,0.00770042194092827,0.0719632528070772,20,0.000345787444457892,0,14,6,0,0.000369198312236287,0.00102075535896563,12090,0.209028510174796,107,7932,4051,0.0076205398475892,0.209177215189873,0.689179993194964,12315,0.212918618924947,135,8120,4060,0.009614699807706,0.214135021097046,0.690711126233413,1355,0.0234270993620222,16,830,509,0.0011395199772096,0.0218881856540084,0.086594079618918,4795,0.0829025398087795,60,3256,1479,0.004273199914536,0.0858649789029536,0.251616195985029
"21239",91243,32065,279,0.00305776881514198,97,163,19,0.00469574478385051,0.00269961410424154,0.00186146762026061,19,0.000208235152285655,7,9,3,0.000338868180277872,0.000149058447473459,0.000293915940041148,2,2.19194897142795e-05,0,2,0,0,3.31240994385465e-05,0,2,2.19194897142795e-05,0,2,0,0,3.31240994385465e-05,0,31,0.000339752090571331,10,21,0,0.00048409740039696,0.000347803044104738,0,0,0,0,0,0,0,0,0,27,0.000295913111142773,8,16,3,0.000387277920317568,0.000264992795508372,0.000293915940041148,8,8.76779588571178e-05,1,6,1,4.8409740039696e-05,9.93722983156395e-05,9.79719800137161e-05,1320,0.0144668632114244,1,648,671,4.8409740039696e-05,0.0107322082180891,0.0657391985892035,1841,0.0201768902819942,20,916,905,0.00096819480079392,0.0151708375428543,0.0886646419124131,19118,0.209528402178797,1636,15572,1910,0.0791983347049426,0.257904238228523,0.187126481826198,704,0.00771566037942637,369,295,40,0.0178631940746478,0.00488580466718561,0.00391887920054864,1224,0.013414727705139,201,883,140,0.00973035774797889,0.0146242899021183,0.0137160772019203,2277,0.0249553390397072,409,1551,317,0.0197995836762357,0.0256877391145928,0.031057117664348,12108,0.132700590730248,3381,7308,1419,0.163673331074212,0.121035459348449,0.139022239639463,9811,0.107526056793398,3309,6037,465,0.160187829791354,0.0999850941552527,0.045556970706378,20695,0.226811919818507,6888,11802,2005,0.333446289393426,0.195465310786863,0.196433819927501,20048,0.219720964895937,84,13214,6750,0.00406641816333446,0.218850924990477,0.661310865092584,83,0.000909658823142597,0,43,40,0,0.00071216813792875,0.00391887920054864,560,0.00613745711999825,1,250,309,4.8409740039696e-05,0.00414051242981831,0.0302733418242383,1191,0.0130530561248534,2,542,647,9.6819480079392e-05,0.0089766309478461,0.0633878710688743,42,0.000460309283999868,0,28,14,0,0.000463737392139651,0.00137160772019203,21316,0.23361792137479,155,13960,7201,0.00750350970615288,0.231206214081055,0.705496228078769,21727,0.238122376511075,191,14263,7273,0.00924626034758193,0.236224515145994,0.712550210639757,1446,0.015847791063424,30,918,498,0.00145229220119088,0.0152039616422928,0.0487900460468306,9084,0.0995583222822573,123,5750,3211,0.00595439802488261,0.0952317858858212,0.314588027824042
"21251",301,881,1,0.00332225913621262,0,1,0,0,0.00561797752808989,0,0,0,0,0,0,0,0,0,0,0,0,0,0,0,0,0,0,0,0,0,0,0,0,0,0,0,0,0,0,0,0,0,0,0,0,0,0,0,0,0,0,0,0,0,0,0,0,0,0,0,0,0,0,0,0,0,1,0.00332225913621262,0,1,0,0,0.00561797752808989,0,4,0.0132890365448505,0,4,0,0,0.0224719101123595,0,50,0.166112956810631,17,33,0,0.139344262295082,0.185393258426966,0,4,0.0132890365448505,2,2,0,0.0163934426229508,0.0112359550561798,0,4,0.0132890365448505,2,2,0,0.0163934426229508,0.0112359550561798,0,5,0.0166112956810631,3,2,0,0.0245901639344262,0.0112359550561798,0,22,0.0730897009966777,8,14,0,0.0655737704918033,0.0786516853932584,0,20,0.0664451827242525,7,13,0,0.0573770491803279,0.0730337078651685,0,48,0.159468438538206,21,27,0,0.172131147540984,0.151685393258427,0,23,0.0764119601328904,0,23,0,0,0.129213483146067,0,0,0,0,0,0,0,0,0,3,0.00996677740863787,0,3,0,0,0.0168539325842697,0,0,0,0,0,0,0,0,0,0,0,0,0,0,0,0,0,24,0.079734219269103,0,24,0,0,0.134831460674157,0,26,0.0863787375415282,1,25,0,0.00819672131147541,0.140449438202247,0,1,0.00332225913621262,0,1,0,0,0.00561797752808989,0,20,0.0664451827242525,5,15,0,0.040983606557377,0.0842696629213483,0
