"ZIPCODE","total_count","population","urticaria_count","urticaria_prev","urticaria_percap","heat_exhaustion_count","heat_exhaustion_prev","heat_exhaustion_percap","heat_syncope_count","heat_syncope_prev","heat_syncope_percap","heat_cramps_count","heat_cramps_prev","heat_cramps_percap","carbon_monoxide_count","carbon_monoxide_prev","carbon_monoxide_percap","heatstroke_count","heatstroke_prev","heatstroke_percap","all_effects_heat_count","all_effects_heat_prev","all_effects_heat_percap","hypothermia_count","hypothermia_prev","hypothermia_percap","osteoarthritis_count","osteoarthritis_prev","osteoarthritis_percap","kidney_disease_count","kidney_disease_prev","kidney_disease_percap","mental_illness_count","mental_illness_prev","mental_illness_percap","influenza_count","influenza_prev","influenza_percap","acute_bronchitis_count","acute_bronchitis_prev","acute_bronchitis_percap","bronchitis_count","bronchitis_prev","bronchitis_percap","copd_count","copd_prev","copd_percap","asthma_count","asthma_prev","asthma_percap","respiratory_count","respiratory_prev","respiratory_percap","hypertension_count","hypertension_prev","hypertension_percap","heart_attack_count","heart_attack_prev","heart_attack_percap","cerebrovascular_disease_count","cerebrovascular_disease_prev","cerebrovascular_disease_percap","congestive_artery_disease_count","congestive_artery_disease_prev","congestive_artery_disease_percap","angina_pectoris_count","angina_pectoris_prev","angina_pectoris_percap","heart_disease_count","heart_disease_prev","heart_disease_percap","circulatory_count","circulatory_prev","circulatory_percap","thyroid_count","thyroid_prev","thyroid_percap","diabetes_count","diabetes_prev","diabetes_percap"
"CITYWIDE",2903633,34010,8979,0.00309233294979083,0.00878013005427077,659,0.000226957056900786,0.000644404243876204,68,2.34189375861206e-05,6.64939128734171e-05,36,1.2398261075005e-05,3.52026597565149e-05,513,0.000176675220318821,0.000501637901530338,27,9.29869580625375e-06,2.64019948173862e-05,912,0.000314089280566793,0.000891800713831712,366,0.000126048987595884,0.000357893707524569,42494,0.0146347696144795,0.0415528284359263,46076,0.0158683965914425,0.0450554930816995,685597,0.236116961062228,0.670412164474649,17987,0.00619465338766986,0.0175886178066787,23633,0.00813911399959981,0.0231095682784922,55862,0.019238657226998,0.0546247494255121,384457,0.132405507169811,0.375941915611402,301047,0.103679425051306,0.294379308658876,614614,0.211670689787587,0.601001320099741,532975,0.183554533234744,0.521170488436904,1913,0.000658829817680127,0.00187063022539481,11790,0.00406043050206414,0.0115288710702586,34183,0.0117724932868582,0.0334259032904708,1118,0.0003850348856071,0.00109323815577177,574224,0.197760529653713,0.561505891556251,588085,0.202534204563731,0.575059893414169,43854,0.0151031483662019,0.0428827066933946,228200,0.0785911993698928,0.223145748789909
"21201",76422,16595,180,0.00235534270236319,0.000176013298782575,17,0.000222449033000968,1.66234782183543e-05,2,2.61704744707022e-05,1.95570331980639e-06,3,3.92557117060532e-05,2.93355497970958e-06,15,0.000196278558530266,1.46677748985479e-05,0,0,0,32,0.000418727591531234,3.12912531169022e-05,27,0.000353301405354479,2.64019948173862e-05,1433,0.0187511449582581,0.00140126142864128,1197,0.0156630289707152,0.00117048843690412,24163,0.316178587317788,0.0236278296582408,264,0.00345450263013268,0.000258152838214443,419,0.0054827144016121,0.000409719845499438,1182,0.015466750412185,0.00115582066200557,11402,0.149197874957473,0.0111494646262162,8727,0.114194865352909,0.00853371143597516,16518,0.216141948653529,0.0161521537182809,14792,0.193556829185313,0.014464381753288,41,0.000536494726649394,4.00919180560309e-05,319,0.00417419067807699,0.000311934679509118,747,0.00977467221480726,0.000730455189947685,34,0.000444898066001937,3.32469564367086e-05,15605,0.204195127057654,0.0152593751527893,16044,0.209939546203973,0.0156886520314868,822,0.0107560650074586,0.000803794064440424,6208,0.0812331527570595,0.00607050310467902
"21202",82496,21788,178,0.00215768037238169,0.000174057595462768,24,0.000290923196276183,2.34684398376766e-05,0,0,0,0,0,0,7,8.48525989138867e-05,6.84496161932235e-06,0,0,0,33,0.000400019394879752,3.22691047768054e-05,38,0.000460628394103957,3.71583630763213e-05,1374,0.0166553529868115,0.00134356818070699,1052,0.0127521334367727,0.00102869994621816,22037,0.26712810318076,0.0215489170292867,345,0.00418202094647013,0.000337358822666601,392,0.00475174553917766,0.000383317850682052,1264,0.015321955003879,0.00123600449811764,10580,0.128248642358417,0.0103456705617758,8244,0.0999321179208689,0.00806140908424192,16400,0.198797517455392,0.0160367672224124,13544,0.164177657098526,0.0132440228817288,57,0.000690942591155935,5.5737544614482e-05,270,0.00327288595810706,0.000264019948173862,876,0.0106186966640807,0.000856598054075197,26,0.000315166795965865,2.5424143157483e-05,14482,0.175547905352987,0.014161247738718,14858,0.180105702094647,0.0145289199628416,637,0.00772158650116369,0.000622891507358334,5656,0.0685608999224205,0.00553072898841246
"21205",74049,14766,231,0.00311955596969574,0.000225883733437638,10,0.000135045712973842,9.77851659903193e-06,6,8.1027427784305e-05,5.86710995941916e-06,3,4.05137138921525e-05,2.93355497970958e-06,6,8.1027427784305e-05,5.86710995941916e-06,0,0,0,18,0.000243082283352915,1.76013298782575e-05,6,8.1027427784305e-05,5.86710995941916e-06,930,0.0125592513065673,0.000909402043709969,1091,0.0147334872854461,0.00106683616095438,16859,0.2276735675026,0.0164856011343079,475,0.00641467136625748,0.000464479538454017,377,0.00509122337911383,0.000368650075783504,1130,0.0152601655660441,0.00110497237569061,11456,0.154708368782833,0.011202268615851,9367,0.126497319342597,0.00915953649831321,17120,0.231198260611217,0.0167408204175427,11811,0.159502491593404,0.0115494059551166,50,0.000675228564869208,4.88925829951596e-05,199,0.00268740968817945,0.000194592480320735,1025,0.0138421855798188,0.00100229795140077,34,0.000459155424111062,3.32469564367086e-05,12761,0.172331834325919,0.0124783650320246,13066,0.176450728571622,0.0127766097882951,855,0.0115464084592635,0.00083606316921723,5058,0.0683061216221691,0.00494597369579035
"21206",147033,51287,524,0.00356382580781185,0.000512394269789273,29,0.000197234634401801,2.83576981371926e-05,5,3.40059714485864e-05,4.88925829951596e-06,2,1.36023885794345e-05,1.95570331980639e-06,19,0.000129222691504628,1.85791815381607e-05,3,2.04035828691518e-05,2.93355497970958e-06,42,0.000285650160168126,4.10697697159341e-05,9,6.12107486074555e-05,8.80066493912873e-06,1713,0.0116504458182857,0.00167505989341417,2411,0.0163976794325083,0.0023576003520266,30402,0.206769908795985,0.0297286461643769,1124,0.00764454238164222,0.00109910526573119,1379,0.00937884692552012,0.0013484574390065,2909,0.0197846741887876,0.00284457047865839,20088,0.136622390891841,0.0196430841441353,16544,0.112518958329083,0.0161775778614384,32923,0.223915719600362,0.0321938101989928,27043,0.183924697176824,0.026444042438762,93,0.000632511068943707,9.09402043709969e-05,657,0.00446838464834425,0.000642448540556398,1635,0.0111199526636877,0.00159878746394172,52,0.000353662103065298,5.0848286314966e-05,29088,0.197833139499296,0.0284437490832641,29773,0.202491957587752,0.0291135774702978,2082,0.0141600865111914,0.00203588715591845,12063,0.0820428067168595,0.0117958245734122
"21207",122574,48243,385,0.00314095974676522,0.000376472889062729,22,0.00017948341410087,2.15127365178702e-05,5,4.07916850229249e-05,4.88925829951596e-06,1,8.15833700458498e-06,9.77851659903193e-07,33,0.000269225121151305,3.22691047768054e-05,1,8.15833700458498e-06,9.77851659903193e-07,33,0.000269225121151305,3.22691047768054e-05,4,3.26333480183399e-05,3.91140663961277e-06,1455,0.0118703803416712,0.00142277416515915,2141,0.0174669995268165,0.00209358040385274,18868,0.15393150260251,0.0184501051190534,903,0.00736697831514024,0.000883000048892583,1068,0.00871310392089676,0.00104434557277661,2598,0.0211953595379118,0.00254045861242849,12371,0.100926787083721,0.0120970028846624,9715,0.0792582439995431,0.00949982887595952,22223,0.181302723252892,0.0217307974380287,21247,0.173340186336417,0.0207764142179631,55,0.000448708535252174,5.37818412946756e-05,476,0.00388336841418245,0.00046545739011392,1416,0.0115522051984923,0.00138463795042292,48,0.000391600176220079,4.69368796753533e-05,22595,0.184337624618598,0.0220945582555126,23335,0.190374794001991,0.022818168483841,1525,0.0124414639319921,0.00149122378135237,9252,0.0754809339664203,0.00904708355742434
"21208",52708,36797,161,0.00305456477195113,0.000157434117244414,13,0.000246641875996054,1.27120715787415e-05,2,3.79449039993929e-05,1.95570331980639e-06,0,0,0,3,5.69173559990893e-05,2.93355497970958e-06,0,0,0,20,0.000379449039993929,1.95570331980639e-05,5,9.48622599984822e-05,4.88925829951596e-06,562,0.0106625180238294,0.000549552632865594,821,0.0155763830917508,0.000802816212780521,7221,0.137000075889808,0.00706106683616095,327,0.00620399180390074,0.000319757492788344,362,0.00686802762389011,0.000353982300884956,959,0.0181945814677089,0.000937759741847162,3818,0.072436821734841,0.00373343763751039,2794,0.0530090308871519,0.00273211753776952,7288,0.138271230173788,0.00712658289737447,9618,0.18247704333308,0.00940497726494891,73,0.00138498899597784,7.13831711729331e-05,264,0.00500872732791986,0.000258152838214443,529,0.0100364271078394,0.000517283528088789,34,0.000645063367989679,3.32469564367086e-05,10573,0.20059573499279,0.0103388256001565,10964,0.208013963724672,0.0107211655991786,986,0.0187068376717007,0.000964161736664548,3701,0.0702170448508765,0.00361902899330172
"21209",27921,27462,85,0.00304430357078901,8.31173910917714e-05,7,0.000250707352888507,6.84496161932235e-06,0,0,0,0,0,0,5,0.000179076680634648,4.88925829951596e-06,0,0,0,11,0.000393968697396225,1.07563682589351e-05,0,0,0,261,0.00934780272912861,0.000255219283234733,353,0.0126428136528061,0.000345181635945827,3822,0.136886214677125,0.00373734904415,186,0.0066616525196089,0.000181880408741994,176,0.0063034991583396,0.000172101892142962,445,0.0159378245764836,0.000435143988656921,1795,0.0642885283478385,0.00175524372952623,1330,0.0476343970488163,0.00130054270767125,3751,0.134343325812113,0.00366792157629688,4569,0.163640270763941,0.00446780423409769,12,0.000429784033523155,1.17342199188383e-05,113,0.00404713298234304,0.000110497237569061,287,0.0102790014684288,0.000280643426392216,16,0.000573045378030873,1.56456265584511e-05,5120,0.183374520969879,0.00500660049870435,5319,0.190501772859138,0.00520119297902508,463,0.0165825006267684,0.000452745318535178,1554,0.0556570323412485,0.00151958147948956
"21210",8900,15258,30,0.00337078651685393,2.93355497970958e-05,2,0.000224719101123596,1.95570331980639e-06,0,0,0,0,0,0,0,0,0,0,0,0,2,0.000224719101123596,1.95570331980639e-06,1,0.000112359550561798,9.77851659903193e-07,158,0.017752808988764,0.000154500562264704,110,0.0123595505617978,0.000107563682589351,1591,0.17876404494382,0.00155576199090598,53,0.00595505617977528,5.18261379748692e-05,41,0.00460674157303371,4.00919180560309e-05,100,0.0112359550561798,9.77851659903193e-05,603,0.067752808988764,0.000589644550921625,416,0.0467415730337079,0.000406786290519728,1119,0.125730337078652,0.00109421600743167,1594,0.179101123595506,0.00155869554588569,15,0.00168539325842697,1.46677748985479e-05,64,0.00719101123595506,6.25825062338043e-05,88,0.0098876404494382,8.6050946071481e-05,11,0.00123595505617978,1.07563682589351e-05,1891,0.21247191011236,0.00184911748887694,1952,0.219325842696629,0.00190876644013103,241,0.0270786516853933,0.000235662250036669,415,0.0466292134831461,0.000405808438859825
"21211",29949,16436,82,0.00273798791278507,8.01838361120618e-05,3,0.000100170289492137,2.93355497970958e-06,0,0,0,3,0.000100170289492137,2.93355497970958e-06,7,0.000233730675481652,6.84496161932235e-06,0,0,0,7,0.000233730675481652,6.84496161932235e-06,5,0.000166950482486894,4.88925829951596e-06,488,0.0162943670907209,0.000477191610032758,438,0.0146248622658519,0.000428299027037598,8371,0.279508497779559,0.00818559624504963,129,0.00430732244816188,0.000126142864127512,270,0.0090153260542923,0.000264019948173862,678,0.0226384854252229,0.000662983425414365,3704,0.123676917426291,0.00362196254828143,2172,0.0725232895923069,0.00212389380530973,5720,0.190991351965007,0.00559331149464626,5943,0.198437343483923,0.00581137241480467,26,0.000868142508931851,2.5424143157483e-05,168,0.00560953621155965,0.000164279078863736,446,0.014891983037831,0.000436121840316824,12,0.000400681157968547,1.17342199188383e-05,6545,0.218538181575345,0.0064000391140664,6704,0.223847206918428,0.006555517527991,620,0.0207018598283749,0.000606268029139979,2413,0.0805703028481752,0.0023595560553464
"21212",71737,34010,222,0.00309463735589724,0.000217083068498509,11,0.000153337887003917,1.07563682589351e-05,1,1.3939807909447e-05,9.77851659903193e-07,0,0,0,10,0.00013939807909447,9.77851659903193e-06,0,0,0,18,0.000250916542370046,1.76013298782575e-05,7,9.75786553661291e-05,6.84496161932235e-06,1040,0.0144974002258249,0.00101696572629932,1366,0.0190417776043046,0.00133574536742776,15678,0.21854830840431,0.0153307583239623,515,0.00717900107336521,0.000503593604850144,781,0.0108869899772781,0.000763702146384394,1544,0.0215230634121862,0.00150980296289053,9032,0.125904345038125,0.00883195619224564,7265,0.101272704462133,0.00710409230919669,15002,0.209124998257524,0.0146697306018677,14742,0.205500648201068,0.0144154891702929,65,0.000906087514114056,6.35603578937075e-05,419,0.0058407795140583,0.000409719845499438,935,0.013033720395333,0.000914291302009485,31,0.000432134045192857,3.0313401456999e-05,15940,0.222200538076585,0.0155869554588569,16319,0.227483725274266,0.0159575612379602,1243,0.0173271812314426,0.00121546961325967,6176,0.0860922536487447,0.00603921185156212
"21213",146874,31733,399,0.00271661424077781,0.000390162812301374,36,0.000245108051799502,3.52026597565149e-05,3,2.04256709832918e-05,2.93355497970958e-06,0,0,0,24,0.000163405367866334,2.34684398376766e-05,2,1.36171139888612e-05,1.95570331980639e-06,44,0.000299576507754946,4.30254730357405e-05,17,0.00011574546890532,1.66234782183543e-05,2115,0.0144000980432207,0.00206815626069525,2635,0.0179405476803246,0.00257663912384491,33509,0.228147936326375,0.0327668312716961,896,0.00610046706700982,0.000876155087273261,1004,0.00683579122240832,0.000981763066542805,2587,0.017613736944592,0.00252970224416956,23243,0.15825129022155,0.0227282061311299,19389,0.132011111565015,0.018959565833863,34911,0.237693533232567,0.0341377792988804,28261,0.192416629219603,0.0276350657605241,104,0.000708089927420782,0.000101696572629932,471,0.00320683034437681,0.000460568131814404,1792,0.0122009341340196,0.00175231017454652,48,0.000326810735732669,4.69368796753533e-05,29828,0.203085638029876,0.0291673593115924,30392,0.206925664174735,0.0297188676477778,1675,0.0114043329656713,0.00163790153033785,12541,0.0853861132671542,0.0122632376668459
"21214",47268,20790,158,0.00334264195650334,0.000154500562264704,10,0.000211559617500212,9.77851659903193e-06,0,0,0,1,2.11559617500212e-05,9.77851659903193e-07,7,0.000148091732250148,6.84496161932235e-06,1,2.11559617500212e-05,9.77851659903193e-07,16,0.000338495388000338,1.56456265584511e-05,5,0.000105779808750106,4.88925829951596e-06,661,0.013984090716764,0.00064635994719601,940,0.0198866040450199,0.000919180560309001,10606,0.224380130320724,0.0103710947049333,364,0.0077007700770077,0.000355938004204762,536,0.0113395954980113,0.000524128489708111,1070,0.0226368790725226,0.00104630127609642,5863,0.124037403740374,0.00573314428201242,4511,0.0954345434543454,0.0044110888378233,9868,0.208767030549209,0.00964944017992471,9704,0.205297452822205,0.00948907250770058,40,0.000846238470000846,3.91140663961277e-05,277,0.00586020140475586,0.000270864909793184,592,0.0125243293560125,0.00057888818266269,24,0.000507743082000508,2.34684398376766e-05,10490,0.221926038757722,0.0102576639123845,10737,0.227151561309977,0.0104991932723806,820,0.0173478886350173,0.000801838361120618,4154,0.0878818651095879,0.00406199579523786
"21215",218381,59404,597,0.00273375431012771,0.000583777440962206,43,0.000196903576776368,4.20476213758373e-05,5,2.28957647414381e-05,4.88925829951596e-06,2,9.15830589657525e-06,1.95570331980639e-06,38,0.00017400781203493,3.71583630763213e-05,1,4.57915294828763e-06,9.77851659903193e-07,55,0.000251853412155819,5.37818412946756e-05,24,0.000109899670758903,2.34684398376766e-05,2506,0.0114753572884088,0.0024504962597174,2847,0.0130368484437749,0.00278394367574439,36027,0.164973143267958,0.0352290617513323,1382,0.0063283893745335,0.00135139099398621,1625,0.00744112354096739,0.00158900894734269,4556,0.0208626208323984,0.00445509216251895,22112,0.101254229992536,0.0216222559037794,16654,0.0762612132007821,0.0162851415440278,38541,0.176485133779953,0.037687380824329,34055,0.155943053653935,0.0333007382780032,81,0.000370911388811298,7.92059844521586e-05,604,0.00276580838076573,0.000590622402581528,2077,0.0095109006735934,0.00203099789761893,86,0.000393807153552736,8.40952427516746e-05,36448,0.166900966659187,0.0356407373001516,37663,0.172464637491357,0.0368288270669339,1633,0.00747775676455369,0.00159683176062191,14805,0.0677943593993983,0.0144770938248668
"21216",138141,30037,387,0.0028014854387908,0.000378428592382536,33,0.000238886355245727,3.22691047768054e-05,3,2.17169413859752e-05,2.93355497970958e-06,3,2.17169413859752e-05,2.93355497970958e-06,9,6.51508241579256e-05,8.80066493912873e-06,1,7.23898046199173e-06,9.77851659903193e-07,39,0.000282320238017678,3.81362147362245e-05,19,0.000137540628777843,1.85791815381607e-05,2234,0.0161718823520895,0.00218452060822373,2398,0.0173590751478562,0.00234488828044786,32644,0.236309278201258,0.0319209895858798,801,0.00579842335005538,0.000783259179582457,1133,0.00820176486343663,0.00110790593067032,2637,0.0190891914782722,0.00257859482716472,20451,0.148044389428193,0.0199980442966802,17004,0.123091623775707,0.0166273896249939,31474,0.227839671060728,0.0307769031437931,25495,0.184557806878479,0.0249303280692319,75,0.00054292353464938,7.33388744927394e-05,587,0.00424928153118915,0.000573998924363174,1600,0.0115823687391868,0.00156456265584511,46,0.00033299310125162,4.49811763555469e-05,26826,0.19419288987339,0.026231848628563,27477,0.198905466154147,0.02686843005916,1322,0.00956993217075307,0.00129271989439202,10889,0.078825258250628,0.0106478267246859
"21217",170191,36563,448,0.00263233661004401,0.00043807754363663,33,0.000193899794936277,3.22691047768054e-05,3,1.76272540851161e-05,2.93355497970958e-06,2,1.17515027234108e-05,1.95570331980639e-06,32,0.000188024043574572,3.12912531169022e-05,1,5.87575136170538e-06,9.77851659903193e-07,48,0.000282036065361858,4.69368796753533e-05,24,0.000141018032680929,2.34684398376766e-05,2732,0.0160525527201791,0.00267149073485552,2398,0.0140900517653695,0.00234488828044786,44811,0.26329829426938,0.043818510731922,702,0.00412477745591718,0.000686451865252041,1188,0.00698039261770599,0.00116168777196499,2995,0.0175978753283076,0.00292866572141006,25797,0.151576757877914,0.0252256392705227,21440,0.125976109194963,0.0209651395883245,38737,0.227608980498381,0.03787903974967,30953,0.181872131898867,0.0302674424289835,77,0.000452432854851314,7.52945778125458e-05,603,0.00354307807110834,0.000589644550921625,1693,0.0099476470553672,0.00165550286021611,51,0.000299663319446974,4.98704346550628e-05,32515,0.19105005552585,0.0317948467217523,33242,0.19532172676581,0.0325057448785019,1734,0.0101885528611971,0.00169559477827214,12308,0.0723187477598698,0.0120353982300885
"21218",173151,48815,453,0.00261621359391514,0.000442966801936146,31,0.000179034484351809,3.0313401456999e-05,4,2.31012237873301e-05,3.91140663961277e-06,2,1.15506118936651e-05,1.95570331980639e-06,35,0.000202135708139139,3.42248080966117e-05,1,5.77530594683253e-06,9.77851659903193e-07,45,0.000259888767607464,4.40033246956437e-05,33,0.000190585096245474,3.22691047768054e-05,2882,0.0166444317387714,0.002818168483841,3183,0.018382798828768,0.00311250183347186,45215,0.261130458386033,0.0442135628025229,1018,0.00587926145387552,0.00099545298978145,1586,0.0091596352316764,0.00155087273260646,3776,0.0218075552552396,0.00369236786779446,25453,0.146998862264728,0.024889258299516,20184,0.116568775230868,0.019736957903486,38955,0.224977043158861,0.0380922114115289,37140,0.21449486286536,0.0363174106488046,91,0.000525552841161761,8.89845010511905e-05,751,0.00433725476607123,0.000734366596587298,2368,0.0136759244820994,0.00231555273065076,74,0.000427372640065607,7.23610228328363e-05,39412,0.227616357976564,0.0385390896201046,40080,0.231474262349048,0.03919229452892,2238,0.0129251347090112,0.00218843201486335,15677,0.0905394713284936,0.0153297804723024
"21222",125941,54771,447,0.00354928101253762,0.000437099691976727,29,0.000230266553386109,2.83576981371926e-05,4,3.17609039153254e-05,3.91140663961277e-06,0,0,0,26,0.000206445875449615,2.5424143157483e-05,2,1.58804519576627e-05,1.95570331980639e-06,42,0.000333489491110917,4.10697697159341e-05,11,8.73424857671449e-05,1.07563682589351e-05,1926,0.0152928752352292,0.00188334229697355,1846,0.0146576571569227,0.00180511416418129,37202,0.295392286864484,0.0363780374517186,820,0.00651098530264171,0.000801838361120618,751,0.00596310971010235,0.000734366596587298,2015,0.0159995553473452,0.00197037109470493,15087,0.119794189342629,0.0147528479929595,9781,0.0776633502989495,0.00956436708551313,23606,0.187436974456293,0.0230831662836748,22267,0.176805011870638,0.0217738229110644,86,0.000682859434179497,8.40952427516746e-05,466,0.00370014530613541,0.000455678873514888,1675,0.0132998785145425,0.00163790153033785,61,0.000484353784708713,5.96489512540948e-05,25163,0.199799906305333,0.024605681318144,25643,0.203611214775172,0.0250750501148976,2957,0.0234792482194043,0.00289150735833374,10381,0.0824274858862483,0.010151078081455
"21223",154267,23811,444,0.00287812688390907,0.000434166136997018,41,0.00026577297801863,4.00919180560309e-05,1,6.48226775655195e-06,9.77851659903193e-07,0,0,0,26,0.000168538961670351,2.5424143157483e-05,1,6.48226775655195e-06,9.77851659903193e-07,50,0.000324113387827598,4.88925829951596e-05,23,0.000149092158400695,2.24905881777734e-05,3108,0.0201468881873635,0.00303916295897912,2378,0.0154148327250805,0.00232533124724979,51939,0.336682505007552,0.0507886373637119,641,0.0041551336319498,0.000626802913997947,1330,0.0086214161162141,0.00130054270767125,2936,0.0190319381332365,0.00287097247347577,27944,0.181140490189088,0.0273250867843348,22915,0.148541165641388,0.0224074707866817,39771,0.257806270945828,0.0388901383660099,30818,0.199770527721418,0.0301354324548966,67,0.000434311939688981,6.55160612135139e-05,534,0.00346153098199874,0.000522172786388305,2000,0.0129645355131039,0.00195570331980639,44,0.000285219781288286,4.30254730357405e-05,32749,0.21228778675932,0.0320236640101697,33421,0.216643870691723,0.0326807803256246,1689,0.0109485502408162,0.00165159145357649,12942,0.0838935093052954,0.0126553561824671
"21224",110122,50957,444,0.00403189190170901,0.000434166136997018,19,0.000172535914712773,1.85791815381607e-05,0,0,0,2,1.81616752329235e-05,1.95570331980639e-06,17,0.00015437423947985,1.66234782183543e-05,2,1.81616752329235e-05,1.95570331980639e-06,26,0.000236101778028005,2.5424143157483e-05,7,6.35658633152322e-05,6.84496161932235e-06,1268,0.0115145020976735,0.00123991590475725,1166,0.0105882566607944,0.00114017503544712,25693,0.233313960879752,0.0251239426978927,804,0.00730099344363524,0.000786192734562167,587,0.00533045168086304,0.000573998924363174,1771,0.0160821634187537,0.00173177528968855,13017,0.118205263253483,0.0127286950569599,9664,0.0877572147254863,0.00944995844130445,22134,0.200995259802764,0.0216437686402973,14887,0.135186429596266,0.0145572776609788,42,0.000381395179891393,4.10697697159341e-05,292,0.00265160458400683,0.000285532684691732,1063,0.00965293038629883,0.00103945631447709,36,0.000326910154192623,3.52026597565149e-05,16332,0.148308239952053,0.0159702733095389,16821,0.152748769546503,0.0164484427712316,1569,0.0142478342202285,0.00153424925438811,6846,0.0621674143222971,0.00669437246369726
"21225",150922,33001,492,0.00325996209962762,0.000481103016672371,34,0.000225281933714104,3.32469564367086e-05,6,3.97556353613125e-05,5.86710995941916e-06,2,1.32518784537708e-05,1.95570331980639e-06,18,0.000119266906083937,1.76013298782575e-05,4,2.65037569075416e-05,3.91140663961277e-06,50,0.000331296961344271,4.88925829951596e-05,12,7.95112707226249e-05,1.17342199188383e-05,1820,0.0120592093929314,0.00177969002102381,1658,0.010985807238176,0.00162127805211949,37446,0.248114920289951,0.036616633256735,783,0.00518811041465128,0.0007656578497042,1568,0.0103894727077563,0.00153327140272821,3335,0.0220975073216628,0.00326113528577715,22118,0.146552523820252,0.0216281230137388,16990,0.112574707464783,0.0166136997017552,35436,0.234796782443911,0.0346511514203295,24968,0.165436450616875,0.0244150002444629,118,0.000781860828772478,0.000115386495868577,379,0.00251123096698957,0.00037060577910331,1532,0.0101509388955884,0.00149806874297169,33,0.000218655994487219,3.22691047768054e-05,26898,0.178224513324764,0.0263022539480761,27415,0.181650123905064,0.026807803256246,2074,0.0137421979565603,0.00202806434263922,11621,0.0770000397556354,0.011363614139735
"21226",21124,7770,69,0.00326642681310358,6.74717645333203e-05,6,0.00028403711418292,5.86710995941916e-06,0,0,0,0,0,0,1,4.73395190304866e-05,9.77851659903193e-07,0,0,0,7,0.000331376633213407,6.84496161932235e-06,3,0.00014201855709146,2.93355497970958e-06,297,0.0140598371520545,0.000290421942991248,226,0.01069873130089,0.000220994475138122,6512,0.308274947926529,0.00636777000928959,112,0.0053020261314145,0.000109519385909158,214,0.0101306570725241,0.000209260255219283,495,0.0234330619200909,0.00048403657165208,2869,0.135817080098466,0.00280545641226226,1939,0.0917913274001136,0.00189605436855229,4567,0.216199583412233,0.00446584853077788,3620,0.171369058890362,0.00353982300884956,28,0.00132550653285363,2.73798464772894e-05,68,0.00321908729407309,6.64939128734171e-05,247,0.0116928612005302,0.000241529359996089,13,0.000615413747396326,1.27120715787415e-05,4033,0.190920280249953,0.00394367574438958,4123,0.195180836962696,0.00403168239378086,381,0.0180363567506154,0.000372561482423116,1783,0.0844063624313577,0.00174350950960739
"21227",82656,33926,288,0.00348432055749129,0.000281621278052119,18,0.000217770034843206,1.76013298782575e-05,2,2.4196670538134e-05,1.95570331980639e-06,0,0,0,34,0.000411343399148277,3.32469564367086e-05,1,1.2098335269067e-05,9.77851659903193e-07,28,0.000338753387533875,2.73798464772894e-05,2,2.4196670538134e-05,1.95570331980639e-06,1347,0.0162964576074332,0.0013171661858896,1166,0.0141066589237321,0.00114017503544712,20949,0.253448025551684,0.020485014423312,606,0.00733159117305459,0.000592578105901335,771,0.00932781649245064,0.000753923629785362,1637,0.0198049748354626,0.00160074316726153,10262,0.124153116531165,0.0100347137339266,7631,0.0923223964382501,0.00746198601672126,17777,0.215072106078204,0.0173832689580991,13498,0.163303329461866,0.0131990417053733,43,0.00052022841656988,4.20476213758373e-05,363,0.00439169570267131,0.000354960152544859,943,0.0114087301587302,0.000922114115288711,20,0.00024196670538134,1.95570331980639e-05,14802,0.179079558652729,0.0144741602698871,15303,0.185140824622532,0.0149640639514986,2110,0.0255274874177313,0.00206326700239574,5876,0.0710898180410375,0.00574585635359116
"21228",63015,47806,171,0.00271363960961676,0.000167212633843446,25,0.000396730937078473,2.44462914975798e-05,2,3.17384749662779e-05,1.95570331980639e-06,0,0,0,17,0.000269777037213362,1.66234782183543e-05,1,1.58692374831389e-05,9.77851659903193e-07,28,0.00044433864952789,2.73798464772894e-05,6,9.52154248988336e-05,5.86710995941916e-06,1546,0.0245338411489328,0.00151175866621034,1900,0.030151551217964,0.00185791815381607,15817,0.251003729270809,0.0154666797046888,389,0.00617313338094105,0.000380384295702342,485,0.00769658017932238,0.000474258055053048,1085,0.0172181226692057,0.00106096905099496,6659,0.105673252400222,0.00651151420329536,4667,0.0740617313338094,0.0045636336967682,11168,0.177227644211696,0.0109206473377989,15184,0.240958501943982,0.0148476996039701,42,0.000666507974291835,4.10697697159341e-05,562,0.00891851146552408,0.000549552632865594,1193,0.0189320003173848,0.00116657703026451,36,0.000571292549393002,3.52026597565149e-05,16779,0.266269935729588,0.0164073730015157,17198,0.272919146235023,0.0168170928470151,2782,0.0441482186780925,0.00272038331785068,5792,0.0919146235023407,0.00566371681415929
"21229",162766,48225,523,0.00321320177432633,0.00051141641812937,46,0.000282614305198874,4.49811763555469e-05,3,1.84313677303614e-05,2.93355497970958e-06,0,0,0,20,0.000122875784869076,1.95570331980639e-05,2,1.22875784869076e-05,1.95570331980639e-06,59,0.000362483565363774,5.76932479342884e-05,24,0.000147450941842891,2.34684398376766e-05,2750,0.0168954204194979,0.00268909206473378,3221,0.0197891451531647,0.00314966019654818,39229,0.241014708231449,0.0383601427663423,1106,0.00679503090325989,0.00108150393585293,1497,0.00919725249745033,0.00146384393487508,3342,0.0205325436516226,0.00326798024739647,24577,0.150995908236364,0.0240326602454408,20173,0.123938660408193,0.0197262015352271,38795,0.23834830369979,0.0379357551459444,33097,0.20334099259059,0.032363956387816,67,0.000411633879311404,6.55160612135139e-05,839,0.00515463917525773,0.000820417542658779,2203,0.0135347677033287,0.00215420720676673,67,0.000411633879311404,6.55160612135139e-05,34926,0.214577983116867,0.0341524470737789,35706,0.219370138726761,0.0349151713685034,2494,0.0153226103731738,0.00243876203979856,14460,0.0888391924603418,0.0141397350022002
"21230",83671,34657,236,0.00282057104612112,0.000230772991737153,18,0.000215128300127882,1.76013298782575e-05,1,1.19515722293268e-05,9.77851659903193e-07,2,2.39031444586535e-05,1.95570331980639e-06,22,0.000262934589045189,2.15127365178702e-05,1,1.19515722293268e-05,9.77851659903193e-07,24,0.000286837733503842,2.34684398376766e-05,8,9.56125778346141e-05,7.82281327922554e-06,1053,0.0125850055574811,0.00102967779787806,1008,0.0120471848071614,0.000985674473182418,20108,0.240322214387303,0.0196626411773334,436,0.00521088549198647,0.000426343323717792,655,0.00782827981020903,0.000640492837236591,1540,0.0184054212331632,0.00150589155625092,11564,0.138207981259935,0.0113078765951205,8779,0.10492285260126,0.00858455972229013,18473,0.220781393792353,0.0180638537133917,13542,0.161848191129543,0.013242067178409,71,0.000848561628282201,6.94274678531267e-05,285,0.00340619808535813,0.00027868772307241,883,0.0105532382784955,0.000863443015694519,32,0.000382450311338457,3.12912531169022e-05,14743,0.176202029376965,0.0144164670219528,15077,0.18019385450156,0.0147430694763604,1246,0.0148916589977412,0.00121840316823938,5946,0.071064048475577,0.00581430596978438
"21231",42192,16729,147,0.00348407281001138,0.000143744194005769,10,0.000237011755783087,9.77851659903193e-06,1,2.37011755783087e-05,9.77851659903193e-07,0,0,0,4,9.48047023132347e-05,3.91140663961277e-06,1,2.37011755783087e-05,9.77851659903193e-07,13,0.000308115282518013,1.27120715787415e-05,9,0.000213310580204778,8.80066493912873e-06,602,0.0142681076981418,0.000588666699261722,436,0.0103337125521426,0.000426343323717792,10890,0.258105802047782,0.0106488045763458,243,0.00575938566552901,0.000237617953356476,189,0.00447952218430034,0.000184813963721703,593,0.014054797117937,0.000579866034322593,6267,0.148535267349261,0.00612819635261331,5124,0.121444823663254,0.00501051190534396,9248,0.219188471748199,0.00904317215078473,6230,0.147658323852863,0.00609201584119689,37,0.000876943496397421,3.61805114164181e-05,109,0.00258342813803565,0.000106585830929448,409,0.00969378081152825,0.000399941328900406,14,0.000331816458096322,1.36899232386447e-05,6767,0.160385855138415,0.0066171221825649,6969,0.165173492605233,0.00681464821786535,466,0.0110447478194918,0.000455678873514888,2610,0.0618600682593857,0.00255219283234733
"21234",118324,69649,431,0.00364254082012102,0.000421454065418276,38,0.000321152090869139,3.71583630763213e-05,3,2.53541124370373e-05,2.93355497970958e-06,3,2.53541124370373e-05,2.93355497970958e-06,16,0.000135221932997532,1.56456265584511e-05,1,8.45137081234576e-06,9.77851659903193e-07,47,0.000397214428180251,4.59590280154501e-05,14,0.000118319191372841,1.36899232386447e-05,1593,0.0134630337040668,0.00155771769422579,2121,0.0179253574929854,0.00207402337065467,24752,0.209188330347182,0.0242037842859238,964,0.00814712146310131,0.000942649000146678,1287,0.010876914235489,0.00125849508629541,2592,0.0219059531456002,0.00253459150246908,12869,0.108760690984078,0.0125839730112942,9654,0.081589533822386,0.00944017992470542,22571,0.190755890605456,0.022071089815675,23547,0.199004428518306,0.0230254730357405,141,0.00119164328454075,0.00013787708404635,616,0.00520604442040499,0.000602356622500367,1508,0.0127446671850174,0.00147460030313401,55,0.000464825394679017,5.37818412946756e-05,26279,0.222093573577634,0.025696963770596,26928,0.227578513234847,0.0263315894978732,2953,0.024956898008857,0.00288759595169413,9306,0.0786484567796897,0.00909988754705911
"21236",51455,39333,247,0.00480031095131668,0.000241529359996089,17,0.000330385773977262,1.66234782183543e-05,3,5.83033718783403e-05,2.93355497970958e-06,2,3.88689145855602e-05,1.95570331980639e-06,11,0.000213779030220581,1.07563682589351e-05,0,0,0,25,0.000485861432319502,2.44462914975798e-05,9,0.000174910115635021,8.80066493912873e-06,728,0.0141482849091439,0.000711876008409524,728,0.0141482849091439,0.000711876008409524,11091,0.215547565834224,0.0108453527599863,403,0.00783208628899038,0.000394074218940987,317,0.00616072296181129,0.000309978976189312,808,0.0157030414925663,0.00079010414120178,4899,0.0952094062773297,0.00479049528186574,3605,0.0700612185404723,0.00352515523395101,8639,0.167894276552327,0.00844766048990368,9934,0.193061898746478,0.00971397838947832,61,0.00118550189485959,5.96489512540948e-05,222,0.00431444951899718,0.000217083068498509,514,0.00998931104848897,0.000502615753190241,18,0.000349820231270042,1.76013298782575e-05,11204,0.217743659508308,0.0109558499975554,11488,0.223263045379458,0.0112335598689679,1435,0.0278884462151394,0.00140321713196108,3868,0.0751724808084734,0.00378233022050555
"21237",57839,30085,240,0.0041494493334947,0.000234684398376766,15,0.000259340583343419,1.46677748985479e-05,1,1.72893722228946e-05,9.77851659903193e-07,1,1.72893722228946e-05,9.77851659903193e-07,20,0.000345787444457892,1.95570331980639e-05,0,0,0,23,0.000397655561126576,2.24905881777734e-05,6,0.000103736233337368,5.86710995941916e-06,591,0.0102180189837307,0.000577910331002787,996,0.017220214734003,0.00097394025326358,12977,0.224364183336503,0.0126895809905637,488,0.00843721364477256,0.000477191610032758,417,0.00720966821694704,0.000407764142179631,1001,0.0173066615951175,0.000978829511563096,6427,0.111118795276544,0.00628465261819782,4538,0.0784591711474956,0.00443749083264069,11136,0.192534449074154,0.010889356084682,10801,0.186742509379484,0.0105617757786144,72,0.00124483480004841,7.04053195130299e-05,250,0.00432234305572365,0.000244462914975798,716,0.0123791905115925,0.000700141788490686,20,0.000345787444457892,1.95570331980639e-05,12090,0.209028510174796,0.0118222265682296,12315,0.212918618924947,0.0120422431917078,1355,0.0234270993620222,0.00132498899916883,4795,0.0829025398087795,0.00468879870923581
"21239",91243,32065,279,0.00305776881514198,0.000272820613112991,19,0.000208235152285655,1.85791815381607e-05,2,2.19194897142795e-05,1.95570331980639e-06,2,2.19194897142795e-05,1.95570331980639e-06,31,0.000339752090571331,3.0313401456999e-05,0,0,0,27,0.000295913111142773,2.64019948173862e-05,8,8.76779588571178e-05,7.82281327922554e-06,1320,0.0144668632114244,0.00129076419107221,1841,0.0201768902819942,0.00180022490588178,19118,0.209528402178797,0.0186945680340292,704,0.00771566037942637,0.000688407568571848,1224,0.013414727705139,0.00119689043172151,2277,0.0249553390397072,0.00222656822959957,12108,0.132700590730248,0.0118398278981079,9811,0.107526056793398,0.00959370263531022,20695,0.226811919818507,0.0202366401016966,20048,0.219720964895937,0.0196039700777392,83,0.000909658823142597,8.1161687771965e-05,560,0.00613745711999825,0.000547596929545788,1191,0.0130530561248534,0.0011646213269447,42,0.000460309283999868,4.10697697159341e-05,21316,0.23361792137479,0.0208438859824965,21727,0.238122376511075,0.0212457830147167,1446,0.015847791063424,0.00141397350022002,9084,0.0995583222822573,0.0088828044785606
"21251",301,881,1,0.00332225913621262,9.77851659903193e-07,0,0,0,0,0,0,0,0,0,0,0,0,0,0,0,0,0,0,0,0,0,1,0.00332225913621262,9.77851659903193e-07,4,0.0132890365448505,3.91140663961277e-06,50,0.166112956810631,4.88925829951596e-05,4,0.0132890365448505,3.91140663961277e-06,4,0.0132890365448505,3.91140663961277e-06,5,0.0166112956810631,4.88925829951596e-06,22,0.0730897009966777,2.15127365178702e-05,20,0.0664451827242525,1.95570331980639e-05,48,0.159468438538206,4.69368796753533e-05,23,0.0764119601328904,2.24905881777734e-05,0,0,0,3,0.00996677740863787,2.93355497970958e-06,0,0,0,0,0,0,24,0.079734219269103,2.34684398376766e-05,26,0.0863787375415282,2.5424143157483e-05,1,0.00332225913621262,9.77851659903193e-07,20,0.0664451827242525,1.95570331980639e-05
