"ZIPCODE","total_count","population","urticaria_count","urticaria_prev","q1_urticaria_count","q2_urticaria_count","q3_urticaria_count","q4_urticaria_count","q1_urticaria_prev","q2_urticaria_prev","q3_urticaria_prev","q4_urticaria_prev","heat_exhaustion_count","heat_exhaustion_prev","q1_heat_exhaustion_count","q2_heat_exhaustion_count","q3_heat_exhaustion_count","q4_heat_exhaustion_count","q1_heat_exhaustion_prev","q2_heat_exhaustion_prev","q3_heat_exhaustion_prev","q4_heat_exhaustion_prev","heat_syncope_count","heat_syncope_prev","q1_heat_syncope_count","q2_heat_syncope_count","q3_heat_syncope_count","q4_heat_syncope_count","q1_heat_syncope_prev","q2_heat_syncope_prev","q3_heat_syncope_prev","q4_heat_syncope_prev","heat_cramps_count","heat_cramps_prev","q1_heat_cramps_count","q2_heat_cramps_count","q3_heat_cramps_count","q4_heat_cramps_count","q1_heat_cramps_prev","q2_heat_cramps_prev","q3_heat_cramps_prev","q4_heat_cramps_prev","carbon_monoxide_count","carbon_monoxide_prev","q1_carbon_monoxide_count","q2_carbon_monoxide_count","q3_carbon_monoxide_count","q4_carbon_monoxide_count","q1_carbon_monoxide_prev","q2_carbon_monoxide_prev","q3_carbon_monoxide_prev","q4_carbon_monoxide_prev","heatstroke_count","heatstroke_prev","q1_heatstroke_count","q2_heatstroke_count","q3_heatstroke_count","q4_heatstroke_count","q1_heatstroke_prev","q2_heatstroke_prev","q3_heatstroke_prev","q4_heatstroke_prev","all_effects_heat_count","all_effects_heat_prev","q1_all_effects_heat_count","q2_all_effects_heat_count","q3_all_effects_heat_count","q4_all_effects_heat_count","q1_all_effects_heat_prev","q2_all_effects_heat_prev","q3_all_effects_heat_prev","q4_all_effects_heat_prev","hypothermia_count","hypothermia_prev","q1_hypothermia_count","q2_hypothermia_count","q3_hypothermia_count","q4_hypothermia_count","q1_hypothermia_prev","q2_hypothermia_prev","q3_hypothermia_prev","q4_hypothermia_prev","osteoarthritis_count","osteoarthritis_prev","q1_osteoarthritis_count","q2_osteoarthritis_count","q3_osteoarthritis_count","q4_osteoarthritis_count","q1_osteoarthritis_prev","q2_osteoarthritis_prev","q3_osteoarthritis_prev","q4_osteoarthritis_prev","kidney_disease_count","kidney_disease_prev","q1_kidney_disease_count","q2_kidney_disease_count","q3_kidney_disease_count","q4_kidney_disease_count","q1_kidney_disease_prev","q2_kidney_disease_prev","q3_kidney_disease_prev","q4_kidney_disease_prev","mental_illness_count","mental_illness_prev","q1_mental_illness_count","q2_mental_illness_count","q3_mental_illness_count","q4_mental_illness_count","q1_mental_illness_prev","q2_mental_illness_prev","q3_mental_illness_prev","q4_mental_illness_prev","influenza_count","influenza_prev","q1_influenza_count","q2_influenza_count","q3_influenza_count","q4_influenza_count","q1_influenza_prev","q2_influenza_prev","q3_influenza_prev","q4_influenza_prev","acute_bronchitis_count","acute_bronchitis_prev","q1_acute_bronchitis_count","q2_acute_bronchitis_count","q3_acute_bronchitis_count","q4_acute_bronchitis_count","q1_acute_bronchitis_prev","q2_acute_bronchitis_prev","q3_acute_bronchitis_prev","q4_acute_bronchitis_prev","bronchitis_count","bronchitis_prev","q1_bronchitis_count","q2_bronchitis_count","q3_bronchitis_count","q4_bronchitis_count","q1_bronchitis_prev","q2_bronchitis_prev","q3_bronchitis_prev","q4_bronchitis_prev","copd_count","copd_prev","q1_copd_count","q2_copd_count","q3_copd_count","q4_copd_count","q1_copd_prev","q2_copd_prev","q3_copd_prev","q4_copd_prev","asthma_count","asthma_prev","q1_asthma_count","q2_asthma_count","q3_asthma_count","q4_asthma_count","q1_asthma_prev","q2_asthma_prev","q3_asthma_prev","q4_asthma_prev","respiratory_count","respiratory_prev","q1_respiratory_count","q2_respiratory_count","q3_respiratory_count","q4_respiratory_count","q1_respiratory_prev","q2_respiratory_prev","q3_respiratory_prev","q4_respiratory_prev","hypertension_count","hypertension_prev","q1_hypertension_count","q2_hypertension_count","q3_hypertension_count","q4_hypertension_count","q1_hypertension_prev","q2_hypertension_prev","q3_hypertension_prev","q4_hypertension_prev","heart_attack_count","heart_attack_prev","q1_heart_attack_count","q2_heart_attack_count","q3_heart_attack_count","q4_heart_attack_count","q1_heart_attack_prev","q2_heart_attack_prev","q3_heart_attack_prev","q4_heart_attack_prev","cerebrovascular_disease_count","cerebrovascular_disease_prev","q1_cerebrovascular_disease_count","q2_cerebrovascular_disease_count","q3_cerebrovascular_disease_count","q4_cerebrovascular_disease_count","q1_cerebrovascular_disease_prev","q2_cerebrovascular_disease_prev","q3_cerebrovascular_disease_prev","q4_cerebrovascular_disease_prev","congestive_artery_disease_count","congestive_artery_disease_prev","q1_congestive_artery_disease_count","q2_congestive_artery_disease_count","q3_congestive_artery_disease_count","q4_congestive_artery_disease_count","q1_congestive_artery_disease_prev","q2_congestive_artery_disease_prev","q3_congestive_artery_disease_prev","q4_congestive_artery_disease_prev","angina_pectoris_count","angina_pectoris_prev","q1_angina_pectoris_count","q2_angina_pectoris_count","q3_angina_pectoris_count","q4_angina_pectoris_count","q1_angina_pectoris_prev","q2_angina_pectoris_prev","q3_angina_pectoris_prev","q4_angina_pectoris_prev","heart_disease_count","heart_disease_prev","q1_heart_disease_count","q2_heart_disease_count","q3_heart_disease_count","q4_heart_disease_count","q1_heart_disease_prev","q2_heart_disease_prev","q3_heart_disease_prev","q4_heart_disease_prev","circulatory_count","circulatory_prev","q1_circulatory_count","q2_circulatory_count","q3_circulatory_count","q4_circulatory_count","q1_circulatory_prev","q2_circulatory_prev","q3_circulatory_prev","q4_circulatory_prev","thyroid_count","thyroid_prev","q1_thyroid_count","q2_thyroid_count","q3_thyroid_count","q4_thyroid_count","q1_thyroid_prev","q2_thyroid_prev","q3_thyroid_prev","q4_thyroid_prev","diabetes_count","diabetes_prev","q1_diabetes_count","q2_diabetes_count","q3_diabetes_count","q4_diabetes_count","q1_diabetes_prev","q2_diabetes_prev","q3_diabetes_prev","q4_diabetes_prev"
"CITYWIDE",775928,30037,740,0.000953696734748585,187,185,187,181,0.000975487613393914,0.000984765412909476,0.000912230721198876,0.00094578706727629,84,0.000108257467187677,0,25,59,0,0,0.000133076407149929,0.000287816109896972,0,6,7.73267622769123e-06,0,1,4,1,0,5.32305628599717e-06,1.95129566031845e-05,5.22534291312867e-06,1,1.28877937128187e-06,0,0,1,0,0,0,4.87823915079613e-06,0,93,0.000119856481529214,23,20,23,27,0.00011997975993615,0.000106461125719943,0.000112199500468311,0.000141084258654474,64,8.24818797620398e-05,0,16,45,3,0,8.51689005759547e-05,0.000219520761785826,1.5676028739386e-05,157,0.000202338361291254,0,43,110,4,0,0.000228891420297878,0.000536606306587574,2.09013716525147e-05,1116,0.00143827777835057,407,227,177,305,0.0021231200997397,0.00120833377692136,0.000863448329690915,0.00159372958850425,74342,0.0958104360198369,18658,18531,18987,18166,0.0973296678647254,0.0986415560358135,0.0926231267561661,0.0949235793598955,175847,0.226627986101803,45024,42877,45098,42848,0.234868204841966,0.228236684374701,0.219998829222604,0.223895493141737,376927,0.485775742079162,93461,92511,99333,91622,0.487540362756196,0.492441260073884,0.484570129566032,0.478756368386675,4795,0.00617969708529657,3256,736,98,705,0.0169849607979176,0.00391776942649392,0.000478067436778021,0.00368386675375572,7147,0.00921090616655154,2540,1533,1085,1989,0.0132499387059922,0.00816024528643366,0.0052928894786138,0.0103932070542129,25421,0.0327620603973565,7670,5524,5710,6517,0.0400106416830552,0.0294045629238484,0.0278547455510459,0.0340535597648596,195023,0.251341619325504,49873,47889,49250,48011,0.260163068143287,0.254915842480118,0.240253278176709,0.250873938602221,95367,0.122907022301038,23971,23036,24489,23871,0.125044992409976,0.122621924604231,0.119463198563846,0.124734160679295,285024,0.367333051520244,74467,69375,70838,70344,0.388457947094142,0.369287029841054,0.345564704964096,0.367571521881123,406037,0.523292109577177,102858,99457,104839,98883,0.536559919457065,0.52941520903642,0.511429714330315,0.516697583278903,21902,0.0282268457898156,6006,5452,5160,5284,0.0313303668772398,0.0290213028712566,0.025171714018108,0.0276107119529719,57569,0.0741937396253261,14497,14080,14978,14014,0.0756237643388854,0.0749486325068401,0.0730662660006244,0.0732279555845852,73790,0.0950990298068893,18655,17208,20446,17481,0.0973140183308207,0.0915991525694393,0.0997404776771776,0.0913442194644024,2103,0.00271030301780578,505,458,626,514,0.00263433820729373,0.0024379597789867,0.00305377770839838,0.00268582625734814,456018,0.587706591333216,115227,111330,118285,111176,0.601082947746206,0.592615856320065,0.57702251795192,0.580932723709993,476291,0.613834015527214,120248,116353,123507,116183,0.627275050991398,0.619353568044628,0.602496682797377,0.607096015676029,74789,0.0963865203987999,18821,18516,19339,18113,0.0981799592068816,0.0985617101915236,0.0943402669372463,0.0946466361854997,195098,0.251438277778351,49738,47653,50106,47601,0.259458839117575,0.253659601196623,0.244429050889791,0.248731548007838
"21201",14359,16595,11,0.000766070060589178,4,2,0,5,0.00114481969089868,0.00057372346528973,0,0.00145222189950624,0,0,0,0,0,0,0,0,0,0,1,6.96427327808343e-05,0,0,1,0,0,0,0.000254065040650407,0,0,0,0,0,0,0,0,0,0,0,5,0.000348213663904172,1,0,3,1,0.000286204922724671,0,0.00076219512195122,0.000290444379901249,3,0.000208928198342503,0,1,2,0,0,0.000286861732644865,0.000508130081300813,0,4,0.000278570931123337,0,1,3,0,0,0.000286861732644865,0.00076219512195122,0,35,0.0024374956473292,10,8,7,10,0.00286204922724671,0.00229489386115892,0.00177845528455285,0.00290444379901249,1179,0.0821087819486037,286,300,297,296,0.0818546078992559,0.0860585197934595,0.0754573170731707,0.0859715364507697,3237,0.225433526011561,803,816,872,746,0.229822552947911,0.23407917383821,0.221544715447154,0.216671507406332,7998,0.557002576781113,1930,1976,2170,1922,0.552375500858615,0.566838783706254,0.551321138211382,0.5582340981702,95,0.00661605961417926,62,15,1,17,0.0177447052089296,0.00430292598967298,0.000254065040650407,0.00493755445832123,103,0.00717320147642593,37,21,13,32,0.0105895821408128,0.00602409638554217,0.00330284552845528,0.00929422015683997,447,0.0311303015530329,128,97,103,119,0.0366342301087579,0.0278255880665519,0.0261686991869919,0.0345628812082486,4179,0.291036980291107,1029,1047,1058,1045,0.294504865483686,0.300344234079174,0.26880081300813,0.303514376996805,2238,0.155860435963507,560,551,566,561,0.160274756725816,0.158060814687321,0.14380081300813,0.162939297124601,5798,0.403788564663277,1472,1437,1468,1421,0.421293646250716,0.412220309810671,0.372967479674797,0.412721463839675,7496,0.522041924925134,1856,1889,1953,1798,0.531196336576989,0.54188181296615,0.496189024390244,0.522218995062446,316,0.0220071035587436,86,71,81,78,0.0246136233543217,0.0203671830177854,0.0205792682926829,0.0226546616322974,1017,0.0708266592381085,242,256,275,244,0.0692615912993703,0.0734366035570855,0.0698678861788618,0.0708684286959047,1266,0.0881676997005362,317,324,342,283,0.0907269605037207,0.0929432013769363,0.086890243902439,0.0821957595120534,47,0.00327320844069921,10,8,14,15,0.00286204922724671,0.00229489386115892,0.00355691056910569,0.00435666569851873,8335,0.580472177728254,2069,2090,2187,1989,0.592157985117344,0.599541021227768,0.555640243902439,0.577693871623584,8752,0.609513197297862,2188,2196,2284,2084,0.62621637092158,0.629948364888124,0.580284552845528,0.605286087714203,1111,0.0773730761195069,279,286,298,248,0.0798511734401832,0.0820424555364314,0.0757113821138211,0.0720302062155097,3721,0.259140608677485,972,946,942,861,0.27819118488838,0.271371199082042,0.239329268292683,0.250072611094975
"21202",15788,21788,16,0.00101342791993919,3,1,7,5,0.00077720207253886,0.000263574064312072,0.00164551010813352,0.00128865979381443,2,0.000126678489992399,0,1,1,0,0,0.000263574064312072,0.000235072872590503,0,0,0,0,0,0,0,0,0,0,0,0,0,0,0,0,0,0,0,0,0,5,0.000316696224980998,1,2,2,0,0.000259067357512953,0.000527148128624143,0.000470145745181006,0,2,0.000126678489992399,0,1,1,0,0,0.000263574064312072,0.000235072872590503,0,5,0.000316696224980998,0,2,3,0,0,0.000527148128624143,0.000705218617771509,0,37,0.00234355206485939,19,2,6,10,0.00492227979274611,0.000527148128624143,0.00141043723554302,0.00257731958762887,1199,0.0759437547504434,281,308,302,308,0.0727979274611399,0.0811808118081181,0.0709920075223319,0.0793814432989691,3452,0.218647073726881,901,826,917,808,0.233419689119171,0.217712177121771,0.215561824165491,0.208247422680412,9234,0.584874588294908,2260,2270,2477,2227,0.585492227979275,0.598313125988403,0.582275505406676,0.573969072164948,107,0.00677729921459336,72,16,2,17,0.0186528497409326,0.00421718502899315,0.000470145745181006,0.00438144329896907,86,0.00544717506967317,28,22,14,22,0.00725388601036269,0.00579862941486558,0.00329102021626704,0.0056701030927835,377,0.0238788953635673,105,90,89,93,0.0272020725388601,0.0237216657880865,0.0209214856605548,0.0239690721649485,4220,0.267291613883962,1101,1091,1049,979,0.285233160621762,0.28755930416447,0.246591443347438,0.252319587628866,2399,0.151950848745883,617,628,604,550,0.159844559585492,0.165524512387981,0.141984015044664,0.141752577319588,5902,0.37382822396757,1554,1504,1470,1374,0.40259067357513,0.396415392725356,0.34555712270804,0.354123711340206,8028,0.508487458829491,2081,1939,2092,1916,0.539119170984456,0.511070110701107,0.491772449459332,0.493814432989691,417,0.0264124651634153,115,97,101,104,0.0297927461139896,0.025566684238271,0.0237423601316408,0.0268041237113402,1004,0.0635926019761844,238,239,274,253,0.0616580310880829,0.0629942013705851,0.0644099670897978,0.0652061855670103,1419,0.0898783886496073,358,327,410,324,0.0927461139896373,0.0861887190300474,0.0963798777621063,0.0835051546391753,46,0.00291360526982518,14,12,15,5,0.00362694300518135,0.00316288877174486,0.00352609308885755,0.00128865979381443,8970,0.568153027615911,2285,2152,2395,2138,0.591968911917098,0.567211386399578,0.562999529854255,0.551030927835052,9465,0.59950595388903,2408,2283,2515,2259,0.623834196891192,0.60173958882446,0.591208274565115,0.582216494845361,1080,0.0684063845958956,250,271,304,255,0.0647668393782383,0.0714285714285714,0.0714621532675129,0.0657216494845361,3907,0.247466430200152,963,974,1038,932,0.249481865284974,0.256721138639958,0.244005641748942,0.24020618556701
"21205",16770,14766,27,0.00161001788908766,5,10,2,10,0.00122159784998778,0.00243783520234032,0.000444839857651246,0.0024515812699191,1,5.96302921884317e-05,0,1,0,0,0,0.000243783520234032,0,0,0,0,0,0,0,0,0,0,0,0,0,0,0,0,0,0,0,0,0,0,1,5.96302921884317e-05,1,0,0,0,0.000244319569997557,0,0,0,2,0.000119260584376863,0,0,2,0,0,0,0.000444839857651246,0,3,0.000178890876565295,0,1,2,0,0,0.000243783520234032,0.000444839857651246,0,23,0.00137149672033393,14,2,2,5,0.0034204739799658,0.000487567040468064,0.000444839857651246,0.00122579063495955,1429,0.0852116875372689,346,410,359,314,0.0845345712191547,0.0999512432959532,0.0798487544483986,0.0769796518754597,3801,0.226654740608229,955,943,1024,879,0.233325189347667,0.229887859580692,0.227758007117438,0.215493993625889,9078,0.541323792486583,2168,2229,2455,2226,0.529684827754703,0.543393466601658,0.546040925266904,0.545721990683991,130,0.00775193798449612,81,28,4,17,0.0197898851698021,0.0068259385665529,0.000889679715302491,0.00416768815886247,110,0.00655933214072749,42,13,21,34,0.0102614219398974,0.00316918576304242,0.00467081850533808,0.00833537631772493,513,0.0305903398926655,153,103,118,139,0.0373808942096262,0.0251097025841053,0.0262455516014235,0.0340769796518755,5238,0.312343470483005,1305,1290,1387,1256,0.318837038846812,0.314480741101901,0.308496441281139,0.307918607501839,2822,0.168276684555754,720,679,728,695,0.175910090398241,0.165529010238908,0.161921708185053,0.170384898259377,6830,0.407274895646989,1740,1644,1769,1677,0.425116051795749,0.400780107264749,0.393460854092527,0.411130178965433,8552,0.509958258795468,2140,2101,2281,2030,0.522843879794772,0.512189176011702,0.507339857651246,0.497670997793577,602,0.0358974358974359,164,147,171,120,0.0400684094795993,0.0358361774744027,0.0380338078291815,0.0294189752390292,1112,0.0663088849135361,283,273,291,265,0.0691424383093086,0.0665529010238908,0.0647241992882562,0.0649669036528561,1654,0.0986285032796661,403,404,445,402,0.0984607867090154,0.098488542174549,0.0989768683274021,0.0985535670507477,61,0.00363744782349434,14,12,18,17,0.0034204739799658,0.00292540224280839,0.00400355871886121,0.00416768815886247,9554,0.569707811568277,2362,2355,2559,2278,0.577082824334229,0.574110190151146,0.569172597864769,0.558470213287571,9978,0.594991055456172,2476,2455,2675,2372,0.604935255313951,0.598488542174549,0.594973309608541,0.58151507722481,1261,0.0751937984496124,298,324,351,288,0.0728072318592719,0.0789858605558264,0.0780693950177936,0.07060554057367,4159,0.248002385211688,1055,1034,1088,982,0.257757146347422,0.252072159921989,0.241992882562278,0.240745280706055
"21206",37807,51287,37,0.00097865474647552,9,12,5,11,0.00096795009679501,0.00129771817886882,0.000499101617089239,0.00118996105581999,5,0.000132250641415611,0,0,5,0,0,0,0.000499101617089239,0,0,0,0,0,0,0,0,0,0,0,0,0,0,0,0,0,0,0,0,0,2,5.29002565662443e-05,0,1,0,1,0,0.000108143181572402,0,0.000108178277801817,0,0,0,0,0,0,0,0,0,0,5,0.000132250641415611,0,0,5,0,0,0,0.000499101617089239,0,40,0.00105800513132489,8,9,9,14,0.000860400086040009,0.000973288634151617,0.000898382910760631,0.00151449588922544,3387,0.0895865844949348,838,862,840,847,0.0901269090126909,0.0932194225154104,0.0838490716709922,0.0916270012981393,8850,0.234083635305631,2270,2127,2290,2163,0.244138524413852,0.230020547204499,0.228588540626872,0.233989614885331,17207,0.455127357367683,4280,4267,4483,4177,0.460314046031405,0.461446955769439,0.447494509882212,0.451860666378191,253,0.00669188245562991,179,38,3,33,0.0192514519251452,0.00410944089975127,0.000299460970253544,0.00356988316745997,335,0.00886079297484593,113,70,43,109,0.0121531512153151,0.00757002271006813,0.00429227390696746,0.0117914322803981,1178,0.0311582511175179,350,244,263,321,0.0376425037642504,0.0263869363036661,0.026252745058894,0.0347252271743834,9620,0.254450234083635,2404,2290,2468,2458,0.258550225855023,0.2476478858008,0.246356558195249,0.265902206836867,4995,0.132118390774195,1244,1210,1272,1269,0.133792213379221,0.130853249702606,0.126971451387502,0.137278234530506,13892,0.367445182109133,3573,3297,3501,3521,0.384276188427619,0.356548069644209,0.349470952285885,0.380895716140199,19631,0.519242468325971,4961,4828,5098,4744,0.53355560335556,0.522115280631556,0.508884008784188,0.513197749891822,1096,0.0289893405983019,285,261,276,274,0.0306517530651753,0.0282253703903969,0.027550409263326,0.029640848117698,2771,0.0732933054725315,713,696,699,663,0.0766831576683158,0.0752676543743917,0.0697744060690757,0.0717221981826049,3586,0.0948501600232761,830,827,1027,902,0.0892665089266509,0.0894344111603763,0.10251547215013,0.0975768065772393,114,0.00301531462427593,28,27,30,29,0.00301140030114003,0.00291986590245485,0.00299460970253544,0.0031371700562527,22093,0.584362684159018,5539,5429,5764,5361,0.595719509571951,0.58710933275657,0.575364344180475,0.579943747295543,23164,0.612690771550242,5820,5690,6032,5622,0.625941062594106,0.615334703146967,0.602116190856458,0.608178277801817,3147,0.0832385537069855,809,764,814,760,0.0870079587007959,0.082621390721315,0.0812537432621282,0.0822154911293812,9926,0.262543973338271,2525,2476,2474,2451,0.271563777156378,0.267762517573267,0.246955480135756,0.265144958892254
"21207",34990,48243,24,0.000685910260074307,5,7,5,7,0.000576834333179511,0.000823529411764706,0.000551937299922729,0.000798813191829282,5,0.000142897970848814,0,2,3,0,0,0.000235294117647059,0.000331162379953637,0,0,0,0,0,0,0,0,0,0,0,0,0,0,0,0,0,0,0,0,0,1,2.85795941697628e-05,1,0,0,0,0.000115366866635902,0,0,0,5,0.000142897970848814,0,3,2,0,0,0.000352941176470588,0.000220774919969092,0,9,0.000257216347527865,0,4,5,0,0,0.000470588235294118,0.000551937299922729,0,38,0.00108602457845099,17,7,4,10,0.00196123673281034,0.000823529411764706,0.000441549839938183,0.00114116170261326,3454,0.0987139182623607,852,920,845,837,0.0982925703737886,0.108235294117647,0.0932774036869412,0.0955152345087299,8826,0.252243498142326,2229,2230,2162,2205,0.257152745731426,0.262352941176471,0.238657688486588,0.251626155426224,14396,0.411431837667905,3554,3527,3733,3582,0.410013844023996,0.414941176470588,0.412076388122309,0.40876412187607,243,0.00694484138325236,161,41,8,33,0.0185740655283802,0.00482352941176471,0.000883099679876366,0.00376583361862376,388,0.011088882537868,140,90,60,98,0.0161513613290263,0.0105882352941176,0.00662324759907275,0.01118338468561,1101,0.0314661331809088,357,230,240,274,0.0411859713890171,0.0270588235294118,0.026492990396291,0.0312678306516033,7807,0.223120891683338,2072,1893,1878,1964,0.239040147669589,0.222705882352941,0.207307649850977,0.224124158393244,4281,0.122349242640755,1152,1008,996,1125,0.132902630364559,0.118588235294118,0.109945910144608,0.128380691543992,12129,0.346641897685053,3237,2998,2894,3000,0.373442547300415,0.352705882352941,0.319461309195275,0.342348510783978,19930,0.569591311803372,5039,4910,5031,4950,0.581333640978311,0.577647058823529,0.55535931118225,0.564875042793564,822,0.023492426407545,222,224,162,214,0.0256114443931703,0.0263529411764706,0.0178827685174964,0.0244208604359238,2802,0.0800800228636753,736,700,677,689,0.084910013844024,0.0823529411764706,0.0747323104095375,0.0786260413100536,3554,0.101571877679337,920,857,952,825,0.10613751730503,0.100823529411765,0.105088861905288,0.094145840465594,90,0.00257216347527865,18,26,21,25,0.00207660359944624,0.00305882352941176,0.00231813665967546,0.00285290425653315,21783,0.622549299799943,5481,5349,5522,5431,0.63232579603138,0.629294117647059,0.609559554034662,0.619764920689262,22554,0.64458416690483,5701,5539,5697,5617,0.657706506691278,0.651647058823529,0.628877359531957,0.640990528357868,3126,0.0893398113746785,763,842,792,729,0.0880249192431934,0.0990588235294118,0.0874268683077602,0.0831906881205067,10179,0.290911689054015,2598,2522,2542,2517,0.299723119520074,0.296705882352941,0.280604923280715,0.287230400547758
"21208",24307,36797,18,0.000740527420084749,2,5,5,6,0.000330633162506199,0.000866701334720055,0.000793524837327408,0.00096961861667744,2,8.2280824453861e-05,0,0,2,0,0,0,0.000317409934930963,0,0,0,0,0,0,0,0,0,0,0,0,0,0,0,0,0,0,0,0,0,1,4.11404122269305e-05,0,1,0,0,0,0.000173340266944011,0,0,2,8.2280824453861e-05,0,0,1,1,0,0,0.000158704967465482,0.000161603102779573,4,0.000164561648907722,0,0,3,1,0,0,0.000476114902396445,0.000161603102779573,22,0.000905089068992471,9,5,5,3,0.0014878492312779,0.000866701334720055,0.000793524837327408,0.00048480930833872,3154,0.129756860163739,818,752,789,795,0.135228963465036,0.130351880741896,0.125218219330265,0.128474466709761,5918,0.243468959558975,1551,1369,1535,1463,0.256406017523558,0.237302825446351,0.243612125059514,0.236425339366516,10307,0.424034228822973,2656,2433,2651,2567,0.439080839808233,0.421736869474779,0.420726868750992,0.414835164835165,186,0.00765211667420908,140,25,3,18,0.023144321375434,0.00433350667360028,0.000476114902396445,0.00290885585003232,222,0.00913317151437857,81,37,43,61,0.0133906430815011,0.00641358987692841,0.00682431360101571,0.00985778926955398,683,0.0280989015509935,211,156,153,163,0.034881798644404,0.0270410816432657,0.0242818600222187,0.0263413057530705,4297,0.17678035133912,1121,1034,1095,1047,0.185319887584725,0.179233836020107,0.173781939374702,0.169198448610213,2103,0.0865182869132349,556,483,543,521,0.0919160191767234,0.0837233489339574,0.0861767973337565,0.0841952165481577,7718,0.31752170156745,2116,1823,1906,1873,0.349809885931559,0.315999306638932,0.302491667989208,0.302682611506141,14482,0.595795449870408,3749,3442,3696,3595,0.619771863117871,0.596637198821286,0.58657355975242,0.580963154492566,784,0.0322540831859135,207,173,193,211,0.0342205323193916,0.0299878661813139,0.030630058720838,0.03409825468649,1947,0.0801003826058337,467,474,502,504,0.0772028434451976,0.0821632865314613,0.0796698936676718,0.081447963800905,2497,0.102727609330645,654,552,661,630,0.108117044139527,0.0956838273530941,0.104903983494683,0.101809954751131,73,0.00300325009256593,20,12,25,16,0.00330633162506199,0.00208008320332813,0.00396762418663704,0.00258564964447317,16254,0.668696260336529,4165,3844,4179,4066,0.68854356091916,0.666319986132779,0.663228059038248,0.657078215901745,16847,0.693092524787098,4307,3982,4337,4221,0.7120185154571,0.690240942971052,0.688303443897794,0.682126696832579,3828,0.15748549800469,1000,860,984,984,0.1653165812531,0.14907262957185,0.156165687986034,0.1590174531351,6332,0.260501090220924,1711,1468,1569,1584,0.282856670524054,0.254463511873808,0.249008093953341,0.255979314802844
"21209",14951,27462,22,0.00147147348003478,8,4,3,7,0.00220507166482911,0.00108991825613079,0.000763553066938152,0.0018796992481203,1,6.68851581833991e-05,0,1,0,0,0,0.000272479564032698,0,0,0,0,0,0,0,0,0,0,0,0,0,0,0,0,0,0,0,0,0,0,2,0.000133770316366798,1,0,0,1,0.000275633958103638,0,0,0.000268528464017186,1,6.68851581833991e-05,0,1,0,0,0,0.000272479564032698,0,0,2,0.000133770316366798,0,2,0,0,0,0.000544959128065395,0,0,16,0.00107016253093439,4,7,4,1,0.00110253583241455,0.00190735694822888,0.00101807075591754,0.000268528464017186,1401,0.0937061066149422,302,369,370,360,0.0832414553472988,0.100544959128065,0.0941715449223721,0.0966702470461869,2519,0.168483713463982,652,608,623,636,0.179713340683572,0.16566757493188,0.158564520234156,0.17078410311493,5224,0.349408066350077,1236,1276,1411,1301,0.340683572216097,0.347683923705722,0.359124459149911,0.349355531686359,90,0.00601966423650592,53,20,1,16,0.0146085997794928,0.00544959128065395,0.000254517688979384,0.00429645542427497,93,0.00622031971105612,26,25,21,21,0.0071664829106946,0.00681198910081744,0.00534487146856707,0.0056390977443609,271,0.0181258778677012,68,69,64,70,0.0187431091510474,0.0188010899182561,0.0162891320946806,0.018796992481203,2211,0.147883084743495,527,561,588,535,0.145259095920617,0.152861035422343,0.149656401119878,0.143662728249194,1207,0.0807303859273627,294,304,327,282,0.0810363836824697,0.0828337874659401,0.0832272842962586,0.0757250268528464,4000,0.267540632733596,1000,990,1018,992,0.275633958103638,0.269754768392371,0.259099007381013,0.266380236305048,6498,0.434619757875727,1614,1575,1670,1639,0.444873208379272,0.429155313351499,0.425044540595571,0.440118152524168,350,0.0234098053641897,103,79,73,95,0.0283902976846748,0.0215258855585831,0.018579791295495,0.0255102040816327,978,0.0654136847033643,244,223,264,247,0.0672546857772878,0.0607629427792916,0.0671926698905574,0.0663265306122449,1070,0.071567119256237,308,240,274,248,0.0848952590959206,0.0653950953678474,0.0697378467803512,0.0665950590762621,39,0.00260852116915257,6,7,17,9,0.00165380374862183,0.00190735694822888,0.00432680071264953,0.00241675617615467,7426,0.496689184669922,1850,1774,1925,1877,0.509922822491731,0.483378746594005,0.489946551285314,0.504027926960258,7917,0.529529797337971,1962,1888,2058,2009,0.540793825799338,0.514441416893733,0.523797403919572,0.539473684210526,1915,0.128085077921209,447,476,503,489,0.123208379272326,0.129700272479564,0.12802239755663,0.131310418904404,2576,0.172296167480436,631,624,655,666,0.173925027563396,0.170027247956403,0.166709086281497,0.178839957035446
"21210",4641,15258,7,0.00150829562594268,0,2,5,0,0,0.00174978127734033,0.00429184549356223,0,1,0.000215470803706098,0,1,0,0,0,0.000874890638670166,0,0,0,0,0,0,0,0,0,0,0,0,0,0,0,0,0,0,0,0,0,0,2,0.000430941607412196,0,1,1,0,0,0.000874890638670166,0.000858369098712446,0,0,0,0,0,0,0,0,0,0,0,1,0.000215470803706098,0,1,0,0,0,0.000874890638670166,0,0,2,0.000430941607412196,1,1,0,0,0.000870322019147084,0.000874890638670166,0,0,671,0.144580909286792,181,157,167,166,0.157528285465622,0.137357830271216,0.143347639484979,0.140202702702703,774,0.16677440206852,210,196,183,185,0.182767624020888,0.171478565179353,0.157081545064378,0.15625,1722,0.3710407239819,460,427,415,420,0.400348128807659,0.373578302712161,0.356223175965665,0.35472972972973,25,0.00538677009265245,14,8,1,2,0.0121845082680592,0.00699912510936133,0.000858369098712446,0.00168918918918919,26,0.00560224089635854,14,6,2,4,0.0121845082680592,0.005249343832021,0.00171673819742489,0.00337837837837838,72,0.015513897866839,28,15,15,14,0.0243690165361184,0.0131233595800525,0.0128755364806867,0.0118243243243243,660,0.142210730446025,178,167,155,160,0.154917319408181,0.146106736657918,0.133047210300429,0.135135135135135,272,0.0586080586080586,72,67,71,62,0.0626631853785901,0.0586176727909011,0.0609442060085837,0.0523648648648649,1216,0.262012497306615,326,309,274,307,0.28372497824195,0.270341207349081,0.23519313304721,0.259290540540541,2156,0.464555052790347,548,535,533,540,0.476936466492602,0.468066491688539,0.457510729613734,0.456081081081081,96,0.0206851971557854,26,26,14,30,0.0226283724978242,0.0227471566054243,0.0120171673819742,0.0253378378378378,357,0.0769230769230769,88,96,103,70,0.0765883376849434,0.083989501312336,0.088412017167382,0.0591216216216216,306,0.0659340659340659,88,77,62,79,0.0765883376849434,0.0673665791776028,0.0532188841201717,0.066722972972973,13,0.00280112044817927,2,4,3,4,0.00174064403829417,0.00349956255468067,0.00257510729613734,0.00337837837837838,2619,0.56431803490627,665,642,642,670,0.578764142732811,0.561679790026247,0.551072961373391,0.565878378378378,2776,0.598146951088128,701,689,690,696,0.610095735422106,0.602799650043745,0.592274678111588,0.587837837837838,656,0.1413488472312,162,177,171,146,0.140992167101828,0.154855643044619,0.146781115879828,0.123310810810811,651,0.14027149321267,163,149,184,155,0.141862489120975,0.130358705161855,0.15793991416309,0.130912162162162
"21211",11047,16436,12,0.00108626776500407,1,2,7,2,0.000358037952022914,0.000777907429015947,0.00237610319076714,0.000730727073438071,0,0,0,0,0,0,0,0,0,0,0,0,0,0,0,0,0,0,0,0,0,0,0,0,0,0,0,0,0,0,1,9.05223137503395e-05,0,0,0,1,0,0,0,0.000365363536719035,1,9.05223137503395e-05,0,1,0,0,0,0.000388953714507974,0,0,1,9.05223137503395e-05,0,1,0,0,0,0.000388953714507974,0,0,15,0.00135783470625509,4,3,3,5,0.00143215180809166,0.00116686114352392,0.0010183299389002,0.00182681768359518,1113,0.100751335204128,295,251,294,273,0.10562119584676,0.0976273823415014,0.09979633401222,0.0997442455242967,2190,0.198243867113243,601,504,552,533,0.215180809165772,0.196032672112019,0.187372708757637,0.194738765071246,5725,0.518240246220693,1460,1338,1523,1404,0.522735409953455,0.520420070011669,0.516972165648337,0.512970405553526,65,0.00588395039377207,39,13,1,12,0.0139634801288937,0.00505639828860366,0.000339443312966735,0.00438436244062843,110,0.00995745451253734,35,28,14,33,0.012531328320802,0.0108907040062233,0.00475220638153428,0.0120569967117282,447,0.0404634742464017,137,97,98,115,0.0490511994271393,0.0377285103072734,0.03326544467074,0.0420168067226891,2906,0.263057843758486,780,690,723,713,0.279269602577873,0.268378063010502,0.245417515274949,0.260504201680672,1019,0.0922422377115959,278,257,255,229,0.0995345506623702,0.0999611046285492,0.0865580448065173,0.0836682499086591,4236,0.383452521046438,1133,1002,1051,1050,0.405656999641962,0.38973162193699,0.356754921928038,0.383631713554987,5674,0.513623608219426,1475,1337,1467,1395,0.528105979233799,0.520031116297161,0.4979633401222,0.509682133723054,279,0.0252557255363447,100,52,60,67,0.0358037952022914,0.0202255931544146,0.0203665987780041,0.0244793569601754,969,0.0877161220240789,268,230,238,233,0.0959541711421411,0.0894593543368339,0.0807875084860828,0.0851297040555353,1145,0.103648049244139,291,249,311,294,0.104189044038668,0.0968494749124854,0.105566870332654,0.107416879795396,33,0.0029872363537612,11,7,6,9,0.00393841747225206,0.00272267600155581,0.00203665987780041,0.00328827183047132,6476,0.586222503847198,1696,1515,1670,1595,0.607232366630863,0.58926487747958,0.566870332654447,0.582754841066861,6835,0.61872001448357,1770,1608,1774,1683,0.633727175080559,0.625437572928822,0.602172437202987,0.614906832298137,1406,0.127274373132977,366,369,355,316,0.131041890440387,0.143523920653442,0.120502376103191,0.115454877603215,2604,0.235720105005884,676,596,687,645,0.24203365556749,0.231816413846752,0.233197556008147,0.235659481183778
"21212",21081,34010,22,0.00104359375741189,5,7,4,6,0.000969180073657686,0.00137443549970548,0.000708340711882415,0.00115785411038209,4,0.000189744319529434,0,1,3,0,0,0.000196347928529354,0.000531255533911812,0,1,4.74360798823585e-05,0,0,0,1,0,0,0,0.000192975685063682,0,0,0,0,0,0,0,0,0,0,2,9.4872159764717e-05,1,1,0,0,0.000193836014731537,0.000196347928529354,0,0,3,0.000142308239647076,0,0,3,0,0,0,0.000531255533911812,0,9,0.000426924718941227,0,1,7,1,0,0.000196347928529354,0.00123959624579423,0.000192975685063682,26,0.00123333807694132,14,3,2,7,0.00271370420624152,0.000589043785588062,0.000354170355941208,0.00135082979544577,2105,0.0998529481523647,516,509,539,541,0.100019383601473,0.0999410956214412,0.0954489109261555,0.104399845619452,4646,0.220388027133438,1190,1110,1201,1145,0.230664857530529,0.217946200667583,0.212679298742695,0.220957159397916,9480,0.449694037284759,2317,2350,2517,2296,0.449118046132972,0.461417632043982,0.44572339295201,0.443072172906214,139,0.00659361510364783,91,21,0,27,0.0176390773405699,0.00412330649911643,0,0.00521034349671941,193,0.00915516341729519,65,36,31,61,0.0125993409575499,0.00706852542705674,0.00548964051708872,0.0117715167888846,611,0.0289834448081211,195,127,124,165,0.0377980228726497,0.024936186923228,0.0219585620683549,0.0318409880355075,4691,0.222522650728144,1186,1165,1207,1133,0.229889513471603,0.228745336736697,0.213741809810519,0.218641451177152,2583,0.122527394336132,637,659,707,580,0.123473541383989,0.129393284900844,0.125199220825217,0.111925897336936,7266,0.344670556425217,1867,1809,1791,1799,0.36189183950378,0.355193402709601,0.317159553745352,0.347163257429564,10887,0.516436601679237,2740,2637,2809,2701,0.531110680364412,0.517769487531907,0.497432264919426,0.521227325357005,513,0.0243347089796499,138,141,122,112,0.0267493700329521,0.0276850579226389,0.0216043917124137,0.0216132767271324,1665,0.0789810730041269,394,412,440,419,0.0763713898042256,0.0808953465540939,0.0779174783070657,0.0808568120416828,2026,0.0961054978416584,500,502,547,477,0.0969180073657686,0.0985666601217357,0.0968655923499203,0.0920494017753763,49,0.00232436791423557,19,12,12,6,0.00368288427989921,0.00235617514235225,0.00212502213564725,0.00115785411038209,12340,0.585361225748304,3100,3011,3179,3050,0.600891645667765,0.591203612801885,0.56295378076855,0.58857583944423,12880,0.610976708884778,3243,3145,3319,3173,0.628610195774375,0.617514235224818,0.587745705684434,0.612311848707063,2031,0.0963426782410702,540,481,514,496,0.10467144795503,0.0944433536226193,0.0910217814768904,0.0957159397915863,5304,0.25160096769603,1321,1313,1358,1312,0.256057375460361,0.257804830159042,0.24048167168408,0.253184098803551
"21213",31358,31733,19,0.000605905988902353,4,4,4,7,0.000517464424320828,0.000520088415030555,0.000486973459946433,0.000906383529716431,3,9.56693666687927e-05,0,1,2,0,0,0.000130022103757639,0.000243486729973216,0,0,0,0,0,0,0,0,0,0,0,0,0,0,0,0,0,0,0,0,0,1,3.18897888895976e-05,0,0,0,1,0,0,0,0.000129483361388062,3,9.56693666687927e-05,0,1,2,0,0,0.000130022103757639,0.000243486729973216,0,6,0.000191338733337585,0,2,4,0,0,0.000260044207515278,0.000486973459946433,0,43,0.00137126092225269,14,4,9,16,0.0018111254851229,0.000520088415030555,0.00109569028487947,0.00207173378220899,2776,0.0885260539575228,700,698,722,656,0.0905562742561449,0.0907554284228319,0.0878987095203311,0.0849410850705684,8076,0.25754193507239,2052,2037,2074,1913,0.265459249676585,0.26485502535431,0.252495738982225,0.247701670335362,16172,0.515721665922572,4006,4042,4300,3824,0.518240620957309,0.525549343388376,0.523496469442415,0.495144373947948,216,0.00688819440015307,160,32,1,23,0.0206985769728331,0.00416070732024444,0.000121743364986608,0.00297811731192542,214,0.00682441482237388,70,58,30,56,0.00905562742561449,0.00754128201794305,0.00365230094959825,0.00725106823773145,938,0.0299126219784425,263,221,222,232,0.0340232858990944,0.0287348849304382,0.027027027027027,0.0300401398420303,9373,0.298902991262198,2284,2335,2363,2391,0.295472186287193,0.303601612274087,0.287679571463355,0.309594717078855,5605,0.178742266726194,1358,1377,1407,1463,0.175679172056921,0.179040436874269,0.171292914536158,0.189434157710734,12782,0.407615281586836,3246,3137,3161,3238,0.419922380336352,0.407879339487713,0.384830776722669,0.419267124174544,17568,0.56023981121245,4409,4412,4570,4177,0.570375161707633,0.573657521778702,0.5563671779888,0.540852000517933,987,0.0314752216340328,253,276,237,221,0.0327296248382924,0.0358861006371083,0.0288531775018262,0.0286158228667616,2389,0.0761847056572486,652,592,609,536,0.0843467011642949,0.0769730854245222,0.0741417092768444,0.069403081704001,3258,0.103896932202309,822,751,955,730,0.10633893919793,0.0976465999219867,0.116264913562211,0.094522853813285,99,0.00315708910007016,25,17,30,27,0.00323415265200517,0.00221037576387986,0.00365230094959825,0.00349605075747766,19189,0.611933159002487,4807,4796,4972,4614,0.621862871927555,0.623586009621636,0.605308010713416,0.597436229444516,19919,0.635212704891894,4967,4985,5183,4784,0.642561448900388,0.648160187231829,0.63099586072559,0.619448400880487,2245,0.0715925760571465,590,534,600,521,0.0763260025873221,0.0694318034065791,0.0730460189919649,0.0674608312831801,8556,0.272849033739397,2142,2177,2242,1995,0.277102199223803,0.28305811988038,0.272948624299976,0.258319305969183
"21214",14398,20790,13,0.000902903180997361,2,9,1,1,0.000577867668303958,0.00253378378378378,0.000263296471827277,0.000278784499581823,2,0.000138908181691902,0,0,2,0,0,0,0.000526592943654555,0,0,0,0,0,0,0,0,0,0,0,0,0,0,0,0,0,0,0,0,0,1,6.94540908459508e-05,0,1,0,0,0,0.000281531531531532,0,0,2,0.000138908181691902,0,0,2,0,0,0,0.000526592943654555,0,5,0.000347270454229754,0,1,4,0,0,0.000281531531531532,0.00105318588730911,0,15,0.00104181136268926,8,4,1,2,0.00231147067321583,0.00112612612612613,0.000263296471827277,0.000557568999163646,1494,0.103764411723851,393,393,365,343,0.113550996821728,0.110641891891892,0.0961032122169563,0.0956230833565654,3393,0.235657730240311,888,816,840,849,0.256573244726958,0.22972972972973,0.221169036334913,0.236688040144968,6890,0.478538685928601,1673,1683,1786,1748,0.483386304536261,0.473817567567568,0.470247498683518,0.487315305269027,75,0.00520905681344631,59,7,1,8,0.0170470962149668,0.00197072072072072,0.000263296471827277,0.00223027599665459,129,0.00895957771912766,37,28,28,36,0.0106905518636232,0.00788288288288288,0.00737230121116377,0.0100362419849456,434,0.0301430754271427,129,108,93,104,0.0372724646056053,0.0304054054054054,0.0244865718799368,0.0289935879565096,3358,0.233226837060703,859,863,799,837,0.24819416353655,0.242961711711712,0.210373880989995,0.233342626149986,1498,0.104042228087234,366,373,384,375,0.105749783299624,0.105011261261261,0.101105845181675,0.104544187343184,5060,0.351437699680511,1294,1280,1206,1280,0.373880381392661,0.36036036036036,0.317535545023697,0.356844159464734,7770,0.539658285873038,1894,1968,1975,1933,0.547240681883849,0.554054054054054,0.520010531858873,0.538890437691664,426,0.0295874427003751,119,114,82,111,0.0343831262640855,0.0320945945945946,0.0215903106898368,0.0309450794535824,1287,0.0893874149187387,331,295,340,321,0.0956370991043051,0.0830518018018018,0.0895208004212744,0.0894898243657653,1538,0.106820391721072,384,363,417,374,0.11095059231436,0.102195945945946,0.109794628751975,0.104265402843602,42,0.00291707181552993,7,12,11,12,0.00202253683906385,0.00337837837837838,0.00289626119010005,0.00334541399498188,8741,0.607098208084456,2139,2189,2225,2188,0.618029471251084,0.616272522522523,0.585834649815692,0.609980485085029,9107,0.632518405334074,2229,2281,2325,2272,0.644033516324762,0.642173423423423,0.61216429699842,0.633398383049902,1350,0.0937630226420336,336,340,333,341,0.097081768275065,0.0957207207207207,0.0876777251184834,0.0950655143574017,3992,0.277260730657036,995,1024,1010,963,0.287489164981219,0.288288288288288,0.26592943654555,0.268469473097296
"21215",56478,59404,47,0.00083218244272106,11,9,14,13,0.000783754898468115,0.00065402223675605,0.000946777574896869,0.000935588341129903,5,8.85300470979851e-05,0,3,2,0,0,0.000218007412252017,0.000135253939270981,0,0,0,0,0,0,0,0,0,0,0,0,0,0,0,0,0,0,0,0,0,4,7.0824037678388e-05,0,1,0,3,0,7.26691374173389e-05,0,0.000215905001799208,3,5.3118028258791e-05,0,0,3,0,0,0,0.000202880908906472,0,9,0.000159354084776373,0,3,6,0,0,0.000218007412252017,0.000405761817812944,0,64,0.00113318460285421,17,14,12,21,0.00121125757035981,0.00101736792384274,0.000811523635625888,0.00151133501259446,5597,0.0991005347214845,1436,1424,1373,1364,0.102315639472747,0.103480851682291,0.0928518293095286,0.0981648074847067,14358,0.254222883246574,3581,3557,3738,3482,0.255147844674029,0.258484121793474,0.252789612497464,0.250593738754948,28814,0.510180955416268,7188,7161,7613,6852,0.512148200926256,0.520383693045564,0.51484411983499,0.493127024109392,410,0.00725946386203478,298,59,10,43,0.0212326327039544,0.00428747910762299,0.000676269696354906,0.00309463835912199,576,0.0101986614256879,201,125,104,146,0.0143213395083719,0.00908364217716736,0.00703320484209103,0.0105073767542281,1826,0.0323311732001841,555,387,420,464,0.0395439971499822,0.0281229561805101,0.0284033272469061,0.0333933069449442,14120,0.25000885300471,3681,3550,3514,3375,0.262272889205558,0.257975437831553,0.237641171299114,0.242893127024109,8082,0.143099968129183,2075,2007,2036,1964,0.147844674029213,0.145846958796599,0.137688510177859,0.141345807844548,21032,0.372392790112964,5548,5241,5227,5016,0.395297470609191,0.380858949204273,0.35348617028471,0.360993163008276,33182,0.587520804561068,8359,8231,8571,8021,0.595582472390452,0.598139670082116,0.57963075674579,0.57725800647715,1360,0.0240801728106519,378,352,307,323,0.0269326683291771,0.0255795363709033,0.0207614796780956,0.0232457718603814,4900,0.0867594461560253,1244,1188,1278,1190,0.0886355539722123,0.0863309352517986,0.086427267194157,0.0856423173803526,6142,0.108750309855165,1552,1471,1695,1424,0.11058069112932,0.106896301140905,0.114627713532157,0.102482907520691,121,0.00214242713977124,32,28,30,31,0.00228001425008906,0.00203473584768549,0.00202880908906472,0.00223101835192515,35961,0.636725804738128,9036,8898,9350,8677,0.643819023868899,0.646609984739481,0.632312166091837,0.624469233537244,37466,0.663373348914622,9412,9251,9740,9063,0.670609191307446,0.672262190247802,0.658686684249679,0.652249010435408,4786,0.0847409610821913,1189,1252,1231,1114,0.0847167794798717,0.0909817600465083,0.083248799621289,0.0801727240014394,16442,0.291122206877014,4185,4017,4218,4022,0.29818311364446,0.29191192500545,0.285250557922499,0.289456639078805
"21216",28287,30037,16,0.000565630855163149,6,3,4,3,0.000850460666194189,0.000440722785368004,0.000538213132400431,0.000429000429000429,7,0.000247463499133878,0,1,6,0,0,0.000146907595122668,0.000807319698600646,0,0,0,0,0,0,0,0,0,0,0,1,3.53519284476968e-05,0,0,1,0,0,0,0.000134553283100108,0,1,3.53519284476968e-05,0,1,0,0,0,0.000146907595122668,0,0,0,0,0,0,0,0,0,0,0,0,7,0.000247463499133878,0,1,6,0,0,0.000146907595122668,0.000807319698600646,0,64,0.0022625234206526,28,13,6,17,0.00396881644223955,0.00190979873659468,0.000807319698600646,0.00243100243100243,2476,0.0875313748364973,626,599,630,621,0.088731396172927,0.087997649478478,0.0847685683530678,0.0888030888030888,7303,0.25817513345353,1902,1750,1871,1780,0.269596031183558,0.257088291464669,0.251749192680301,0.254540254540255,15008,0.530561742143034,3801,3634,3882,3691,0.538766832034018,0.533862200675775,0.522335844994618,0.527813527813528,167,0.00590377205076537,108,27,7,25,0.0153082919914954,0.00396650506831203,0.000941872981700754,0.00357500357500357,295,0.0104288188920706,105,59,41,90,0.0148830616583983,0.0086675481122374,0.00551668460710441,0.0128700128700129,918,0.0324530703149857,278,193,194,253,0.0394046775336641,0.0283531658586749,0.0261033369214209,0.0361790361790362,7729,0.273235054972249,1948,1867,1972,1942,0.27611622962438,0.274276480094021,0.265339074273412,0.277706277706278,4495,0.158906918372397,1091,1096,1142,1166,0.154642097802977,0.161010724254444,0.153659849300323,0.166738166738167,11038,0.390214586205678,2864,2651,2751,2772,0.405953224663359,0.389452034670192,0.370156081808396,0.396396396396396,16070,0.568105490154488,4097,3834,4185,3954,0.580722891566265,0.563243719700309,0.56310548977395,0.565422565422565,573,0.0202566550005303,158,137,135,143,0.0223954642097803,0.0201263405318055,0.0181646932185145,0.0204490204490204,2326,0.0822285855693428,597,555,629,545,0.0846208362863218,0.0815337152930806,0.0846340150699677,0.0779350779350779,2686,0.0949552798105137,699,600,762,625,0.099078667611623,0.0881445570736007,0.102529601722282,0.0893750893750894,73,0.00258069077668187,18,18,22,15,0.00255138199858257,0.00264433671220802,0.00296017222820237,0.00214500214500214,17489,0.61826987662177,4448,4182,4551,4308,0.630474840538625,0.614367562802997,0.61235199138859,0.616044616044616,18162,0.64206172446707,4619,4347,4711,4485,0.654712969525159,0.638607315998237,0.633880516684607,0.641355641355641,1905,0.0673454236928624,493,432,526,454,0.0698795180722892,0.0634640810929925,0.0707750269106566,0.0649220649220649,7973,0.281860925513487,2022,1958,2055,1938,0.286605244507442,0.287645071250184,0.276506996770721,0.277134277134277
"21217",32299,36563,17,0.000526332084584662,2,6,4,5,0.000254388196387688,0.000767950851145527,0.000462374291989365,0.000627116518249091,2,6.19214217158426e-05,0,1,1,0,0,0.000127991808524254,0.000115593572997341,0,0,0,0,0,0,0,0,0,0,0,0,0,0,0,0,0,0,0,0,0,9,0.000278646397721292,3,1,1,4,0.000381582294581531,0.000127991808524254,0.000115593572997341,0.000501693214599273,3,9.28821325737639e-05,0,1,2,0,0,0.000127991808524254,0.000231187145994683,0,5,0.000154803554289606,0,2,3,0,0,0.000255983617048509,0.000346780718992024,0,87,0.00269358184463915,42,14,7,24,0.00534215212414144,0.00179188531933956,0.000809155010981389,0.00301015928759564,2587,0.0800953589894424,635,629,700,623,0.0807682523530908,0.0805068475617561,0.0809155010981389,0.0781387181738367,7698,0.238335552184278,1904,1837,2014,1943,0.242177562961079,0.235120952259055,0.232805456016645,0.243697478991597,17769,0.550140871234404,4387,4301,4703,4378,0.558000508776393,0.550492768462818,0.543636573806496,0.549103223378904,180,0.00557292795442583,115,33,6,26,0.014627321292292,0.0042237296813004,0.000693561437984048,0.00326100589489527,249,0.0077092170036224,87,55,40,67,0.0110658865428644,0.007039549468834,0.00462374291989365,0.00840336134453781,918,0.0284219325675718,265,204,199,250,0.0337064360213686,0.0261103289389479,0.0230031210264709,0.0313558259124545,9190,0.284528932784297,2275,2258,2388,2269,0.289366573390995,0.289005503647767,0.276037452317651,0.284585475981437,5247,0.162450849871513,1282,1234,1414,1317,0.163062833884508,0.15794189171893,0.163449312218241,0.16518249090681,12893,0.399176445091179,3255,3104,3246,3288,0.414016789620962,0.397286573659286,0.37521673794937,0.412391822400602,17392,0.538468683240967,4377,4180,4543,4292,0.556728567794454,0.535005759631384,0.525141602126922,0.538316819265019,668,0.0206817548530914,179,163,148,178,0.022767743576698,0.0208626647894535,0.0171078488036065,0.0223253480496676,2352,0.0728195919378309,563,578,597,614,0.0716102772831341,0.0739792653270191,0.0690093630794128,0.0770099084409883,3003,0.0929750147063377,723,709,823,748,0.0919613329941491,0.0907461922436964,0.0951335105768119,0.093816631130064,86,0.00266262113378123,20,15,29,22,0.00254388196387688,0.00191987712786382,0.0033522136169229,0.002759312680296,19067,0.590327873927985,4762,4605,4989,4711,0.605698295599084,0.589402278254192,0.576696335683736,0.590869183494293,19822,0.613703210625716,4924,4796,5210,4892,0.626303739506487,0.613848713682324,0.602242515316148,0.61357080145491,2109,0.065296139199356,495,498,562,554,0.0629610786059527,0.0637399206450787,0.0649635880245058,0.0694845102219993,7818,0.242050837487229,1915,1895,2083,1925,0.243576698041211,0.242544477153462,0.240781412553462,0.2414398595259
"21218",37157,48815,31,0.000834297709718223,9,7,9,6,0.000989663514405102,0.000779596837064261,0.000918179963272801,0.000646412411118293,6,0.000161476976074495,0,1,5,0,0,0.000111370976723466,0.000510099979596001,0,0,0,0,0,0,0,0,0,0,0,0,0,0,0,0,0,0,0,0,0,7,0.000188389805420244,3,0,1,3,0.000329887838135034,0,0.0001020199959192,0.000323206205559147,3,8.07384880372474e-05,0,1,2,0,0,0.000111370976723466,0.0002040399918384,0,8,0.000215302634765993,0,1,7,0,0,0.000111370976723466,0.000714139971434401,0,91,0.00244906747046317,36,19,9,27,0.00395865405762041,0.00211604855774585,0.000918179963272801,0.00290885585003232,3423,0.0921226148504992,819,832,915,857,0.0900593798108643,0.0926606526339236,0.0933482962660682,0.0923292393880629,9415,0.253384288290228,2264,2255,2477,2419,0.248955355179239,0.251141552511416,0.252703529891859,0.260611937082525,19636,0.52846031703313,4776,4831,5232,4797,0.525181438310974,0.538033188551064,0.533768618649255,0.516806722689076,208,0.00559786850391582,139,31,5,33,0.0152848031669232,0.00345250027842744,0.000510099979596001,0.00355526826115061,338,0.0090965363188632,115,85,53,85,0.012645700461843,0.0094665330214946,0.00540705978371761,0.00915750915750916,1258,0.0338563393169524,374,281,287,316,0.0411260171541676,0.0312952444592939,0.0292797388288104,0.0340443869855635,10219,0.27502220308421,2624,2431,2641,2523,0.288541895755443,0.270742844414745,0.269434809222608,0.271816418875242,5396,0.145221627149662,1381,1307,1393,1315,0.151858368154827,0.14556186657757,0.142113854315446,0.141672053436759,14639,0.393976908792421,3781,3488,3730,3640,0.415768638662855,0.388461966811449,0.380534584778617,0.392156862745098,21307,0.573431654869876,5298,5206,5526,5277,0.58258192214647,0.579797304822363,0.5637624974495,0.568519715578539,922,0.0248136286567807,231,232,226,233,0.0254013635363976,0.0258380665998441,0.0230565190777392,0.0251023486317604,3209,0.0863632693705089,742,795,861,811,0.0815922586320651,0.0885399264951554,0.0878392164864313,0.0873734109028227,3881,0.104448690690852,971,859,1093,958,0.106773696943039,0.0956676690054572,0.111507855539686,0.103210514975221,115,0.00309497537476115,24,19,44,28,0.00263910270508027,0.00211604855774585,0.00448887982044481,0.00301659125188537,23542,0.633581828457626,5827,5733,6153,5829,0.640752144270948,0.63848980955563,0.627729034890839,0.627989657401422,24491,0.659122103506742,6072,5951,6401,6067,0.667692984385309,0.662768682481345,0.6530299938788,0.653630683042448,3313,0.0891622036224668,820,820,844,829,0.090169342423576,0.091324200913242,0.0861048765558049,0.0893126481361775,10351,0.278574696557849,2526,2520,2709,2596,0.277765559709699,0.280654861343134,0.276372168945113,0.279681103210515
"21222",50680,54771,62,0.00122336227308603,20,14,12,16,0.00157828282828283,0.00113204495835692,0.000902798675895275,0.00129565146975464,3,5.91949486977111e-05,0,2,1,0,0,0.000161720708336703,7.5233222991273e-05,0,1,1.97316495659037e-05,0,0,1,0,0,0,7.5233222991273e-05,0,0,0,0,0,0,0,0,0,0,0,8,0.00015785319652723,2,1,1,4,0.000157828282828283,8.08603541683513e-05,7.5233222991273e-05,0.000323912867438659,3,5.91949486977111e-05,0,0,3,0,0,0,0.000225699668973819,0,8,0.00015785319652723,0,3,5,0,0,0.000242581062505054,0.000376166114956365,0,51,0.00100631412786109,16,15,4,16,0.00126262626262626,0.00121290531252527,0.000300932891965092,0.00129565146975464,5801,0.114463299131807,1484,1428,1454,1435,0.117108585858586,0.115468585752406,0.109389106229311,0.116203741193619,10859,0.214265982636148,2772,2662,2804,2621,0.21875,0.215250262796151,0.210953957267529,0.212243906389181,27917,0.550848460931334,6928,6913,7306,6770,0.546717171717172,0.558987628365812,0.54965392717424,0.54822252813993,311,0.00613654301499605,212,53,8,38,0.016729797979798,0.00428559877092262,0.000601865783930184,0.00307717224066726,397,0.00783346487766377,145,84,61,107,0.0114425505050505,0.00679226975014151,0.00458922660246765,0.00866466920398413,1927,0.0380228887134964,567,423,464,473,0.0447443181818182,0.0342039298132126,0.0349082154679506,0.0383026965746214,15038,0.29672454617206,3840,3684,3784,3730,0.303030303030303,0.297889544756206,0.284682515798977,0.30204874888655,5080,0.100236779794791,1282,1202,1286,1310,0.101167929292929,0.0971941457103582,0.096749924766777,0.106081464086161,20194,0.39846093133386,5251,4904,5051,4988,0.414378156565657,0.396539176841595,0.38000300932892,0.403919345696008,26664,0.526124704025256,6731,6573,6934,6426,0.531171085858586,0.531495107948573,0.521667168221487,0.520366021540206,2373,0.0468232044198895,700,598,542,533,0.055239898989899,0.0483544917926741,0.0407764068612699,0.0431613895862013,3147,0.062095501183899,796,743,833,775,0.0628156565656566,0.060079243147085,0.0626692747517304,0.0627581180662402,5076,0.100157853196527,1264,1177,1456,1179,0.0997474747474748,0.0951726368561494,0.109539572675293,0.0954733176775447,152,0.00299921073401736,36,43,41,32,0.00284090909090909,0.0034769952292391,0.00308456214264219,0.00259130293950927,30660,0.604972375690608,7762,7523,7962,7413,0.612531565656566,0.608312444408507,0.599006921456515,0.600291521580695,31848,0.628413575374901,8025,7836,8271,7716,0.633285984848485,0.6336217352632,0.622253987360818,0.624827921289173,6090,0.120165745856354,1536,1528,1566,1460,0.121212121212121,0.123554621169241,0.117815227204333,0.118228196615111,13204,0.260536700868193,3362,3219,3381,3242,0.265309343434343,0.260289480067923,0.254363526933494,0.262531379059033
"21223",26414,23811,19,0.000719315514499886,5,5,4,5,0.000763708568810142,0.000793776789966661,0.00056369785794814,0.000772558714462299,7,0.000265010979026274,0,3,4,0,0,0.000476266073979997,0.00056369785794814,0,1,3.78587112894677e-05,0,0,1,0,0,0,0.000140924464487035,0,0,0,0,0,0,0,0,0,0,0,6,0.000227152267736806,3,0,3,0,0.000458225141286085,0,0.000422773393461105,0,2,7.57174225789354e-05,0,0,2,0,0,0,0.00028184892897407,0,9,0.000340728401605209,0,3,6,0,0,0.000476266073979997,0.00084554678692221,0,69,0.00261225107897327,22,11,17,19,0.00336031770276462,0.00174630893792665,0.00239571589627959,0.00293572311495674,1903,0.072045127583857,475,470,533,425,0.0725523140369635,0.0746150182568662,0.0751127395715896,0.0656674907292954,5969,0.225978647686833,1487,1426,1557,1499,0.227126928364136,0.226385140498492,0.219419391206313,0.231613102595797,15678,0.593548875596275,3830,3867,4199,3782,0.585000763708569,0.613906969360216,0.59174182638106,0.584363411619283,135,0.00511092602407814,100,19,4,12,0.0152741713762028,0.00301635180187331,0.00056369785794814,0.00185414091470952,259,0.00980540622397214,91,56,38,74,0.0138994959523446,0.00889030004762661,0.00535512965050733,0.011433868974042,1002,0.0379344287120466,279,202,236,285,0.0426149381396059,0.0320685823146531,0.0332581736189402,0.044035846724351,8015,0.303437570985084,2031,1988,2005,1991,0.31021842065068,0.315605651690745,0.282553551296505,0.307632880098888,4394,0.166351177405921,1128,1046,1121,1099,0.172292653123568,0.166058104461026,0.157976324689966,0.169808405438813,10792,0.408571212235936,2808,2632,2668,2684,0.428898732243776,0.417844102238451,0.375986471251409,0.414709517923362,13194,0.499507836753237,3385,3226,3420,3163,0.517030701084466,0.51214478488649,0.48196166854566,0.48872064276885,471,0.0178314530173393,131,118,123,99,0.0200091645028257,0.0187331322432132,0.0173337091319053,0.0152966625463535,1823,0.0690164306806996,504,433,455,431,0.0769818237360623,0.0687410700111129,0.0641206313416009,0.0665945611866502,2160,0.0817748163852502,531,508,589,532,0.0811058500076371,0.0806477218606128,0.0830045095828636,0.0822002472187886,76,0.00287726205799955,21,14,23,18,0.0032075759890026,0.00222257501190665,0.0032412626832018,0.00278121137206428,14867,0.562845460740516,3784,3618,3864,3601,0.577974644875516,0.574376885219876,0.544532130777903,0.556396786155748,15683,0.593738169152722,3974,3834,4081,3794,0.606995570490301,0.608668042546436,0.57511273957159,0.586217552533993,1556,0.0589081547664118,377,385,421,373,0.0575836260882847,0.0611208128274329,0.0593291995490417,0.0576328800988875,6480,0.245324449155751,1631,1531,1711,1607,0.249121735145868,0.243054453087792,0.241121758737317,0.248300370828183
"21224",38464,50957,42,0.00109193011647255,11,7,13,11,0.00116476069462092,0.000744601638123604,0.00126953125,0.00117283292461883,4,0.000103993344425957,0,3,1,0,0,0.000319114987767259,9.765625e-05,0,1,2.59983361064892e-05,0,0,1,0,0,0,9.765625e-05,0,0,0,0,0,0,0,0,0,0,0,2,5.19966722129784e-05,0,1,1,0,0,0.000106371662589086,9.765625e-05,0,4,0.000103993344425957,0,1,2,1,0,0.000106371662589086,0.0001953125,0.000106621174965348,9,0.000233985024958403,0,4,4,1,0,0.000425486650356345,0.000390625,0.000106621174965348,41,0.00106593178036606,15,12,6,8,0.00158831003811944,0.00127645995106904,0.0005859375,0.000852969399722785,3131,0.0814007903494176,831,765,773,762,0.087992376111817,0.081374321880651,0.07548828125,0.0812453353235953,6968,0.181156405990017,1810,1695,1815,1648,0.191656077933079,0.180299968088501,0.17724609375,0.175711696342894,18067,0.46971193843594,4498,4390,4825,4354,0.476281236764083,0.466971598766089,0.47119140625,0.464228595799126,206,0.00535565723793677,151,30,1,24,0.015988987717069,0.00319114987767259,9.765625e-05,0.00255890819916835,255,0.00662957570715474,105,51,28,71,0.0111181702668361,0.0054249547920434,0.002734375,0.00757010342253972,1233,0.0320559484193012,385,259,274,315,0.0407666243117323,0.0275502606105733,0.0267578125,0.0335856701140847,9503,0.247062188019967,2417,2357,2499,2230,0.255929690808979,0.250718008722476,0.24404296875,0.237765220172726,4113,0.10693115640599,1008,960,1111,1034,0.106734434561626,0.102116796085523,0.10849609375,0.11024629491417,13060,0.339538269550749,3406,3205,3328,3121,0.360652265988988,0.340921178598022,0.325,0.332764687066851,16224,0.421797004991681,4128,3986,4260,3850,0.43710292249047,0.423997447080098,0.416015625,0.41049152361659,1333,0.0346557820299501,377,353,287,316,0.0399195256247353,0.0375491968939475,0.02802734375,0.03369229128905,1973,0.0512947171381032,488,479,514,492,0.0516730199068191,0.0509520263801723,0.0501953125,0.0524576180829513,3316,0.0862104825291181,816,811,973,716,0.0864040660736976,0.086267418359749,0.09501953125,0.0763407612751893,106,0.00275582362728785,26,24,32,24,0.00275307073274036,0.00255291990213807,0.003125,0.00255890819916835,18776,0.488144758735441,4789,4641,4924,4422,0.5070944515036,0.493670886075949,0.480859375,0.471478835696769,19819,0.515261023294509,5057,4875,5215,4672,0.535472257518001,0.518561855121796,0.50927734375,0.498134129438106,3641,0.0946599417637271,921,907,962,851,0.0975222363405337,0.0964790979683012,0.0939453125,0.0907346198955113,7880,0.204866888519135,2032,1936,2031,1881,0.215163066497247,0.205935538772471,0.19833984375,0.20055443010982
"21225",28867,33001,27,0.000935324072470295,6,8,8,5,0.000842578289566072,0.00115858073859522,0.00102880658436214,0.000707714083510262,4,0.000138566529254858,0,1,3,0,0,0.000144822592324403,0.000385802469135802,0,0,0,0,0,0,0,0,0,0,0,0,0,0,0,0,0,0,0,0,0,6,0.000207849793882288,2,2,0,2,0.000280859429855357,0.000289645184648805,0,0.000283085633404105,5,0.000173208161568573,0,2,3,0,0,0.000289645184648805,0.000385802469135802,0,9,0.000311774690823432,0,3,6,0,0,0.000434467776973208,0.000771604938271605,0,57,0.00197457304188173,16,11,15,15,0.00224687543884286,0.00159304851556843,0.00192901234567901,0.00212314225053079,2436,0.0843870163162088,558,569,654,655,0.0783597809296447,0.0824040550325851,0.0841049382716049,0.0927105449398443,5619,0.194651331970762,1490,1371,1459,1299,0.209240275242241,0.198551774076756,0.187628600823045,0.183864118895966,14976,0.51879308553019,3703,3672,3980,3621,0.520011234377194,0.531788559015206,0.511831275720165,0.512526539278132,156,0.00540409464093948,104,29,1,22,0.0146046903524786,0.00419985517740768,0.000128600823045268,0.00311394196744515,331,0.0114663802958395,116,64,35,116,0.0162898469316107,0.00926864590876177,0.00450102880658436,0.0164189667374381,1310,0.0453805383309662,404,283,270,353,0.0567336048307822,0.0409847936278059,0.0347222222222222,0.0499646142958245,8308,0.287802681262341,2221,1995,2085,2007,0.311894396854374,0.288921071687183,0.268132716049383,0.284076433121019,3639,0.126060899989608,954,828,940,917,0.133969948041005,0.119913106444605,0.120884773662551,0.129794762915782,11436,0.39616170713964,3061,2732,2853,2790,0.429855357393625,0.395655322230268,0.366898148148148,0.394904458598726,13693,0.474347871271694,3476,3295,3588,3334,0.488133689088611,0.477190441708907,0.46141975308642,0.471903750884643,917,0.0317663768316763,279,216,216,206,0.0391798904648224,0.031281679942071,0.0277777777777778,0.0291578202406228,1795,0.0621817300031177,464,399,474,458,0.0651593877264429,0.0577842143374366,0.0609567901234568,0.06482661004954,2452,0.0849412824332283,636,571,661,584,0.0893132986940036,0.0826937002172339,0.0850051440329218,0.0826610049539986,74,0.00256348079121488,19,16,21,18,0.0026681645836259,0.00231716147719044,0.00270061728395062,0.00254777070063694,15838,0.548654172584612,4033,3842,4161,3802,0.566353040303328,0.556408399710355,0.535108024691358,0.538145789101203,16602,0.57512037967229,4201,4033,4361,4007,0.589945232411178,0.584069514844316,0.560828189300412,0.567162066525124,2564,0.0888211452523643,638,643,653,630,0.089594158123859,0.0931209268645909,0.0839763374485597,0.089171974522293,6862,0.23771088093671,1752,1624,1812,1674,0.246032860553293,0.23519188993483,0.233024691358025,0.236942675159236
"21226",5286,7770,6,0.00113507377979569,3,1,0,2,0.00232198142414861,0.000797448165869219,0,0.00154320987654321,0,0,0,0,0,0,0,0,0,0,0,0,0,0,0,0,0,0,0,0,0,0,0,0,0,0,0,0,0,0,1,0.000189178963299281,0,1,0,0,0,0.000797448165869219,0,0,1,0.000189178963299281,0,0,1,0,0,0,0.000692520775623269,0,1,0.000189178963299281,0,0,1,0,0,0,0.000692520775623269,0,6,0.00113507377979569,2,0,4,0,0.00154798761609907,0,0.00277008310249307,0,449,0.0849413545213772,114,99,127,109,0.0882352941176471,0.0789473684210526,0.0879501385041551,0.0841049382716049,917,0.173477109345441,231,216,235,235,0.178792569659443,0.172248803827751,0.162742382271468,0.181327160493827,2846,0.538403329549754,707,705,753,681,0.547213622291022,0.562200956937799,0.521468144044321,0.525462962962963,18,0.00340522133938706,9,5,2,2,0.00696594427244582,0.00398724082934609,0.00138504155124654,0.00154320987654321,62,0.0117290957245554,16,7,9,30,0.0123839009287926,0.00558213716108453,0.00623268698060942,0.0231481481481481,228,0.0431328036322361,64,42,44,78,0.0495356037151703,0.0334928229665072,0.0304709141274238,0.0601851851851852,1471,0.278282255013243,374,348,365,384,0.289473684210526,0.277511961722488,0.252770083102493,0.296296296296296,563,0.106507756337495,128,138,146,151,0.0990712074303406,0.110047846889952,0.101108033240997,0.116512345679012,2024,0.382898221717745,522,468,514,520,0.404024767801858,0.373205741626794,0.35595567867036,0.401234567901235,2285,0.432273931138857,575,529,626,555,0.445046439628483,0.421850079744817,0.433518005540166,0.428240740740741,167,0.0315928868709799,49,46,45,27,0.0379256965944272,0.0366826156299841,0.0311634349030471,0.0208333333333333,315,0.0595913734392736,72,81,80,82,0.0557275541795666,0.0645933014354067,0.0554016620498615,0.0632716049382716,432,0.0817253121452894,112,94,119,107,0.086687306501548,0.0749601275917065,0.082409972299169,0.0825617283950617,18,0.00340522133938706,4,2,7,5,0.00309597523219814,0.00159489633173844,0.00484764542936288,0.00385802469135802,2731,0.516647748770337,681,645,751,654,0.527089783281734,0.514354066985646,0.520083102493075,0.50462962962963,2901,0.548808172531214,723,683,790,705,0.559597523219814,0.544657097288676,0.547091412742382,0.543981481481482,488,0.0923193340900492,131,101,142,114,0.101393188854489,0.0805422647527911,0.0983379501385042,0.087962962962963,1218,0.230419977298524,311,299,300,308,0.240712074303406,0.238437001594896,0.207756232686981,0.237654320987654
"21227",22846,33926,22,0.000962969447605708,5,2,9,6,0.000871535645807914,0.000366568914956012,0.00150175204405139,0.00106007067137809,3,0.000131314015582597,0,0,3,0,0,0,0.000500584014683798,0,0,0,0,0,0,0,0,0,0,0,0,0,0,0,0,0,0,0,0,0,2,8.75426770550643e-05,0,1,0,1,0,0.000183284457478006,0,0.000176678445229682,0,0,0,0,0,0,0,0,0,0,3,0.000131314015582597,0,0,3,0,0,0,0.000500584014683798,0,25,0.0010942834631883,9,7,4,5,0.00156876416245424,0.00128299120234604,0.00066744535291173,0.00088339222614841,2128,0.0931454083865885,570,513,542,503,0.0993550636221021,0.094024926686217,0.0904388453195395,0.08886925795053,4396,0.192418804167031,1183,1021,1110,1082,0.206205333798152,0.187133431085044,0.185216085433005,0.191166077738516,10218,0.447255537074324,2595,2422,2663,2538,0.452327000174307,0.44391495601173,0.444351743700984,0.448409893992933,129,0.00564650267005165,84,19,2,24,0.0146417988495729,0.00348240469208211,0.000333722676455865,0.00424028268551237,293,0.0128250021885669,99,65,43,86,0.0172564057869967,0.0119134897360704,0.0071750375438011,0.0151943462897526,981,0.0429396830955091,288,217,223,253,0.0502004531985358,0.0397727272727273,0.037210078424829,0.0446996466431095,5383,0.235621115293706,1392,1305,1371,1315,0.242635523792923,0.239186217008798,0.228766894710496,0.232332155477032,2055,0.0899501006740786,545,470,540,500,0.0949973853930626,0.0861436950146628,0.0901051226430836,0.088339222614841,8070,0.353234701917185,2153,1945,1998,1974,0.375283249084888,0.356488269794721,0.333388953779409,0.348763250883392,10559,0.462181563512212,2747,2532,2673,2607,0.478821683806868,0.464076246334311,0.446020357083264,0.460600706713781,582,0.0254749190230237,168,143,131,140,0.0292835976991459,0.0262096774193548,0.0218588353078592,0.0247349823321555,1628,0.0712597391228224,407,382,457,382,0.0709430015687642,0.0700146627565982,0.0762556315701652,0.0674911660777385,1927,0.0843473693425545,497,433,536,461,0.0866306431933066,0.0793621700879765,0.0894376772901719,0.0814487632508834,60,0.00262628031165193,12,14,16,18,0.00209168554993899,0.00256598240469208,0.00266978141164692,0.00318021201413428,12092,0.529283025474919,3153,2875,3094,2970,0.54959037824647,0.526942815249267,0.516268980477223,0.524734982332155,12754,0.558259651580145,3306,3041,3267,3140,0.576259369008192,0.557368035190616,0.545135991990656,0.554770318021201,2364,0.103475444279086,656,537,571,600,0.114345476729998,0.0984237536656891,0.0952778241281495,0.106007067137809,5186,0.226998161603782,1346,1246,1319,1275,0.23461739585149,0.228372434017595,0.220090105122643,0.225265017667845
"21228",29417,47806,29,0.000985824523234864,10,8,9,2,0.00138331719463273,0.001115915748361,0.00116943866943867,0.00027311211252219,3,0.000101981847231193,0,0,3,0,0,0,0.00038981288981289,0,0,0,0,0,0,0,0,0,0,0,0,0,0,0,0,0,0,0,0,0,1,3.39939490770643e-05,1,0,0,0,0.000138331719463273,0,0,0,3,0.000101981847231193,0,0,3,0,0,0,0.00038981288981289,0,5,0.000169969745385321,0,0,5,0,0,0,0.00064968814968815,0,36,0.00122378216677431,12,9,4,11,0.00165998063355928,0.00125540521690612,0.00051975051975052,0.00150211661887205,3439,0.116905190876024,802,844,915,878,0.110942039009545,0.117729111452085,0.118892931392931,0.119896217397242,7300,0.248155828262569,1929,1779,1838,1754,0.266841886844653,0.248151764541777,0.238825363825364,0.239519322681961,12628,0.429275588945168,3182,3165,3232,3049,0.440171531332134,0.44148416794532,0.41995841995842,0.416359415540079,161,0.00547302580140735,101,20,1,39,0.0139715036657906,0.0027897893709025,0.00012993762993763,0.00532568619418271,348,0.0118298942788184,132,67,58,91,0.018259786969152,0.00934579439252336,0.00753638253638254,0.0124266011197597,961,0.0326681850630588,303,227,215,216,0.0419145109973717,0.0316641093597433,0.0279365904365904,0.0294961081523966,5626,0.191249957507564,1451,1400,1411,1364,0.200719324941209,0.195285255963175,0.183341995841996,0.186262460740134,2265,0.0769962946595506,563,548,585,569,0.0778807580578227,0.0764402287627284,0.0760135135135135,0.0777003960125632,9991,0.339633545228949,2629,2439,2463,2460,0.363674090468945,0.340214813781559,0.320036382536383,0.335927898402294,15819,0.53775028045008,4016,3889,4011,3903,0.555540185364504,0.542474543171991,0.521179833679834,0.532978287587054,772,0.0262433286874936,215,178,180,199,0.0297413196846037,0.0248291254010322,0.0233887733887734,0.0271746551959579,2666,0.0906278682394534,672,685,678,631,0.0929589154793194,0.0955502859534105,0.0880977130977131,0.0861668715007511,2788,0.0947751300268552,734,623,765,666,0.101535482086042,0.0869019389036128,0.0994022869022869,0.0909463334698894,65,0.00220960669000918,13,13,21,18,0.00179831235302255,0.00181336309108662,0.00272869022869023,0.00245800901269971,17932,0.609579494849917,4468,4389,4610,4465,0.618066122561903,0.612219277444553,0.599012474012474,0.60972279120579,18768,0.637998436278342,4711,4581,4796,4680,0.651680730391479,0.639001255405217,0.623180873180873,0.639082343301925,4165,0.141584797905973,1039,1021,1068,1037,0.143726656522341,0.142418747384572,0.138773388773389,0.141608630342756,6612,0.224767991297549,1713,1600,1646,1653,0.236962235440587,0.2231831496722,0.213877338877339,0.22572716099959
"21229",35917,48225,40,0.00111367875936186,9,11,13,7,0.0010183299389002,0.00126582278481013,0.00137435246854847,0.000783874580067189,3,8.35259069521396e-05,0,1,2,0,0,0.000115074798619102,0.00021143884131515,0,0,0,0,0,0,0,0,0,0,0,0,0,0,0,0,0,0,0,0,0,1,2.78419689840466e-05,1,0,0,0,0.000113147770988912,0,0,0,3,8.35259069521396e-05,0,1,2,0,0,0.000115074798619102,0.00021143884131515,0,6,0.000167051813904279,0,2,4,0,0,0.000230149597238205,0.000422877682630299,0,47,0.00130857254225019,16,16,9,6,0.00181036433582258,0.00184119677790564,0.000951474785918173,0.000671892497200448,2974,0.0828020157585544,750,770,758,696,0.0848608282416836,0.0886075949367089,0.0801353208584417,0.077939529675252,9689,0.269760837486427,2466,2419,2409,2395,0.279022403258656,0.278365937859609,0.254678084364098,0.268197088465845,17044,0.474538519364089,4194,4247,4503,4100,0.474541751527495,0.488722669735328,0.476054551221059,0.459126539753639,174,0.0048445026032241,112,24,5,33,0.0126725503507581,0.00276179516685846,0.000528597103287874,0.00369540873460246,399,0.0111089456246346,142,87,55,115,0.0160669834804254,0.0100115074798619,0.00581456813616661,0.0128779395296753,1284,0.0357490881755158,388,283,292,321,0.0439013351436977,0.032566168009206,0.0308700708320118,0.035946248600224,9193,0.25595122087034,2363,2232,2312,2286,0.267368182846798,0.256846950517837,0.244423300560313,0.255991041433371,4887,0.136063702425035,1186,1163,1279,1259,0.134193256392849,0.133831990794016,0.135215139021038,0.140985442329227,13784,0.383773700476098,3610,3341,3424,3409,0.408463453269971,0.384464902186421,0.361983296331536,0.381746920492721,19672,0.547707213854164,4972,4881,5011,4808,0.562570717356868,0.561680092059839,0.529760016915107,0.538409854423292,724,0.0201575855444497,187,185,175,177,0.0211586331749265,0.0212888377445339,0.0185008986150756,0.0198208286674132,3147,0.0876186763927945,789,785,797,776,0.0892735913102512,0.0903337169159954,0.0842583782640871,0.0868980963045913,3470,0.0966116323746415,852,834,969,815,0.0964019008825526,0.0959723820483314,0.10244211861719,0.0912653975363942,65,0.00180972798396303,14,11,25,15,0.00158406879384476,0.00126582278481013,0.00264298551643937,0.00167973124300112,21537,0.599632486009411,5446,5305,5508,5278,0.616202760805612,0.610471806674338,0.582302568981922,0.591041433370661,22419,0.62418910265334,5664,5518,5757,5480,0.640868974881195,0.634982738780207,0.608626704725658,0.613661814109742,2792,0.077734777403458,704,720,670,698,0.0796560307761937,0.0828538550057537,0.0708320118405751,0.0781634938409854,10094,0.281036834924966,2607,2519,2566,2402,0.294976238968092,0.289873417721519,0.271276033407337,0.268980963045913
"21230",20291,34657,23,0.0011335074663644,8,6,4,5,0.00160384923817161,0.00121531294308284,0.000731930466605672,0.001020199959192,1,4.92829333201912e-05,0,1,0,0,0,0.000202552157180474,0,0,1,4.92829333201912e-05,0,1,0,0,0,0.000202552157180474,0,0,0,0,0,0,0,0,0,0,0,0,7,0.000344980533241339,0,1,6,0,0,0.000202552157180474,0.00109789569990851,0,0,0,0,0,0,0,0,0,0,0,3,0.000147848799960574,0,3,0,0,0,0.000607656471541422,0,0,24,0.00118279039968459,11,4,5,4,0.00220529270248597,0.000810208628721896,0.000914913083257091,0.000816159967353601,1591,0.0784091469124242,427,383,414,367,0.0856054530874098,0.0775774762001215,0.0757548032936871,0.0748826770046929,3345,0.16485141195604,898,809,819,819,0.180032076984763,0.163864695159003,0.149862763037511,0.16710875331565,9238,0.455275738011926,2243,2265,2530,2200,0.449679230152366,0.458780636013774,0.462946020128088,0.448887982044481,83,0.00409048346557587,49,18,2,14,0.00982357658380112,0.00364593882924853,0.000365965233302836,0.0028565598857376,152,0.00749100586466906,49,34,21,48,0.00982357658380112,0.00688677334413612,0.00384263494967978,0.00979391960824322,687,0.0338573751909714,186,151,177,173,0.03728949478749,0.0305853757342516,0.032387923147301,0.0352989185880433,4910,0.241979202602139,1217,1202,1296,1195,0.243985565356856,0.24346769293093,0.237145471180238,0.243827790246888,2137,0.105317628505249,521,506,593,517,0.104450681635926,0.10249139153332,0.108508691674291,0.105488675780453,7043,0.347099699374107,1819,1708,1782,1734,0.36467522052927,0.34595908446425,0.326075022872827,0.353805345847786,8529,0.420334138287911,2176,2087,2220,2046,0.436246992782678,0.422726352035649,0.406221408966148,0.417465823301367,489,0.0240993543935735,130,120,129,110,0.0260625501202887,0.0243062588616569,0.0236047575480329,0.022444399102224,1175,0.0579074466512247,285,268,327,295,0.0571371291098637,0.054283978124367,0.0598353156450137,0.0601917975923281,1474,0.0726430437139619,388,333,393,360,0.0777866880513232,0.0674498683410978,0.0719121683440073,0.0734543970618241,44,0.00216844906608841,14,9,12,9,0.00280673616680032,0.00182296941462427,0.00219579139981702,0.0018363599265456,9881,0.486964664136809,2519,2412,2608,2342,0.505012028869286,0.488555803119303,0.477218664226898,0.477861660885534,10468,0.515893745995762,2659,2558,2757,2494,0.533079390537289,0.518128418067652,0.50448307410796,0.50887573964497,1648,0.0812182741116751,398,413,448,389,0.0797914995990377,0.0836540409155358,0.0819762122598353,0.0793715568251377,4114,0.202749987679267,1102,965,1049,998,0.22093023255814,0.195462831679157,0.191948764867338,0.203631911854724
"21231",10981,16729,18,0.00163919497313542,6,3,4,5,0.00223797090637822,0.00113679424024252,0.00135639199728722,0.00184365781710914,3,0.000273199162189236,0,0,3,0,0,0,0.00101729399796541,0,0,0,0,0,0,0,0,0,0,0,0,0,0,0,0,0,0,0,0,0,2,0.000182132774792824,0,0,1,1,0,0,0.000339097999321804,0.000368731563421829,1,9.1066387396412e-05,0,0,0,1,0,0,0,0.000368731563421829,4,0.000364265549585648,0,0,3,1,0,0,0.00101729399796541,0.000368731563421829,9,0.000819597486567708,2,1,2,4,0.000745990302126072,0.000378931413414172,0.000678195998643608,0.00147492625368732,863,0.0785902923231035,208,229,226,200,0.0775829914211115,0.0867752936718454,0.0766361478467277,0.0737463126843658,1946,0.177215189873418,486,474,542,444,0.181275643416636,0.179613489958318,0.183791115632418,0.163716814159292,5682,0.517439213186413,1355,1387,1542,1398,0.505408429690414,0.525577870405457,0.522889114954222,0.515486725663717,69,0.00628358073035243,53,9,1,6,0.0197687430063409,0.00341038272072755,0.000339097999321804,0.00221238938053097,52,0.00473545214461342,12,13,10,17,0.00447594181275643,0.00492610837438424,0.00339097999321804,0.00626843657817109,260,0.0236772607230671,77,58,59,66,0.0287206266318538,0.021978021978022,0.0200067819599864,0.0243362831858407,2652,0.241508059375285,637,630,700,685,0.237597911227154,0.238726790450928,0.237368599525263,0.252581120943953,1436,0.130771332301248,311,349,381,395,0.116001491980604,0.132247063281546,0.129196337741607,0.145648967551622,3713,0.338129496402878,943,851,948,971,0.351734427452443,0.32247063281546,0.32146490335707,0.358038348082596,4603,0.419178581185684,1109,1111,1273,1110,0.413651622528907,0.420992800303145,0.431671753136657,0.40929203539823,265,0.0241325926600492,79,59,79,48,0.0294666169339799,0.0223569533914361,0.0267887419464225,0.0176991150442478,601,0.0547308988252436,136,164,169,132,0.0507273405445729,0.0621447517999242,0.0573075618853849,0.0486725663716814,885,0.0805937528458246,239,199,256,191,0.0891458411040656,0.0754073512694202,0.0868090878263818,0.0704277286135693,35,0.00318732355887442,7,6,12,10,0.00261096605744125,0.00227358848048503,0.00406917599186165,0.00368731563421829,5374,0.489390765868318,1294,1304,1477,1299,0.482655725475569,0.49412656309208,0.500847744998305,0.478982300884956,5697,0.518805208997359,1387,1383,1563,1364,0.517344274524431,0.5240621447518,0.53001017293998,0.502949852507375,869,0.079136690647482,227,221,226,195,0.0846698992913092,0.083743842364532,0.0766361478467277,0.0719026548672566,2205,0.200801384209088,524,546,604,531,0.195449459157031,0.206896551724138,0.20481519159037,0.195796460176991
"21234",45860,69649,50,0.00109027474923681,11,18,13,8,0.000965250965250965,0.00162074554294976,0.00107740759157965,0.000708466170740347,2,4.36109899694723e-05,0,0,2,0,0,0,0.000165755014089176,0,0,0,0,0,0,0,0,0,0,0,0,0,0,0,0,0,0,0,0,0,7,0.000152638464893153,1,2,1,3,8.77500877500877e-05,0.000180082838105529,8.28775070445881e-05,0.00026567481402763,1,2.18054949847362e-05,0,1,0,0,0,9.00414190527643e-05,0,0,3,6.54164849542085e-05,0,1,2,0,0,9.00414190527643e-05,0.000165755014089176,0,50,0.00109027474923681,17,10,9,14,0.00149175149175149,0.000900414190527643,0.000745897563401293,0.00123981579879561,5325,0.11611426079372,1365,1344,1355,1261,0.11977886977887,0.121015667206915,0.112299022045417,0.111671980162947,9996,0.217967727867423,2569,2507,2488,2432,0.225429975429975,0.22573383756528,0.206199237526935,0.215373715905066,20050,0.43720017444396,5020,4893,5246,4891,0.44050544050544,0.440572663425176,0.434775401955909,0.43313850513638,324,0.00706498037505451,206,47,9,62,0.0180765180765181,0.00423194669547992,0.000745897563401293,0.00549061282323769,484,0.0105538595726123,199,106,68,111,0.0174622674622675,0.00954439041959301,0.00563567047903199,0.00982996811902232,1538,0.0335368512865242,508,337,327,366,0.0445770445770446,0.0303439582207816,0.0271009448035803,0.0324123273113709,10302,0.224640209332752,2652,2583,2548,2519,0.232713232713233,0.23257698541329,0.21117188794961,0.223078285511867,4085,0.0890754470126472,1018,1020,1046,1001,0.0893295893295893,0.0918422474338196,0.0866898723686391,0.0886468296138859,15975,0.34834278238116,4164,3952,3933,3926,0.365391365391365,0.355843688096524,0.325957235206365,0.347679773290825,23835,0.519733972961186,6061,5901,6050,5823,0.531853281853282,0.531334413830362,0.501408917619758,0.51567481402763,1500,0.0327082424771042,372,368,365,395,0.0326430326430326,0.0331352422114173,0.0302502900712747,0.0349805171803046,3523,0.0768207588312255,882,892,947,802,0.0773955773955774,0.0803169457950657,0.0784849991712249,0.0710237336167198,4626,0.100872219799389,1190,1036,1284,1116,0.104422604422604,0.0932829101386638,0.106414719045251,0.0988310308182784,120,0.00261665939816834,25,25,39,31,0.00219375219375219,0.00225103547631911,0.00323222277473894,0.00274530641161885,27663,0.603205407762756,7043,6764,7098,6758,0.618023868023868,0.609040158472897,0.588264545002486,0.598476797732908,28836,0.628783253379852,7332,7065,7366,7073,0.643383643383643,0.63614262560778,0.610475716890436,0.626372653205809,5997,0.130767553423463,1518,1485,1542,1452,0.133204633204633,0.133711507293355,0.127797115862755,0.128586609989373,10556,0.230178805058875,2773,2517,2688,2578,0.243330993330993,0.226634251755808,0.222774738935853,0.228303223521077
"21236",22496,39333,18,0.000800142247510669,6,3,8,1,0.00106063284426374,0.00055167340934167,0.00136869118905047,0.000179985601151908,0,0,0,0,0,0,0,0,0,0,0,0,0,0,0,0,0,0,0,0,0,0,0,0,0,0,0,0,0,0,1,4.4452347083926e-05,0,0,1,0,0,0,0.000171086398631309,0,0,0,0,0,0,0,0,0,0,0,0,0,0,0,0,0,0,0,0,0,21,0.000933499288762447,7,2,5,7,0.00123740498497437,0.000367782272894446,0.000855431993156544,0.00125989920806335,2412,0.10721906116643,650,573,605,584,0.114901891461906,0.105369621184259,0.103507271171942,0.105111591072714,4040,0.179587482219061,1082,990,998,970,0.191267456248895,0.182052225082751,0.170744225834046,0.174586033117351,9319,0.414251422475107,2366,2314,2336,2303,0.418242884921336,0.425524089738875,0.399657827202737,0.414506839452844,136,0.00604551920341394,100,13,1,22,0.0176772140710624,0.0023905847738139,0.000171086398631309,0.00395968322534197,199,0.00884601706970128,70,42,27,60,0.0123740498497437,0.00772342773078338,0.00461933276304534,0.0107991360691145,643,0.0285828591749644,196,138,130,179,0.0346473395792823,0.0253769768297168,0.0222412318220701,0.0322174226061915,4584,0.203769559032717,1248,1126,1069,1141,0.220611631606859,0.207061419639573,0.182891360136869,0.205363570914327,1914,0.0850817923186344,501,456,461,496,0.0885628424960226,0.0838543582199338,0.0788708297690334,0.0892728581713463,7123,0.316634068278805,1988,1749,1653,1733,0.351423015732721,0.321625597646193,0.282805816937553,0.311915046796256,10913,0.485108463726885,2884,2688,2681,2660,0.50981085380944,0.494299374770136,0.458682634730539,0.478761699064075,744,0.033072546230441,209,174,177,184,0.0369453774085204,0.0319970577418168,0.0302822925577417,0.033117350611951,1399,0.0621888335704125,394,329,338,338,0.0696482234399859,0.0605001838911364,0.0578272027373824,0.0608351331893449,1632,0.0725462304409673,434,418,397,383,0.0767191090684108,0.0768664950349393,0.0679213002566296,0.0689344852411807,52,0.00231152204836415,15,14,17,6,0.00265158211065936,0.00257447591026113,0.00290846877673225,0.00107991360691145,12579,0.559166073968706,3302,3076,3146,3055,0.58370160862648,0.565649135711659,0.538237810094098,0.549856011519078,13147,0.584415007112375,3449,3236,3275,3187,0.609687113310942,0.595071717543214,0.560307955517536,0.57361411087113,2826,0.125622332859175,715,682,710,719,0.126392080608096,0.125413755057006,0.121471343028229,0.129409647228222,4619,0.205325391180654,1203,1128,1168,1120,0.212656885274881,0.207429201912468,0.199828913601369,0.201583873290137
"21237",21707,30085,31,0.00142811074768508,10,4,6,11,0.00181290790427846,0.00077145612343298,0.00105448154657294,0.00206922498118886,1,4.60680886350025e-05,0,0,1,0,0,0,0.000175746924428823,0,0,0,0,0,0,0,0,0,0,0,0,0,0,0,0,0,0,0,0,0,2,9.21361772700051e-05,0,1,1,0,0,0.000192864030858245,0.000175746924428823,0,4,0.00018427235454001,0,1,3,0,0,0.000192864030858245,0.000527240773286468,0,5,0.000230340443175013,0,1,4,0,0,0.000192864030858245,0.00070298769771529,0,35,0.00161238310222509,14,8,3,10,0.00253807106598985,0.00154291224686596,0.000527240773286468,0.0018811136192626,2054,0.0946238540562952,533,508,524,489,0.0966279912980421,0.0979749276759884,0.092091388400703,0.0919864559819413,4914,0.226378587552402,1299,1205,1265,1145,0.235496736765772,0.232401157184185,0.22231985940246,0.215387509405568,9584,0.441516561477864,2453,2311,2510,2310,0.444706308919507,0.445708775313404,0.441124780316344,0.434537246049661,158,0.0072787580043304,102,23,3,30,0.0184916606236403,0.00443587270973963,0.000527240773286468,0.00564334085778781,226,0.0104113880315106,86,54,31,55,0.0155910079767948,0.0104146576663452,0.0054481546572935,0.0103461249059443,696,0.0320633896899618,227,153,147,169,0.0411530094271211,0.0295081967213115,0.0258347978910369,0.031790820165538,5149,0.237204588381628,1374,1289,1247,1239,0.249093546047861,0.248601735776278,0.219156414762742,0.233069977426637,1889,0.0870226194315198,465,469,490,465,0.0843002175489485,0.0904532304725169,0.086115992970123,0.0874717832957111,7773,0.358087252959875,2141,1941,1859,1832,0.388143582306019,0.374349083895853,0.326713532513181,0.344620015048909,11209,0.516377205509743,2885,2744,2932,2648,0.523023930384336,0.529218900675024,0.515289982425308,0.498118886380737,764,0.0351960197171419,201,197,185,181,0.0364394488759971,0.0379942140790743,0.0325131810193322,0.0340481565086531,1493,0.0687796563320588,373,366,384,370,0.0676214648295867,0.0705882352941176,0.0674868189806678,0.0696012039127163,2081,0.0958676924494403,537,475,600,469,0.0973531544597534,0.0916104146576663,0.105448154657293,0.0882242287434161,57,0.00262588105219514,18,12,11,16,0.00326323422770123,0.00231436837029894,0.00193321616871705,0.00300978179082017,12863,0.592573824112038,3345,3113,3344,3061,0.606417693981146,0.600385728061717,0.587697715289982,0.575808878856283,13339,0.614502234302299,3471,3236,3467,3165,0.629260333575054,0.624108003857281,0.609314586994728,0.595372460496614,2610,0.120237711337357,674,654,680,602,0.122189992748368,0.126133076181292,0.119507908611599,0.113243039879609,5342,0.246095729488184,1388,1271,1422,1261,0.251631617113851,0.245130183220829,0.249912126537786,0.237208427389014
"21239",20964,32065,14,0.000667811486357565,1,5,5,3,0.000194325689856199,0.000993245927691696,0.000901713255184851,0.00057262836419164,4,0.000190803281816447,0,0,4,0,0,0,0.000721370604147881,0,0,0,0,0,0,0,0,0,0,0,0,0,0,0,0,0,0,0,0,0,2,9.54016409082236e-05,1,0,0,1,0.000194325689856199,0,0,0.000190876121397213,4,0.000190803281816447,0,0,4,0,0,0,0.000721370604147881,0,9,0.000429307384087006,0,0,9,0,0,0,0.00162308385933273,0,27,0.00128792215226102,3,6,4,14,0.000582977069568597,0.00119189511323004,0.000721370604147881,0.00267226569956098,2391,0.114052661705781,567,623,600,601,0.110182666148465,0.123758442590385,0.108205590622182,0.114716548959725,5430,0.259015455065827,1367,1322,1385,1356,0.265643218033424,0.262614223281685,0.249774571686204,0.258828020614621,9014,0.429975195573364,2232,2213,2357,2212,0.433734939759036,0.439610647596345,0.425067628494139,0.422217980530636,146,0.00696431978630032,102,13,4,27,0.0198212203653323,0.00258243941199841,0.000721370604147881,0.00515365527772476,222,0.0105895821408128,82,45,43,52,0.0159347065682083,0.00893921334922527,0.00775473399458972,0.00992555831265509,676,0.0322457546269796,200,129,170,177,0.0388651379712398,0.0256257449344458,0.0306582506762849,0.0337850734873067,5069,0.241795458881893,1280,1218,1273,1298,0.248736883015935,0.241954707985697,0.229576194770063,0.247757205573583,2668,0.12726578897157,678,641,665,684,0.131752817722503,0.127334127930075,0.119927862939585,0.130559267035694,7608,0.362907842014883,1962,1793,1901,1952,0.381267003497862,0.356177989670242,0.34283137962128,0.37259018896736,12208,0.582331616103797,3073,2991,3159,2985,0.597162844928099,0.594159713945173,0.569702434625789,0.569765222370681,590,0.028143484067926,145,152,138,155,0.0281772250291489,0.0301946762018276,0.0248872858431019,0.029585798816568,1797,0.0857183743560389,432,472,447,446,0.083948698017878,0.0937624155740961,0.0806131650135257,0.0851307501431571,2439,0.116342301087579,604,584,672,579,0.117372716673144,0.11601112435439,0.121190261496844,0.110517274288986,78,0.00372066399542072,13,19,22,24,0.00252623396813059,0.00377433452522845,0.00396753832281335,0.00458102691353312,13379,0.638189276855562,3374,3259,3475,3271,0.655654877574815,0.647397695669448,0.626690712353472,0.624355793090284,13868,0.661514978057623,3487,3388,3589,3404,0.677613680528566,0.673023440603894,0.647249774571686,0.649742317236114,1909,0.0910608662468994,449,493,498,469,0.0872522347454334,0.0979340484704013,0.0898106402164112,0.089520900935293,6224,0.296889906506392,1590,1559,1554,1521,0.308977846871356,0.309694080254271,0.280252479711452,0.290322580645161
"21251",20,881,0,0,0,0,0,0,0,0,0,0,0,0,0,0,0,0,0,0,0,0,0,0,0,0,0,0,0,0,0,0,0,0,0,0,0,0,0,0,0,0,0,0,0,0,0,0,0,0,0,0,0,0,0,0,0,0,0,0,0,0,0,0,0,0,0,0,0,0,0,0,0,0,0,0,0,0,0,0,0,0,0,0,0,0,0,0,0,0,0,0,3,0.15,2,0,1,0,0.285714285714286,0,1,0,6,0.3,3,2,0,1,0.428571428571429,0.5,0,0.125,0,0,0,0,0,0,0,0,0,0,1,0.05,0,0,0,1,0,0,0,0.125,3,0.15,2,0,0,1,0.285714285714286,0,0,0.125,2,0.1,2,0,0,0,0.285714285714286,0,0,0,0,0,0,0,0,0,0,0,0,0,7,0.35,4,1,0,2,0.571428571428571,0.25,0,0.25,7,0.35,3,0,1,3,0.428571428571429,0,1,0.375,0,0,0,0,0,0,0,0,0,0,2,0.1,1,0,1,0,0.142857142857143,0,1,0,1,0.05,1,0,0,0,0.142857142857143,0,0,0,0,0,0,0,0,0,0,0,0,0,7,0.35,3,0,1,3,0.428571428571429,0,1,0.375,7,0.35,3,0,1,3,0.428571428571429,0,1,0.375,1,0.05,1,0,0,0,0.142857142857143,0,0,0,11,0.55,4,0,1,6,0.571428571428571,0,1,0.75
