zcta,white_%,black_%,otherrace_or_multirace_%,poverty_%,single_family_detached_houses_%,65+_%,0-17_%,disabled_%,renter_%,vacancy_%,home_median_price_d,median_household_income_d,median_age_a,heat_mean_f,heat_median_f,heat_min_f,heat_max_f,total_count,population,urticaria_count,urticaria_prev,zero_to_nineteen_urticaria_count,twenty_to_sixtyfour_urticaria_count,over_sixtyfive_urticaria_count,zero_to_nineteen_urticaria_prev,twenty_to_sixtyfour_urticaria_prev,over_sixtyfive_urticaria_prev,heat_exhaustion_count,heat_exhaustion_prev,zero_to_nineteen_heat_exhaustion_count,twenty_to_sixtyfour_heat_exhaustion_count,over_sixtyfive_heat_exhaustion_count,zero_to_nineteen_heat_exhaustion_prev,twenty_to_sixtyfour_heat_exhaustion_prev,over_sixtyfive_heat_exhaustion_prev,heat_syncope_count,heat_syncope_prev,zero_to_nineteen_heat_syncope_count,twenty_to_sixtyfour_heat_syncope_count,over_sixtyfive_heat_syncope_count,zero_to_nineteen_heat_syncope_prev,twenty_to_sixtyfour_heat_syncope_prev,over_sixtyfive_heat_syncope_prev,heat_cramps_count,heat_cramps_prev,zero_to_nineteen_heat_cramps_count,twenty_to_sixtyfour_heat_cramps_count,over_sixtyfive_heat_cramps_count,zero_to_nineteen_heat_cramps_prev,twenty_to_sixtyfour_heat_cramps_prev,over_sixtyfive_heat_cramps_prev,carbon_monoxide_count,carbon_monoxide_prev,zero_to_nineteen_carbon_monoxide_count,twenty_to_sixtyfour_carbon_monoxide_count,over_sixtyfive_carbon_monoxide_count,zero_to_nineteen_carbon_monoxide_prev,twenty_to_sixtyfour_carbon_monoxide_prev,over_sixtyfive_carbon_monoxide_prev,heatstroke_count,heatstroke_prev,zero_to_nineteen_heatstroke_count,twenty_to_sixtyfour_heatstroke_count,over_sixtyfive_heatstroke_count,zero_to_nineteen_heatstroke_prev,twenty_to_sixtyfour_heatstroke_prev,over_sixtyfive_heatstroke_prev,all_effects_heat_count,all_effects_heat_prev,zero_to_nineteen_all_effects_heat_count,twenty_to_sixtyfour_all_effects_heat_count,over_sixtyfive_all_effects_heat_count,zero_to_nineteen_all_effects_heat_prev,twenty_to_sixtyfour_all_effects_heat_prev,over_sixtyfive_all_effects_heat_prev,hypothermia_count,hypothermia_prev,zero_to_nineteen_hypothermia_count,twenty_to_sixtyfour_hypothermia_count,over_sixtyfive_hypothermia_count,zero_to_nineteen_hypothermia_prev,twenty_to_sixtyfour_hypothermia_prev,over_sixtyfive_hypothermia_prev,osteoarthritis_count,osteoarthritis_prev,zero_to_nineteen_osteoarthritis_count,twenty_to_sixtyfour_osteoarthritis_count,over_sixtyfive_osteoarthritis_count,zero_to_nineteen_osteoarthritis_prev,twenty_to_sixtyfour_osteoarthritis_prev,over_sixtyfive_osteoarthritis_prev,kidney_disease_count,kidney_disease_prev,zero_to_nineteen_kidney_disease_count,twenty_to_sixtyfour_kidney_disease_count,over_sixtyfive_kidney_disease_count,zero_to_nineteen_kidney_disease_prev,twenty_to_sixtyfour_kidney_disease_prev,over_sixtyfive_kidney_disease_prev,mental_illness_count,mental_illness_prev,zero_to_nineteen_mental_illness_count,twenty_to_sixtyfour_mental_illness_count,over_sixtyfive_mental_illness_count,zero_to_nineteen_mental_illness_prev,twenty_to_sixtyfour_mental_illness_prev,over_sixtyfive_mental_illness_prev,influenza_count,influenza_prev,zero_to_nineteen_influenza_count,twenty_to_sixtyfour_influenza_count,over_sixtyfive_influenza_count,zero_to_nineteen_influenza_prev,twenty_to_sixtyfour_influenza_prev,over_sixtyfive_influenza_prev,acute_bronchitis_count,acute_bronchitis_prev,zero_to_nineteen_acute_bronchitis_count,twenty_to_sixtyfour_acute_bronchitis_count,over_sixtyfive_acute_bronchitis_count,zero_to_nineteen_acute_bronchitis_prev,twenty_to_sixtyfour_acute_bronchitis_prev,over_sixtyfive_acute_bronchitis_prev,bronchitis_count,bronchitis_prev,zero_to_nineteen_bronchitis_count,twenty_to_sixtyfour_bronchitis_count,over_sixtyfive_bronchitis_count,zero_to_nineteen_bronchitis_prev,twenty_to_sixtyfour_bronchitis_prev,over_sixtyfive_bronchitis_prev,copd_count,copd_prev,zero_to_nineteen_copd_count,twenty_to_sixtyfour_copd_count,over_sixtyfive_copd_count,zero_to_nineteen_copd_prev,twenty_to_sixtyfour_copd_prev,over_sixtyfive_copd_prev,asthma_count,asthma_prev,zero_to_nineteen_asthma_count,twenty_to_sixtyfour_asthma_count,over_sixtyfive_asthma_count,zero_to_nineteen_asthma_prev,twenty_to_sixtyfour_asthma_prev,over_sixtyfive_asthma_prev,respiratory_count,respiratory_prev,zero_to_nineteen_respiratory_count,twenty_to_sixtyfour_respiratory_count,over_sixtyfive_respiratory_count,zero_to_nineteen_respiratory_prev,twenty_to_sixtyfour_respiratory_prev,over_sixtyfive_respiratory_prev,hypertension_count,hypertension_prev,zero_to_nineteen_hypertension_count,twenty_to_sixtyfour_hypertension_count,over_sixtyfive_hypertension_count,zero_to_nineteen_hypertension_prev,twenty_to_sixtyfour_hypertension_prev,over_sixtyfive_hypertension_prev,heart_attack_count,heart_attack_prev,zero_to_nineteen_heart_attack_count,twenty_to_sixtyfour_heart_attack_count,over_sixtyfive_heart_attack_count,zero_to_nineteen_heart_attack_prev,twenty_to_sixtyfour_heart_attack_prev,over_sixtyfive_heart_attack_prev,cerebrovascular_disease_count,cerebrovascular_disease_prev,zero_to_nineteen_cerebrovascular_disease_count,twenty_to_sixtyfour_cerebrovascular_disease_count,over_sixtyfive_cerebrovascular_disease_count,zero_to_nineteen_cerebrovascular_disease_prev,twenty_to_sixtyfour_cerebrovascular_disease_prev,over_sixtyfive_cerebrovascular_disease_prev,congestive_artery_disease_count,congestive_artery_disease_prev,zero_to_nineteen_congestive_artery_disease_count,twenty_to_sixtyfour_congestive_artery_disease_count,over_sixtyfive_congestive_artery_disease_count,zero_to_nineteen_congestive_artery_disease_prev,twenty_to_sixtyfour_congestive_artery_disease_prev,over_sixtyfive_congestive_artery_disease_prev,angina_pectoris_count,angina_pectoris_prev,zero_to_nineteen_angina_pectoris_count,twenty_to_sixtyfour_angina_pectoris_count,over_sixtyfive_angina_pectoris_count,zero_to_nineteen_angina_pectoris_prev,twenty_to_sixtyfour_angina_pectoris_prev,over_sixtyfive_angina_pectoris_prev,heart_disease_count,heart_disease_prev,zero_to_nineteen_heart_disease_count,twenty_to_sixtyfour_heart_disease_count,over_sixtyfive_heart_disease_count,zero_to_nineteen_heart_disease_prev,twenty_to_sixtyfour_heart_disease_prev,over_sixtyfive_heart_disease_prev,circulatory_count,circulatory_prev,zero_to_nineteen_circulatory_count,twenty_to_sixtyfour_circulatory_count,over_sixtyfive_circulatory_count,zero_to_nineteen_circulatory_prev,twenty_to_sixtyfour_circulatory_prev,over_sixtyfive_circulatory_prev,thyroid_count,thyroid_prev,zero_to_nineteen_thyroid_count,twenty_to_sixtyfour_thyroid_count,over_sixtyfive_thyroid_count,zero_to_nineteen_thyroid_prev,twenty_to_sixtyfour_thyroid_prev,over_sixtyfive_thyroid_prev,diabetes_count,diabetes_prev,zero_to_nineteen_diabetes_count,twenty_to_sixtyfour_diabetes_count,over_sixtyfive_diabetes_count,zero_to_nineteen_diabetes_prev,twenty_to_sixtyfour_diabetes_prev,over_sixtyfive_diabetes_prev
21201,36.294064477252185,51.28653208797831,12.419403434769507,30.799122532121594,1.7527238275698722,9.99698704429045,14.275384151852968,16.101235311840917,88.41117415975557,13.178588346755093,189600,33877,30.1,88.90387320698295,90.63347015380856,78.18559303283689,102.78414993286131,76422,16595,180,0.00235534270236319,67,103,10,0.00592448492351225,0.00176203917543409,0.00150195253829979,17,2.22449033000968e-4,1,12,4,8.84251481121231e-5,2.05286117526302e-4,6.00781015319916e-4,2,2.61704744707022e-5,0,2,0,0,3.42143529210504e-5,0,3,3.92557117060532e-5,0,3,0,0,5.13215293815756e-5,0,15,1.96278558530266e-4,2,13,0,1.76850296224246e-4,2.22393293986827e-4,0,0,0,0,0,0,0,0,0,32,4.18727591531234e-4,1,26,5,8.84251481121231e-5,4.44786587973655e-4,7.50976269149895e-4,27,3.53301405354479e-4,2,22,3,1.76850296224246e-4,3.76357882131554e-4,4.50585761489937e-4,1433,0.0187511449582581,5,967,461,4.42125740560615e-4,0.0165426396373279,0.0692400120156203,1197,0.0156630289707152,2,619,576,1.76850296224246e-4,0.0105893422290651,0.0865124662060679,24163,0.316178587317788,840,21953,1370,0.0742771244141834,0.375553844837909,0.205767497747071,264,0.00345450263013268,98,156,10,0.00866566451498806,0.00266871952784193,0.00150195253829979,419,0.0054827144016121,72,301,46,0.00636661066407286,0.00514926011461808,0.00690898167617903,1182,0.015466750412185,157,867,158,0.0138827482536033,0.0148319219912753,0.0237308501051367,11402,0.149197874957473,2145,8229,1028,0.189671942700504,0.140774955093662,0.154400720937218,8727,0.114194865352909,2130,6219,378,0.188345565478822,0.106389530408006,0.056773805947732,16518,0.216141948653529,3924,11267,1327,0.346980281191971,0.192746557180737,0.199309101832382,14792,0.193556829185313,48,11387,3357,0.00424440710938191,0.194799418356,0.504205467107239,41,5.36494726649394e-4,0,29,12,0,4.96108117355231e-4,0.00180234304595975,319,0.00417419067807699,0,204,115,0,0.00348986399794714,0.0172724541904476,747,0.00977467221480726,2,455,290,1.76850296224246e-4,0.00778376528953896,0.0435566236106939,34,4.44898066001937e-4,0,20,14,0,3.42143529210504e-4,0.00210273355361971,15605,0.204195127057654,69,11939,3597,0.00610133521973649,0.20424257976221,0.540252328026434,16044,0.209939546203973,87,12313,3644,0.00769298788575471,0.210640663758447,0.547311504956443,822,0.0107560650074586,16,583,223,0.00141480236979397,0.00997348387648619,0.0334935416040853,6208,0.0812331527570595,71,4510,1627,0.00627818551596074,0.0771533658369686,0.244367677981376
21202,31.20525059665871,59.75766476959794,9.037084633743348,29.288528112689505,2.8362044351384794,8.24765926197907,11.460436937763907,10.81788140260694,78.77748876803027,19.501284857713905,230200,44656,32.5,89.44793348587736,91.06913642883296,78.98687744140616,101.57000274658202,82496,21788,178,0.00215768037238169,69,101,8,0.00512706197057512,0.0015875510845646,0.0014765596160945,24,2.90923196276183e-4,1,19,4,7.43052459503641e-5,2.98648223828985e-4,7.3827980804725e-4,0,0,0,0,0,0,0,0,0,0,0,0,0,0,0,0,7,8.48525989138867e-5,4,2,1,2.97220983801456e-4,3.14366551398931e-5,1.84569952011812e-4,0,0,0,0,0,0,0,0,33,4.00019394879752e-4,1,27,5,7.43052459503641e-5,4.24394844388557e-4,9.22849760059062e-4,38,4.60628394103957e-4,0,35,3,0,5.5014146494813e-4,5.53709856035437e-4,1374,0.0166553529868115,2,1054,318,1.48610491900728e-4,0.0165671172587237,0.0586932447397564,1052,0.0127521334367727,13,704,335,9.65968197354733e-4,0.0110657026092424,0.0618309339239572,22037,0.26712810318076,999,19868,1170,0.0742309407044137,0.312291732159698,0.215946843853821,345,0.00418202094647013,127,199,19,0.00943676623569624,0.00312794718641937,0.00350682908822444,392,0.00475174553917766,59,308,25,0.00438400951107148,0.00484124489154354,0.00461424880029531,1264,0.015321955003879,143,1013,108,0.0106256501709021,0.0159226658283559,0.0199335548172757,10580,0.128248642358417,2207,7536,837,0.163991677812454,0.118453316567117,0.154485049833887,8244,0.0999321179208689,2193,5702,349,0.162951404369148,0.0896259038038353,0.0644149132521225,16400,0.198797517455392,4346,10992,1062,0.322930598900282,0.172775856648853,0.196013289036545,13544,0.164177657098526,40,11023,2481,0.00297220983801456,0.173263124803521,0.457918050941307,57,6.90942591155935e-4,0,40,17,0,6.28733102797862e-4,0.00313768918420081,270,0.00327288595810706,2,174,94,1.48610491900728e-4,0.0027349889971707,0.0173495754891104,876,0.0106186966640807,2,558,316,1.48610491900728e-4,0.00877082678403018,0.0583241048357327,26,3.15166795965865e-4,0,15,11,0,2.35774913549198e-4,0.00203026947212994,14482,0.175547905352987,61,11698,2723,0.00453262000297221,0.183872995913235,0.502583979328165,14858,0.180105702094647,75,12035,2748,0.00557289344627731,0.189170072304307,0.507198228128461,637,0.00772158650116369,9,499,129,6.68747213553277e-4,0.00784344545740333,0.0238095238095238,5656,0.0685608999224205,44,4581,1031,0.00326943082181602,0.0720056585979252,0.190291620524179
21205,22.998780983340104,68.82026276581335,8.180956250846535,37.13189973976168,3.0760547481303795,10.618989570635243,29.506975484220504,20.62169849654612,66.4236305851561,24.523775927755047,52500,28675,31,88.23259914734768,90.15022277832037,75.55296325683597,100.58579254150393,74049,14766,231,0.00311955596969574,135,88,8,0.00673989016475287,0.00176859537351528,0.00187705302674801,10,1.35045712973842e-4,1,9,0,4.99251123315027e-5,1.80879072291336e-4,0,6,8.1027427784305e-5,2,2,2,9.98502246630055e-5,4.01953493980746e-5,4.69263256687001e-4,3,4.05137138921525e-5,1,2,0,4.99251123315027e-5,4.01953493980746e-5,0,6,8.1027427784305e-5,2,4,0,9.98502246630055e-5,8.03906987961493e-5,0,0,0,0,0,0,0,0,0,18,2.43082283352915e-4,3,13,2,1.49775336994508e-4,2.61269771087485e-4,4.69263256687001e-4,6,8.1027427784305e-5,1,4,1,4.99251123315027e-5,8.03906987961493e-5,2.34631628343501e-4,930,0.0125592513065673,5,660,265,2.49625561657514e-4,0.0132644653013646,0.0621773815110277,1091,0.0147334872854461,14,694,383,6.98951572641038e-4,0.0139477862411319,0.0898639136555608,16859,0.2276735675026,1686,14298,875,0.0841737393909136,0.287356552846836,0.205302674800563,475,0.00641467136625748,211,248,16,0.0105341987019471,0.00498422332536126,0.00375410605349601,377,0.00509122337911383,112,242,23,0.00559161258112831,0.00486363727716703,0.00539652745190052,1130,0.0152601655660441,271,755,104,0.0135297054418372,0.0151737443977732,0.0244016893477241,11456,0.154708368782833,3256,7491,709,0.162556165751373,0.150551681170489,0.166353824495542,9367,0.126497319342597,3230,5881,256,0.161258112830754,0.118194424905038,0.0600656968559362,17120,0.231198260611217,6305,9929,886,0.314777833250125,0.199549812086742,0.207883622712342,11811,0.159502491593404,110,9337,2364,0.0054917623564653,0.187651988664911,0.554669169404036,50,6.75228564869208e-4,0,37,13,0,7.43613963864381e-4,0.00305021116846551,199,0.00268740968817945,1,136,62,4.99251123315027e-5,0.00273328375906908,0.014547160957297,1025,0.0138421855798188,6,748,271,2.99550673989016e-4,0.0150330606748799,0.0635851712810887,34,4.59155424111062e-4,0,26,8,0,5.2253954217497e-4,0.00187705302674801,12761,0.172331834325919,151,10061,2549,0.00753869196205691,0.202202705147014,0.598076020647583,13066,0.176450728571622,173,10325,2568,0.00863704443334998,0.20750849126756,0.60253402158611,855,0.0115464084592635,22,621,212,0.00109835247129306,0.0124806559881022,0.0497419052088221,5058,0.0683061216221691,88,3933,1037,0.00439340988517224,0.0790441545913138,0.24331299859221
21206,22.886891414978454,71.35336440033538,5.75974418468617,14.026050917702781,36.376513593785695,10.548482071480102,23.641468598280266,11.23676565211457,40.87530966143683,11.46447338359607,150600,50975,37.2,86.29294483091533,88.07957286834721,73.60731201171885,97.50596771240241,147033,51287,524,0.00356382580781185,231,276,17,0.00614459754216098,0.00278309972774024,0.00165546791313662,29,1.97234634401801e-4,8,20,1,2.12799914880034e-4,2.0167389331451e-4,9.7380465478625e-5,5,3.40059714485864e-5,0,3,2,0,3.02510839971766e-5,1.9476093095725e-4,2,1.36023885794345e-5,0,1,1,0,1.00836946657255e-5,9.7380465478625e-5,19,1.29222691504628e-4,4,14,1,1.06399957440017e-4,1.41171725320157e-4,9.7380465478625e-5,3,2.04035828691518e-5,1,1,1,2.65999893600043e-5,1.00836946657255e-5,9.7380465478625e-5,42,2.85650160168126e-4,11,27,4,2.92599882960047e-4,2.72259755974589e-4,3.895218619145e-4,9,6.12107486074555e-5,0,8,1,0,8.06695573258042e-5,9.7380465478625e-5,1713,0.0116504458182857,6,1089,618,1.59599936160026e-4,0.0109811434909751,0.0601811276657902,2411,0.0163976794325083,22,1423,966,5.85199765920094e-4,0.0143490975093274,0.0940695296523517,30402,0.206769908795985,2734,25476,2192,0.0727243709102516,0.256892205304023,0.213457980329146,1124,0.00764454238164222,622,471,31,0.0165451933819226,0.00474942018755672,0.00301879442983737,1379,0.00937884692552012,303,949,127,0.00805979677608129,0.00956942623777352,0.0123673191157854,2909,0.0197846741887876,713,1909,287,0.018965792413683,0.01924977311687,0.0279481935923654,20088,0.136622390891841,6250,12343,1495,0.166249933500027,0.12446304325905,0.145583795890544,16544,0.112518958329083,6170,9873,501,0.164121934351226,0.0995563174347081,0.0487876132047911,32923,0.223915719600362,12515,18424,1984,0.332898866840453,0.185781990521327,0.193202843509592,27043,0.183924697176824,136,20415,6492,0.00361759855296058,0.205858626600787,0.632193981887233,93,6.32511068943707e-4,0,59,34,0,5.94937985277806e-4,0.00331093582627325,657,0.00446838464834425,7,390,260,1.8619992552003e-4,0.00393264091963295,0.0253189210244425,1635,0.0111199526636877,6,958,671,1.59599936160026e-4,0.00966017948976505,0.0653422923361574,52,3.53662103065298e-4,0,36,16,0,3.63013007966119e-4,0.001558087447658,29088,0.197833139499296,259,21840,6989,0.0068893972442411,0.220227891499445,0.68059207323011,29773,0.202491957587752,324,22400,7049,0.00861839655264138,0.225874760512252,0.686434901158828,2082,0.0141600865111914,72,1406,604,0.00191519923392031,0.0141776747000101,0.0588178011490895,12063,0.0820428067168595,223,9010,2830,0.00593179762728095,0.090854088938187,0.275586717304509
21207,10.107165806438239,84.6423315299629,5.250502663598851,13.014027972320363,49.861004601226995,18.70323155690981,19.665029123396142,16.576498144808575,37.840785169029445,12.09739263803681,180300,59013,41.8,85.09105568476923,87.22650680541986,73.45536079406739,96.61694030761713,122574,48243,385,0.00314095974676522,157,199,29,0.00575386645166019,0.00246134817563389,0.00200858844715335,22,1.7948341410087e-4,4,14,4,1.46595323609177e-4,1.73160173160173e-4,2.77046682365979e-4,5,4.07916850229249e-5,1,4,0,3.66488309022942e-5,4.94743351886209e-5,0,1,8.15833700458498e-6,0,1,0,0,1.23685837971552e-5,0,33,2.69225121151305e-4,12,19,2,4.39785970827531e-4,2.35003092145949e-4,1.38523341182989e-4,1,8.15833700458498e-6,0,1,0,0,1.23685837971552e-5,0,33,2.69225121151305e-4,7,22,4,2.5654181631606e-4,2.72108843537415e-4,2.77046682365979e-4,4,3.26333480183399e-5,0,3,1,0,3.71057513914657e-5,6.92616705914947e-5,1455,0.0118703803416712,7,854,594,2.5654181631606e-4,0.0105627705627706,0.0411414323313478,2141,0.0174669995268165,5,1088,1048,1.83244154511471e-4,0.0134570191713049,0.0725862307798864,18868,0.15393150260251,1664,15285,1919,0.0609836546214176,0.189053803339518,0.132913145865078,903,0.00736697831514024,498,368,37,0.0182511177893425,0.00455163883735312,0.0025626818118853,1068,0.00871310392089676,239,691,138,0.00875907058564832,0.00854669140383426,0.00955811054162626,2598,0.0211953595379118,535,1717,346,0.0196071245327274,0.0212368583797155,0.0239645380246572,12371,0.100926787083721,3292,7685,1394,0.120647951330353,0.0950525664811379,0.0965507688045436,9715,0.0792582439995431,3216,5990,509,0.117862640181778,0.0740878169449598,0.0352541903310708,22223,0.181302723252892,7930,12288,2005,0.290625229055193,0.151985157699443,0.138869649535947,21247,0.173340186336417,50,14035,7162,0.00183244154511471,0.173593073593074,0.496052084776285,55,4.48708535252174e-4,1,35,19,3.66488309022942e-5,4.32900432900433e-4,0.0013159717412384,476,0.00388336841418245,6,230,240,2.19892985413765e-4,0.0028447742733457,0.0166228009419587,1416,0.0115522051984923,1,752,663,3.66488309022942e-5,0.00930117501546073,0.045920487602161,48,3.91600176220079e-4,0,25,23,0,3.09214594928881e-4,0.00159301842360438,22595,0.184337624618598,103,14865,7627,0.0037748295829363,0.183858998144712,0.52825876160133,23335,0.190374794001991,165,15397,7773,0.00604705709887855,0.190439084724799,0.538370965507688,1525,0.0124414639319921,26,961,538,9.5286960345965e-4,0.0118862090290662,0.0372627787782241,9252,0.0754809339664203,96,6105,3051,0.00351828776662024,0.0755102040816327,0.21131735697465
21208,53.202706742397474,42.3404081854499,4.456885072152623,9.496107925427296,43.87742416708105,24.89333369568171,21.096828545805366,13.821778949370872,35.48837209302326,6.452013923421183,251400,72612,45.3,84.95211494681763,86.70249328613289,73.7292671203613,95.48828048706062,52708,36797,161,0.00305456477195113,61,88,12,0.0061,0.00289883717099845,9.71581248481904e-4,13,2.46641875996054e-4,3,7,3,3e-4,2.30589320420331e-4,2.42895312120476e-4,2,3.79449039993929e-5,0,0,2,0,0,1.61930208080317e-4,0,0,0,0,0,0,0,0,3,5.69173559990893e-5,0,1,2,0,3.29413314886188e-5,1.61930208080317e-4,0,0,0,0,0,0,0,0,20,3.79449039993929e-4,4,9,7,4e-4,2.96471983397569e-4,5.66755728281111e-4,5,9.48622599984822e-5,0,3,2,0,9.88239944658563e-5,1.61930208080317e-4,562,0.0106625180238294,3,206,353,3e-4,0.00678591428665547,0.028580681726176,821,0.0155763830917508,4,292,525,4e-4,0.00961886879467668,0.0425066796210833,7221,0.137000075889808,630,4962,1629,0.063,0.163454886846526,0.131892154481418,327,0.00620399180390074,163,134,30,0.0163,0.00441413841947492,0.00242895312120476,362,0.00686802762389011,87,206,69,0.0087,0.00678591428665547,0.00558659217877095,959,0.0181945814677089,185,573,201,0.0185,0.0188753829429786,0.0162739859120719,3818,0.072436821734841,860,2217,741,0.086,0.0730309319102678,0.0599951420937576,2794,0.0530090308871519,830,1717,247,0.083,0.0565602661659584,0.0199983806979192,7288,0.138271230173788,2459,3712,1117,0.2459,0.122278222485753,0.0904380212128573,9618,0.18247704333308,25,4614,4979,0.0025,0.151991303488487,0.40312525301595,73,0.00138498899597784,0,33,40,0,0.00108706393912442,0.00323860416160635,264,0.00500872732791986,1,78,185,1e-4,0.00256942385611226,0.0149785442474294,529,0.0100364271078394,1,134,394,1e-4,0.00441413841947492,0.0319002509918225,34,6.45063367989679e-4,1,13,20,1e-4,4.28237309352044e-4,0.00161930208080317,10573,0.20059573499279,60,4945,5568,0.006,0.16289488421122,0.450813699295604,10964,0.208013963724672,85,5161,5718,0.0085,0.170010211812761,0.462958464901627,986,0.0187068376717007,20,376,590,0.002,0.0123859406397207,0.0477694113836936,3701,0.0702170448508765,29,1956,1716,0.0029,0.0644332443917383,0.138936118532912
21209,73.12650207559537,16.08404340543296,10.78945451897167,7.645471780662097,31.701497449399373,17.810064816837812,24.076906270482848,9.40572427354162,39.35673525851634,4.837913444133619,296700,78900,37.2,84.62888395266849,86.47423686981193,72.55812797546378,97.06442031860361,27921,27462,85,0.00304430357078901,38,41,6,0.005862388151805,0.00260135778186663,0.00105671010919338,7,2.50707352888507e-4,0,7,0,0,4.44134255440645e-4,0,0,0,0,0,0,0,0,0,0,0,0,0,0,0,0,0,5,1.79076680634648e-4,1,3,1,1.54273372415921e-4,1.90343252331705e-4,1.7611835153223e-4,0,0,0,0,0,0,0,0,11,3.93968697396225e-4,0,10,1,0,6.34477507772349e-4,1.7611835153223e-4,0,0,0,0,0,0,0,0,261,0.00934780272912861,1,99,161,1.54273372415921e-4,0.00628132732694626,0.028355054596689,353,0.0126428136528061,1,141,211,1.54273372415921e-4,0.00894613285959013,0.0371609721733005,3822,0.136886214677125,346,2780,696,0.0533785868559087,0.176384747160713,0.122578372666432,186,0.0066616525196089,84,82,20,0.0129589632829374,0.00520271556373327,0.00352236703064459,176,0.0063034991583396,43,106,27,0.0066337550138846,0.0067254615823869,0.0047551954913702,445,0.0159378245764836,114,253,78,0.017587164455415,0.0160522809466404,0.0137372314195139,1795,0.0642885283478385,414,1041,340,0.0638691761801913,0.0660491085591016,0.0598802395209581,1330,0.0476343970488163,402,801,127,0.0620178957112002,0.0508216483725652,0.0223670306445932,3751,0.134343325812113,1470,1755,526,0.226781857451404,0.111350802614047,0.0926382529059528,4569,0.163640270763941,32,2190,2347,0.00493674791730947,0.138950574202145,0.413349771046143,12,4.29784033523155e-4,0,7,5,0,4.44134255440645e-4,8.80591757661148e-4,113,0.00404713298234304,3,36,74,4.62820117247763e-4,0.0022841190279804602,0.013032758013385,287,0.0102790014684288,0,70,217,0,0.00444134255440645,0.0382176822824938,16,5.73045378030873e-4,0,8,8,0,5.0758200621788e-4,0.00140894681225784,5120,0.183374520969879,55,2449,2616,0.00848503548287566,0.155383541653448,0.460725607608313,5319,0.190501772859138,71,2574,2674,0.0109534094415304,0.163314510500603,0.470940471997182,463,0.0165825006267684,9,225,229,0.00138846035174329,0.0142757439248779,0.0403311025008806,1554,0.0556570323412485,21,803,730,0.00323974082073434,0.0509485438741197,0.128566396618528
21210,72.60453532573077,8.854371477257832,18.541093197011403,8.354997758852532,33.47532836350728,15.624590378817668,13.291388124262681,4.561541486433347,40.27541973212602,5.9105431309904155,436900,93203,30.9,84.92816162105223,86.69803524017343,74.11913757324211,97.35634765625001,8900,15258,30,0.00337078651685393,11,17,2,0.00629650829994276,0.00362396077595395,8.12347684809098e-4,2,2.24719101123596e-4,1,1,0,5.72409845449342e-4,2.13174163291409e-4,0,0,0,0,0,0,0,0,0,0,0,0,0,0,0,0,0,0,0,0,0,0,0,0,0,0,0,0,0,0,0,0,0,2,2.24719101123596e-4,1,1,0,5.72409845449342e-4,2.13174163291409e-4,0,1,1.12359550561798e-4,1,0,0,5.72409845449342e-4,0,0,158,0.017752808988764,0,50,108,0,0.0106587081645705,0.0438667749796913,110,0.0123595505617978,0,23,87,0,0.00490300575570241,0.0353371242891958,1591,0.17876404494382,164,1035,392,0.093875214653692,0.220635259006608,0.159220146222583,53,0.00595505617977528,21,23,9,0.0120206067544362,0.00490300575570241,0.00365556458164094,41,0.00460674157303371,9,19,13,0.00515168860904408,0.00405030910253677,0.00528025995125914,100,0.0112359550561798,23,43,34,0.0131654264453349,0.00916648902153059,0.0138099106417547,603,0.067752808988764,111,298,194,0.0635374928448769,0.0635259006608399,0.0787977254264825,416,0.0467415730337079,109,241,66,0.0623926731539782,0.0513749733532296,0.0268074735987002,1119,0.125730337078652,329,516,274,0.188322839152833,0.109997868258367,0.111291632818846,1594,0.179101123595506,2,523,1069,0.00114481969089868,0.111490087401407,0.434199837530463,15,0.00168539325842697,0,5,10,0,0.00106587081645705,0.00406173842404549,64,0.00719101123595506,0,13,51,0,0.00277126412278832,0.020714865962632,88,0.0098876404494382,0,13,75,0,0.00277126412278832,0.0304630381803412,11,0.00123595505617978,0,4,7,0,8.52696653165636e-4,0.00284321689683184,1891,0.21247191011236,8,632,1251,0.00457927876359473,0.134726071200171,0.508123476848091,1952,0.219325842696629,15,671,1266,0.00858614768174013,0.143039863568535,0.514216084484159,241,0.0270786516853933,3,92,146,0.00171722953634803,0.0196120230228096,0.0593013809910642,415,0.0466292134831461,6,168,241,0.00343445907269605,0.0358132594329567,0.0978878960194964
21211,78.93648089559504,12.125821367729374,8.937697736675586,10.838420331381588,8.005601587116349,14.322219518130932,13.17230469700657,13.76247262107569,46.268852459016394,11.016454662154276,211100,63733,36.2,87.20566884792049,89.28852043151858,75.32729721069332,99.7205917358399,29949,16436,82,0.00273798791278507,31,43,8,0.00634985661614093,0.00208000773956368,0.00182066454255803,3,1.00170289492137e-4,0,3,0,0,1.45116819039327e-4,0,0,0,0,0,0,0,0,0,3,1.00170289492137e-4,0,3,0,0,1.45116819039327e-4,0,7,2.33730675481652e-4,3,4,0,6.14502253174928e-4,1.93489092052436e-4,0,0,0,0,0,0,0,0,0,7,2.33730675481652e-4,0,7,0,0,3.38605911091762e-4,0,5,1.66950482486894e-4,1,1,3,2.04834084391643e-4,4.83722730131089e-5,6.82749203459263e-4,488,0.0162943670907209,0,265,223,0,0.0128186523484739,0.0507510241238052,438,0.0146248622658519,5,132,301,0.00102417042195821,0.00638514003773037,0.068502503413746,8371,0.279508497779559,400,6915,1056,0.0819336337566571,0.334494267885648,0.24032771961766,129,0.00430732244816188,55,60,14,0.0112658746415404,0.00290233638078653,0.00318616294947656,270,0.0090153260542923,62,175,33,0.0126997132322819,0.00846514777729405,0.00751024123805189,678,0.0226384854252229,105,465,108,0.0215075788611225,0.0224931069510956,0.0245789713245335,3704,0.123676917426291,497,2518,689,0.101802539942646,0.121801383447008,0.156804733727811,2172,0.0725232895923069,490,1530,152,0.100368701351905,0.0740095777100566,0.0345926263086026,5720,0.190991351965007,1343,3516,861,0.275092175337976,0.170076911914091,0.195949021392808,5943,0.198437343483923,4,3559,2380,8.19336337566571e-4,0.172156919653655,0.541647701411015,26,8.68142508931851e-4,0,15,11,0,7.25584095196633e-4,0.0025034137460173,168,0.00560953621155965,0,80,88,0,0.00386978184104871,0.0200273099681384,446,0.014891983037831,0,130,316,0,0.00628839549170416,0.0719162494310423,12,4.00681157968547e-4,0,5,7,0,2.41861365065544e-4,0.00159308147473828,6545,0.218538181575345,15,3883,2647,0.00307251126587464,0.187829536109902,0.602412380518889,6704,0.223847206918428,25,4003,2676,0.00512085210979107,0.193634208871475,0.609012289485662,620,0.0207018598283749,12,300,308,0.00245800901269971,0.0145116819039327,0.0700955848884843,2413,0.0805703028481752,21,1358,1034,0.0043015157722245,0.0656895467518019,0.235320892125626
21212,51.237871214348715,40.97030285210232,7.791825933548964,13.3015494636472,33.53289195661361,14.013525433695973,24.960305792413994,10.235224933842987,31.400661729951157,10.593041273418793,276500,73244,38.5,85.20465507025244,87.49285659790034,74.01428680419914,96.04151077270514,71737,34010,222,0.00309463735589724,95,115,12,0.00568045922028223,0.00248288965174774,0.00137994480220791,11,1.53337887003917e-4,2,8,1,1.19588615163836e-4,1.72722758382451e-4,1.14995400183993e-4,1,1.3939807909447e-5,0,1,0,0,2.15903447978064e-5,0,0,0,0,0,0,0,0,0,10,1.3939807909447e-4,2,7,1,1.19588615163836e-4,1.51132413584645e-4,1.14995400183993e-4,0,0,0,0,0,0,0,0,18,2.50916542370046e-4,2,15,1,1.19588615163836e-4,3.23855171967096e-4,1.14995400183993e-4,7,9.75786553661291e-5,0,4,3,0,8.63613791912257e-5,3.44986200551978e-4,1040,0.0144974002258249,1,540,499,5.97943075819182e-5,0.0116587861908155,0.0573827046918123,1366,0.0190417776043046,8,642,716,4.78354460655346e-4,0.0138610013601917,0.0823367065317387,15678,0.21854830840431,1244,12683,1751,0.0743841186319062,0.273830343070579,0.201356945722171,515,0.00717900107336521,280,200,35,0.0167424061229371,0.00431806895956128,0.00402483900643974,781,0.0108869899772781,187,499,95,0.0111815355178187,0.0107735820541054,0.0109245630174793,1544,0.0215230634121862,347,993,204,0.0207486247309256,0.0214392123842218,0.0234590616375345,9032,0.125904345038125,2321,5651,1060,0.138782587897632,0.122007038452404,0.121895124195032,7265,0.101272704462133,2283,4585,397,0.136510404209519,0.0989917308979424,0.0456531738730451,15002,0.209124998257524,5148,8388,1466,0.307821095431715,0.181099812164,0.168583256669733,14742,0.205500648201068,42,9479,5221,0.00251136091844056,0.204654878338407,0.600390984360626,65,9.06087514114056e-4,0,27,38,0,5.82939309540773e-4,0.00436982520699172,419,0.0058407795140583,0,219,200,0,0.00472828551071961,0.0229990800367985,935,0.013033720395333,1,498,436,5.97943075819182e-5,0.0107519917093076,0.0501379944802208,31,4.32134045192857e-4,0,10,21,0,2.15903447978064e-4,0.00241490340386385,15940,0.222200538076585,88,10171,5681,0.0052618990672088,0.219595396938489,0.653288868445262,16319,0.227483725274266,114,10466,5739,0.00681655106433867,0.225964548653842,0.659958601655934,1243,0.0173271812314426,21,756,466,0.00125568045922028,0.0163223006671417,0.0535878564857406,6176,0.0860922536487447,50,4124,2002,0.00298971537909591,0.0890385819461537,0.230220791168353
21213,7.777392619670374,89.57867204487442,2.643935335455197,28.151712784144873,5.276662938351207,10.979106923392052,27.28074874736079,15.066334730406833,48.374235846549126,25.7385354299625,96200,34917,35.6,88.1829322807775,89.82233581542962,75.1430255889893,99.4250869750976,146874,31733,399,0.00271661424077781,198,187,14,0.00564166856621837,0.00183484438164763,0.00141959034678564,36,2.45108051799502e-4,3,28,5,8.54798267608844e-5,2.747360571451e-4,5.06996552423443e-4,3,2.04256709832918e-5,1,1,1,2.84932755869615e-5,9.81200204089643e-6,1.01399310484689e-4,0,0,0,0,0,0,0,0,24,1.63405367866334e-4,3,21,0,8.54798267608844e-5,2.06052042858825e-4,0,2,1.36171139888612e-5,0,1,1,0,9.81200204089643e-6,1.01399310484689e-4,44,2.99576507754946e-4,5,32,7,1.42466377934807e-4,3.13984065308686e-4,7.09795173392821e-4,17,1.1574546890532e-4,0,12,5,0,1.17744024490757e-4,5.06996552423443e-4,2115,0.0144000980432207,6,1490,619,1.70959653521769e-4,0.0146198830409357,0.0627661731900223,2635,0.0179405476803246,7,1555,1073,1.9945292910873e-4,0.0152576631735939,0.108801460150071,33509,0.228147936326375,3019,28524,1966,0.0860211989970367,0.27987754621453,0.199351044412898,896,0.00610046706700982,413,448,35,0.0117677228174151,0.0043957769143216,0.0035489758669641,1004,0.00683579122240832,214,714,76,0.00609756097560976,0.00700576945720005,0.00770634759683634,2587,0.017613736944592,488,1846,253,0.0139047184864372,0.0181129557674948,0.0256540255526262,23243,0.15825129022155,6795,14792,1656,0.193611807613403,0.14513913418894,0.167917258162644,19389,0.132011111565015,6739,11998,652,0.192016184180533,0.117724400486675,0.066112350436017,34911,0.237693533232567,11986,20810,2115,0.34152040118532,0.204187762471055,0.214459541675117,28261,0.192416629219603,148,22227,5886,0.0042170047868703,0.218091369363005,0.596836341512878,104,7.08089927420782e-4,1,64,39,2.84932755869615e-5,6.27968130617371e-4,0.00395457310890286,471,0.00320683034437681,7,322,142,1.9945292910873e-4,0.00315946465716865,0.0143987020888258,1792,0.0122009341340196,4,1187,601,1.13973102347846e-4,0.0116468464225441,0.0609409856012979,48,3.26810735732669e-4,0,25,23,0,2.45300051022411e-4,0.00233218414114784,29828,0.203085638029876,241,23359,6228,0.00686687941645772,0.2291985556733,0.631514905698641,30392,0.206925664174735,299,23786,6307,0.00851948940050148,0.233388280544762,0.639525451226932,1675,0.0114043329656713,27,1249,399,7.6931844084796e-4,0.0122551905490796,0.0404583248833908,12541,0.0853861132671542,138,9609,2794,0.00393207203100068,0.0942835276109737,0.28330967349422
21214,39.55266955266955,55.73833573833574,4.708994708994709,12.06930114853027,65.08383031394172,13.395863395863397,20.553150553150555,13.915343915343914,24.927021195583198,11.342410262180714,179400,65792,41,86.28198386758322,88.09810714721678,75.15671043396003,97.05000076293939,47268,20790,158,0.00334264195650334,68,83,7,0.00645344974850527,0.00257595977778467,0.00155210643015521,10,2.11559617500212e-4,3,6,1,2.84711018316409e-4,1.86213959839856e-4,2.21729490022173e-4,0,0,0,0,0,0,0,0,1,2.11559617500212e-5,0,1,0,0,3.10356599733093e-5,0,7,1.48091732250148e-4,1,6,0,9.49036727721363e-5,1.86213959839856e-4,0,1,2.11559617500212e-5,0,1,0,0,3.10356599733093e-5,0,16,3.38495388000338e-4,3,10,3,2.84711018316409e-4,3.10356599733093e-4,6.65188470066519e-4,5,1.05779808750106e-4,0,4,1,0,1.24142639893237e-4,2.21729490022173e-4,661,0.013984090716764,4,403,254,3.79614691088545e-4,0.0125073709692437,0.0563192904656319,940,0.0198866040450199,12,501,427,0.00113884407326564,0.015548865646628,0.0946784922394679,10606,0.22438013032072401,798,8744,1064,0.0757331308721648,0.271375810806617,0.235920177383592,364,0.0077007700770077,199,145,20,0.0188858308816551,0.00450017069612985,0.00443458980044346,536,0.0113395954980113,81,417,38,0.00768719749454304,0.01294187020887,0.00842572062084257,1070,0.0226368790725226,177,801,92,0.0167979500806681,0.0248595636386208,0.0203991130820399,5863,0.124037403740374,1478,3805,580,0.140267628357217,0.118090686198442,0.12860310421286,4511,0.0954345434543454,1458,2900,153,0.138369554901775,0.0900034139225971,0.0339246119733925,9868,0.208767030549209,3262,5829,777,0.309575780582709,0.18090686198442,0.172283813747228,9704,0.205297452822205,35,6929,2740,0.00332162854702477,0.21504608795506,0.607538802660754,40,8.46238470000846e-4,0,22,18,0,6.82784519412805e-4,0.00399113082039911,277,0.00586020140475586,2,160,115,1.89807345544273e-4,0.00496570559572949,0.0254988913525499,592,0.0125243293560125,0,313,279,0,0.00971416157164582,0.0618625277161862,24,5.07743082000508e-4,0,17,7,0,5.27606219546259e-4,0.00155210643015521,10490,0.221926038757722,66,7429,2995,0.00626364240296099,0.230563917941715,0.664079822616408,10737,0.227151561309977,89,7622,3026,0.00844642687672013,0.236553800316564,0.670953436807095,820,0.0173478886350173,9,516,295,8.54133054949227e-4,0.0160144005462276,0.065410199556541,4154,0.0878818651095879,70,2975,1109,0.00664325709404954,0.0923310884205953,0.24589800443459
21215,17.04262339236415,80.74203757322739,2.2153390344084585,25.59840653868608,19.997776377719305,17.975220523870448,22.44293313581577,18.109891589791932,50.799981870099266,18.23370270170107,122200,36500,41.8,86.63980466103135,88.60010337829598,74.70027313232414,97.12892379760736,218381,59404,597,0.00273375431012771,283,290,24,0.00613483633210492,0.00195627390532983,9.99583506872137e-4,43,1.96903576776368e-4,5,34,4,1.08389334489486e-4,2.29356250969705e-4,1.66597251145356e-4,5,2.28957647414381e-5,2,2,1,4.33557337957945e-5,1.34915441746885e-5,4.1649312786339e-5,2,9.15830589657525e-6,1,1,0,2.16778668978972e-5,6.74577208734426e-6,0,38,1.7400781203493e-4,14,20,4,3.03490136570561e-4,1.34915441746885e-4,1.66597251145356e-4,1,4.57915294828763e-6,0,1,0,0,6.74577208734426e-6,0,55,2.51853412155819e-4,8,41,6,1.73422935183178e-4,2.76576655581115e-4,2.49895876718034e-4,24,1.09899670758903e-4,1,19,4,2.16778668978972e-5,1.28169669659541e-4,1.66597251145356e-4,2506,0.0114753572884088,4,1580,922,8.6711467591589e-5,0.0106583198980039,0.0384006663890046,2847,0.0130368484437749,25,1584,1238,5.41946672447431e-4,0.0106853029863533,0.0515618492294877,36027,0.164973143267958,2372,30329,3326,0.0514199002818123,0.204592521637064,0.138525614327364,1382,0.0063283893745335,778,530,74,0.0168653804465641,0.00357525920629246,0.00308204914618909,1625,0.00744112354096739,396,1060,169,0.00858443529156731,0.00715051841258491,0.0070387338608913,4556,0.0208626208323984,870,3068,618,0.0188597442011706,0.0206960287639722,0.0257392753019575,22112,0.101254229992536,5217,14518,2377,0.11309343160633,0.0979351191640639,0.0990004164931279,16654,0.0762612132007821,5124,10630,900,0.111077389984825,0.0717075572884694,0.0374843815077051,38541,0.176485133779953,13317,21955,3269,0.288684153479298,0.148103426177643,0.136151603498542,34055,0.155943053653935,132,23717,10206,0.00286147843052244,0.159989476595544,0.425072886297376,81,3.70911388811298e-4,0,49,32,0,3.30542832279869e-4,0.00133277800916285,604,0.00276580838076573,12,338,254,2.60134402774767e-4,0.00228007096552236,0.0105789254477301,2077,0.0095109006735934,3,1164,910,6.50336006936917e-5,0.00785207870966871,0.0379008746355685,86,3.93807153552736e-4,1,45,40,2.16778668978972e-5,3.03559743930492e-4,0.00166597251145356,36448,0.166900966659187,218,25225,11005,0.0047257749837416,0.170162100903259,0.458350687213661,37663,0.172464637491357,302,26087,11274,0.00654671580316497,0.17597695644255,0.469554352353186,1633,0.00747775676455369,25,1045,563,5.41946672447431e-4,0.00704933183127475,0.0234485630987089,14805,0.0677943593993983,158,10323,4324,0.00342510296986776,0.0696366052576548,0.18009162848813
21216,2.2672037820021975,95.24586343509671,2.4869327829010928,26.17729478504545,13.937212557488502,13.589905782867797,21.666611179545228,16.632819522588807,50.95475496190387,29.140838498966875,88900,37314,36.4,85.95676513713343,88.02322673797616,73.66287193298348,97.76963272094727,138141,30037,387,0.0028014854387908,161,212,14,0.00514936352587475,0.00219974059662776,0.00133333333333333,33,2.38886355245727e-4,5,24,4,1.59918121921576e-4,2.49027237354086e-4,3.80952380952381e-4,3,2.17169413859752e-5,1,2,0,3.19836243843152e-5,2.07522697795071e-5,0,3,2.17169413859752e-5,0,3,0,0,3.11284046692607e-5,0,9,6.51508241579256e-5,2,7,0,6.39672487686305e-5,7.2632944228275e-5,0,1,7.23898046199173e-6,0,1,0,0,1.03761348897536e-5,0,39,2.82320238017678e-4,6,29,4,1.91901746305891e-4,3.00907911802853e-4,3.80952380952381e-4,19,1.37540628777843e-4,4,12,3,1.27934497537261e-4,1.24513618677043e-4,2.85714285714286e-4,2234,0.0161718823520895,5,1529,700,1.59918121921576e-4,0.0158651102464332,0.0666666666666667,2398,0.0173590751478562,16,1592,790,5.11737990149044e-4,0.0165188067444877,0.0752380952380952,32644,0.236309278201258,2170,28266,2208,0.0694044649139641,0.293291828793774,0.210285714285714,801,0.00579842335005538,412,353,36,0.0131772532463379,0.00366277561608301,0.00342857142857143,1133,0.00820176486343663,204,835,94,0.00652465937440031,0.00866407263294423,0.00895238095238095,2637,0.0190891914782722,466,1918,253,0.0149043689630909,0.0199014267185473,0.0240952380952381,20451,0.148044389428193,5363,13711,1377,0.171528177573083,0.142267185473411,0.131142857142857,17004,0.123091623775707,5307,11192,505,0.169737094607561,0.116129701686122,0.0480952380952381,31474,0.227839671060728,10336,19252,1886,0.330582741636282,0.199761348897536,0.179619047619048,25495,0.184557806878479,127,19475,5893,0.00406192029680803,0.202075226977951,0.561238095238095,75,5.4292353464938e-4,0,45,30,0,4.6692607003891e-4,0.00285714285714286,587,0.00424928153118915,3,361,223,9.59508731529457e-5,0.00374578469520104,0.0212380952380952,1600,0.0115823687391868,2,970,628,6.39672487686305e-5,0.010064850843061,0.0598095238095238,46,3.3299310125162e-4,0,25,21,0,2.59403372243839e-4,0.002,26826,0.19419288987339,180,20421,6225,0.00575705238917674,0.211891050583658,0.592857142857143,27477,0.198905466154147,236,20928,6313,0.00754813535469839,0.217151750972763,0.601238095238095,1322,0.00956993217075307,28,918,376,8.95541482760826e-4,0.00952529182879377,0.0358095238095238,10889,0.078825258250628,148,8160,2581,0.00473357640887865,0.0846692607003891,0.245809523809524
21217,10.576265623717966,85.23917621639362,4.184558159888411,36.66991507726577,2.240429569967134,13.54101140497224,23.890271586029595,19.41853786614884,68.79477454698694,34.092487154561866,130500,28116,35.1,87.45295439008581,90.00984497070309,75.10049133300788,98.9655220031738,170191,36563,448,0.00263233661004401,191,239,18,0.00532968719479867,0.00193167214916712,0.00169379881434083,33,1.93899794936277e-4,6,25,2,1.67424728632419e-4,2.02057756189029e-4,1.88199868260092e-4,3,1.76272540851161e-5,0,3,0,0,2.42469307426835e-5,0,2,1.17515027234108e-5,0,1,1,0,8.08231024756116e-6,9.40999341300461e-5,32,1.88024043574572e-4,9,20,3,2.51137092948629e-4,1.61646204951223e-4,2.82299802390138e-4,1,5.87575136170538e-6,0,0,1,0,0,9.40999341300461e-5,48,2.82036065361858e-4,6,38,4,1.67424728632419e-4,3.07127789407324e-4,3.76399736520184e-4,24,1.41018032680929e-4,2,19,3,5.5808242877473e-5,1.53563894703662e-4,2.82299802390138e-4,2732,0.0160525527201791,9,1957,766,2.51137092948629e-4,0.0158170811544772,0.0720805495436153,2398,0.0140900517653695,8,1648,742,2.23232971509892e-4,0.0133196472879808,0.0698221511244942,44811,0.26329829426938,2665,39767,2379,0.0743644836342328,0.321409231614765,0.22386374329538,702,0.00412477745591718,290,385,27,0.00809219521723359,0.00311168944531105,0.00254069822151124,1188,0.00698039261770599,221,895,72,0.00616681083796077,0.00723366767156724,0.00677519525736332,2995,0.0175978753283076,561,2175,259,0.0156542121271312,0.0175790247884455,0.0243718829396819,25797,0.151576757877914,6464,17611,1722,0.180372240979993,0.1423375657698,0.162040086571939,21440,0.125976109194963,6406,14326,708,0.178753801936546,0.115787176606561,0.0666227533640726,38737,0.227608980498381,12075,24436,2226,0.336942266372743,0.197499333209405,0.209466453373483,30953,0.181872131898867,140,24949,5864,0.00390657700142311,0.201645558366403,0.55180201373859,77,4.52432854851314e-4,0,53,24,0,4.28362443120742e-4,0.0022583984191211102,603,0.00354307807110834,2,389,212,5.5808242877473e-5,0.00314401868630129,0.0199491860355698,1693,0.0099476470553672,2,1133,558,5.5808242877473e-5,0.0091572575104868,0.0525077632445657,51,2.99663319446974e-4,0,36,15,0,2.90963168912202e-4,0.00141149901195069,32515,0.19105005552585,207,26113,6195,0.00577615313781846,0.211053367494565,0.582949091935636,33242,0.19532172676581,262,26714,6266,0.00731087981694896,0.215910835953349,0.589630187258869,1734,0.0101885528611971,27,1385,322,7.53411278845886e-4,0.0111939996928722,0.0303001787898748,12308,0.0723187477598698,103,9789,2416,0.00287412450818986,0.0791177350133762,0.227345440858191
21218,29.59541124654307,61.175868073338115,9.228720680118819,24.547429398986242,9.214068222938089,14.196456007374783,15.652975519819728,14.03052340469118,50.42619766940008,18.203080181810158,153700,43352,34.6,87.51225344117829,89.25742568969726,74.99704475402834,99.49300308227532,173151,48815,453,0.00261621359391514,166,269,18,0.00496396638856494,0.00216811341892948,0.00115096873201611,31,1.79034484351809e-4,2,25,4,5.98068239586137e-5,2.01497529640287e-4,2.55770829336914e-4,4,2.31012237873301e-5,0,3,1,0,2.41797035568344e-5,6.39427073342285e-5,2,1.15506118936651e-5,0,2,0,0,1.61198023712229e-5,0,35,2.02135708139139e-4,9,26,0,2.69130707813762e-4,2.09557430825898e-4,0,1,5.77530594683253e-6,0,1,0,0,8.05990118561146e-6,0,45,2.59888767607464e-4,3,37,5,8.97102359379205e-5,2.98216343867624e-4,3.19713536671143e-4,33,1.90585096245474e-4,4,24,5,1.19613647917227e-4,1.93437628454675e-4,3.19713536671143e-4,2882,0.0166444317387714,11,1811,1060,3.28937531772375e-4,0.0145964810471424,0.0677792697742822,3183,0.018382798828768,17,1758,1408,5.08358003648216e-4,0.014169306284305,0.0900313319265938,45215,0.261130458386033,2588,39289,3338,0.0773900302024461,0.316665457681489,0.213440757081655,1018,0.00587926145387552,460,509,49,0.0137555695104811,0.00410248970347624,0.0031331926593772,1586,0.0091596352316764,330,1092,164,0.00986812595317126,0.00880141209468772,0.0104866040028135,3776,0.0218075552552396,660,2629,487,0.0197362519063425,0.0211894802169725,0.0311400984717693,25453,0.146998862264728,5580,17356,2517,0.166861038844532,0.139887644977473,0.160943794360253,20184,0.116568775230868,5443,13763,978,0.162764271403367,0.110928420017571,0.0625359677728755,38955,0.224977043158861,11087,24579,3289,0.331539128614575,0.198104311241144,0.210307564422278,37140,0.21449486286536,143,27251,9746,0.00427618791304088,0.219640367209098,0.623185625679391,91,5.25552841161761e-4,1,57,33,2.99034119793068e-5,4.59414367579853e-4,0.00211010934202954,751,0.00433725476607123,8,453,290,2.39227295834455e-4,0.00365113523708199,0.0185433851269263,2368,0.0136759244820994,14,1359,995,4.18647767710296e-4,0.010953405711246,0.0636229937975574,74,4.27372640065607e-4,0,37,37,0,2.98216343867624e-4,0.00236588017136646,39412,0.227616357976564,214,28825,10373,0.00639933016357166,0.23232665167525,0.663277703177953,40080,0.231474262349048,261,29361,10458,0.00780479052659909,0.236646758710738,0.668712833301362,2238,0.0129251347090112,34,1430,774,0.00101671600729643,0.0115256586954244,0.0494916554766929,15677,0.0905394713284936,171,11112,4394,0.00511348344846147,0.0895616219745146,0.2809642560266
21222,77.9481842580928,11.745266655711964,10.306549086195242,14.372016158648549,34.738929849523565,16.377279947417428,22.94644976356101,18.60838765039893,35.1780185758514,10.869658948820765,143700,50644,39.7,86.7067788912062,88.63657112121584,74.64951629638665,98.15087890625,125941,54771,447,0.00354928101253762,211,219,17,0.00752013685936275,0.0025342235902658,0.0014826443397872,29,2.30266553386109e-4,6,18,5,2.13842754294675e-4,2.08292349884861e-4,4.36071864643293e-4,4,3.17609039153254e-5,2,1,1,7.12809180982251e-5,1.15717972158256e-5,8.72143729286586e-5,0,0,0,0,0,0,0,0,26,2.06445875449615e-4,11,13,2,3.92045049540238e-4,1.50433363805733e-4,1.74428745857317e-4,2,1.58804519576627e-5,0,0,2,0,0,1.74428745857317e-4,42,3.33489491110917e-4,9,24,9,3.20764131442013e-4,2.77723133179814e-4,7.84929356357928e-4,11,8.73424857671449e-5,1,10,0,3.56404590491126e-5,1.15717972158256e-4,0,1926,0.0152928752352292,8,1205,713,2.851236723929e-4,0.0139440156450698,0.0621838478981336,1846,0.0146576571569227,12,994,840,4.27685508589351e-4,0.0115023664325306,0.0732600732600733,37202,0.295392286864484,3337,31065,2800,0.118932211846889,0.359477880509622,0.244200244200244,820,0.00651098530264171,464,316,40,0.0165371729987882,0.00365668792020089,0.00348857491714635,751,0.00596310971010235,191,506,54,0.0068073276783805,0.00585532939120775,0.00470957613814757,2015,0.0159995553473452,495,1321,199,0.0176420272293107,0.0152863441221056,0.0173556602128031,15087,0.119794189342629,3251,9646,2190,0.115867132368665,0.111621555943854,0.190999476713762,9781,0.0776633502989495,3207,6140,434,0.114298952170504,0.0710508349051691,0.0378510378510378,23606,0.187436974456293,7792,13191,2623,0.277710456910685,0.152643577073955,0.228763300191872,22267,0.176805011870638,106,15434,6727,0.00377788865920593,0.178599118229052,0.586691086691087,86,6.82859434179497e-4,0,50,36,0,5.7858986079128e-4,0.00313971742543171,466,0.00370014530613541,7,235,224,2.49483213343788e-4,0.00271937234571901,0.0195360195360195,1675,0.0132998785145425,1,829,845,3.56404590491126e-5,0.00959301989191941,0.0736961451247165,61,4.84353784708713e-4,0,33,28,0,3.81869308122244e-4,0.00244200244200244,25163,0.199799906305333,192,17427,7544,0.00684296813742961,0.201661710080193,0.657945229373801,25643,0.203611214775172,251,17810,7582,0.00894575522132725,0.206093708413854,0.66125937554509,2957,0.0234792482194043,55,1948,954,0.00196022524770119,0.0225418609764282,0.0832025117739403,10381,0.0824274858862483,125,7422,2834,0.00445505738113907,0.0858858789358575,0.247165532879819
21223,18.982823064969974,73.11746671706354,7.899710217966486,38.48148620499086,2.7685412751192717,11.13350972239721,27.344504640712273,25.983789005081686,66.78609817269796,39.47520601416799,68900,26899,34.6,87.93469213749194,90.05882339477535,76.39478721618656,98.84756317138662,154267,23811,444,0.00287812688390907,195,227,22,0.00582715754243366,0.00202903214272945,0.0024644337403383,41,2.6577297801863e-4,5,28,8,1.49414295959837e-4,2.50277092495263e-4,8.96157723759382e-4,1,6.48226775655195e-6,1,0,0,2.98828591919675e-5,0,0,0,0,0,0,0,0,0,0,26,1.68538961670351e-4,9,15,2,2.68945732727707e-4,1.34077013836748e-4,2.24039430939845e-4,1,6.48226775655195e-6,0,1,0,0,8.93846758911652e-6,0,50,3.24113387827598e-4,9,31,10,2.68945732727707e-4,2.77092495262612e-4,0.00112019715469923,23,1.49092158400695e-4,0,18,5,0,1.60892416604097e-4,5.60098577349614e-4,3108,0.0201468881873635,8,2292,808,2.3906287353574e-4,0.0204869677142551,0.0905119300996975,2378,0.0154148327250805,14,1645,719,4.18360028687545e-4,0.0147037791840967,0.0805421754228744,51939,0.336682505007552,2547,46499,2893,0.0761116423619412,0.415629804426329,0.324073036854486,641,0.0041551336319498,310,315,16,0.00926368634950992,0.0028156172905717,0.00179231544751876,1330,0.0086214161162141,211,1033,86,0.00630528328950514,0.00923343701955737,0.00963369553041335,2936,0.0190319381332365,472,2163,301,0.0141047095386087,0.019333905395259,0.0337179343564467,27944,0.181140490189088,6282,19483,2179,0.18772412144394,0.174148164038757,0.244090960008962,22915,0.148541165641388,6231,15818,866,0.186200095625149,0.141388680324645,0.0970090735969531,39771,0.257806270945828,11589,25624,2558,0.346312455175711,0.229039293503522,0.286546432172062,30818,0.199770527721418,112,25290,5416,0.00334688022950036,0.226053845328757,0.606698778985101,67,4.34311939688981e-4,2,46,19,5.9765718383935e-5,4.1116950909936e-4,0.00212837459392853,534,0.00346153098199874,0,390,144,0,0.00348600235975544,0.0161308390276689,2000,0.0129645355131039,8,1329,663,2.3906287353574e-4,0.0118792234259359,0.0742690713565588,44,2.85219781288286e-4,0,33,11,0,2.94969430440845e-4,0.00123221687016915,32749,0.21228778675932,200,26783,5766,0.0059765718383935,0.239398977439308,0.645905679399574,33421,0.216643870691723,265,27332,5824,0.00791895768587138,0.244306196145733,0.65240282289683,1689,0.0109485502408162,26,1331,332,7.76954338991155e-4,0.0118971003611141,0.0371905455360143,12942,0.0838935093052954,102,10290,2550,0.00304805163758068,0.091976831492009,0.285650274448303
21224,69.89226210334203,16.445238141962832,13.662499754695133,17.651847586521853,8.90924229808493,9.955452636536688,20.478050120689993,12.520360303785544,41.94722008711248,14.479162101757307,195800,65501,33,88.51879952037194,89.87279052734384,75.37888832092287,101.29438323974607,110122,50957,444,0.00403189190170901,250,184,10,0.00823072364522289,0.00253961243305913,0.00137061403508772,19,1.72535914712773e-4,3,15,1,9.87686837426747e-5,2.07033622260255e-4,1.37061403508772e-4,0,0,0,0,0,0,0,0,2,1.81616752329235e-5,0,2,0,0,2.7604482968034e-5,0,17,1.5437423947985e-4,6,10,1,1.97537367485349e-4,1.3802241484017e-4,1.37061403508772e-4,2,1.81616752329235e-5,0,2,0,0,2.7604482968034e-5,0,26,2.36101778028005e-4,3,22,1,9.87686837426747e-5,3.03649312648374e-4,1.37061403508772e-4,7,6.35658633152322e-5,0,7,0,0,9.6615690388119e-5,0,1268,0.0115145020976735,8,841,419,2.63383156647132e-4,0.0116076850880583,0.0574287280701754,1166,0.0105882566607944,26,655,485,8.5599525910318e-4,0.00904046817203114,0.0664747807017544,25693,0.233313960879752,2216,21664,1813,0.0729571343912557,0.299011759509744,0.248492324561404,804,0.00730099344363524,455,313,36,0.0149799170343057,0.00432010158449732,0.00493421052631579,587,0.00533045168086304,206,351,30,0.00678211628366366,0.00484458676088997,0.00411184210526316,1771,0.0160821634187537,599,1022,150,0.019720813853954,0.0141058907966654,0.0205592105263158,13017,0.118205263253483,3748,7957,1312,0.123395008889182,0.109824435488323,0.179824561403509,9664,0.0877572147254863,3716,5681,267,0.122341476262593,0.0784105338707006,0.0365953947368421,22134,0.200995259802764,9181,11330,1623,0.302265095147165,0.156379396013913,0.222450657894737,14887,0.135186429596266,101,10820,3966,0.00332521235267005,0.149340252857064,0.543585526315789,42,3.81395179891393e-4,0,30,12,0,4.1406724452051e-4,0.00164473684210526,292,0.00265160458400683,3,153,136,9.87686837426747e-5,0.0021117429470546,0.018640350877193,1063,0.00965293038629883,4,624,435,1.31691578323566e-4,0.00861259868602661,0.0596217105263158,36,3.26910154192623e-4,0,25,11,0,3.45056037100425e-4,0.00150767543859649,16332,0.148308239952053,179,11805,4348,0.00589319812997959,0.162935460718821,0.59594298245614,16821,0.152748769546503,245,12187,4389,0.00806610917231843,0.168207916965715,0.6015625,1569,0.0142478342202285,48,1100,421,0.00158029893988279,0.0151824656324187,0.057702850877193,6846,0.0621674143222971,84,5159,1603,0.00276552314479489,0.0712057638160437,0.219709429824561
21225,45.74103815035908,40.63816247992485,13.620799369716067,24.852323244625786,31.526090315331135,10.760279991515409,26.468894881973277,17.654010484530772,51.18877593883895,16.405646463937074,165700,41904,34.9,86.47792711366262,88.2778400421143,74.25978660583502,97.72402572631832,150922,33001,492,0.00325996209962762,229,254,9,0.00583305738811483,0.00245391660547977,0.00110361741263029,34,2.25281933714104e-4,7,25,2,1.78303064265519e-4,2.41527224948796e-4,2.45248313917842e-4,6,3.97556353613125e-5,2,4,0,5.09437326472911e-5,3.86443559918074e-5,0,2,1.32518784537708e-5,0,2,0,0,1.93221779959037e-5,0,18,1.19266906083937e-4,7,11,0,1.78303064265519e-4,1.0627197897747e-4,0,4,2.65037569075416e-5,0,3,1,0,2.89832669938555e-5,1.22624156958921e-4,50,3.31296961344271e-4,9,38,3,2.2924679691281e-4,3.6712138192217e-4,3.67872470876763e-4,12,7.95112707226249e-5,0,7,5,0,6.76276229856629e-5,6.13120784794605e-4,1820,0.0120592093929314,7,1316,497,1.78303064265519e-4,0.0127139931213046,0.0609442060085837,1658,0.010985807238176,16,1018,624,4.07549861178329e-4,0.00983498859991498,0.0765174739423666,37446,0.248114920289951,2854,32770,1822,0.0726967064876844,0.316593886462882,0.223421213979154,783,0.00518811041465128,453,317,13,0.0115387554446114,0.00306256521235074,0.00159411404046597,1568,0.0103894727077563,361,1090,117,0.00919534374283604,0.0105305870077675,0.0143470263641937,3335,0.0220975073216628,678,2357,300,0.0172699253674317,0.0227711867681725,0.0367872470876763,22118,0.146552523820252,5800,14606,1712,0.147736824677144,0.141109865904085,0.209932556713673,16990,0.112574707464783,5720,10802,468,0.145699075371252,0.104359083355876,0.057388105456775,35436,0.234796782443911,12369,20957,2110,0.315061514557172,0.202467442130077,0.258736971183323,24968,0.165436450616875,141,19712,5115,0.00359153315163402,0.190439386327627,0.62722256284488,118,7.81860828772478e-4,0,79,39,0,7.63226030838196e-4,0.00478234212139792,379,0.00251123096698957,7,244,128,1.78303064265519e-4,0.00235730571550025,0.0156958920907419,1532,0.0101509388955884,0,882,650,0,0.00852108049619353,0.0797057020232986,33,2.18655994487219e-4,0,21,12,0,2.02882868956989e-4,0.00147148988350705,26898,0.178224513324764,201,21086,5611,0.00511984513105275,0.203713722610813,0.688044144696505,27415,0.181650123905064,266,21527,5622,0.00677551644208971,0.207974262858909,0.689393010423053,2074,0.0137421979565603,55,1556,463,0.0014009526478005,0.0150326544808131,0.0567749846719804,11621,0.0770000397556354,183,9110,2328,0.00466135153722713,0.0880125207713413,0.285469037400368
21226,70.34749034749035,24.504504504504503,5.148005148005147,15.406525116519937,41.677135678391956,10.012870012870014,25.868725868725868,15.72715572715573,30.32849503437739,17.77638190954774,240900,73438,32.6,87.36130289223266,88.83554039001464,75.03827095031738,97.68062286376951,21124,7770,69,0.00326642681310358,36,33,0,0.00782608695652174,0.00215348472983555,0,6,2.8403711418292e-4,0,5,1,0,3.26285565126599e-4,8.33333333333333e-4,0,0,0,0,0,0,0,0,0,0,0,0,0,0,0,0,1,4.73395190304866e-5,0,1,0,0,6.52571130253198e-5,0,0,0,0,0,0,0,0,0,7,3.31376633213407e-4,0,6,1,0,3.91542678151919e-4,8.33333333333333e-4,3,1.4201855709146e-4,0,2,1,0,1.3051422605064e-4,8.33333333333333e-4,297,0.0140598371520545,0,226,71,0,0.0147481075437223,0.0591666666666667,226,0.01069873130089,1,148,77,2.17391304347826e-4,0.00965805272774732,0.0641666666666667,6512,0.308274947926529,440,5721,351,0.0956521739130435,0.373335943617854,0.2925,112,0.0053020261314145,69,39,4,0.015,0.00254502740798747,0.00333333333333333,214,0.0101306570725241,43,160,11,0.00934782608695652,0.0104411380840512,0.00916666666666667,495,0.0234330619200909,85,377,33,0.0184782608695652,0.0246019316105455,0.0275,2869,0.135817080098466,516,2081,272,0.112173913043478,0.13580005220569,0.226666666666667,1939,0.0917913274001136,504,1388,47,0.109565217391304,0.0905768728791438,0.0391666666666667,4567,0.216199583412233,1331,2908,328,0.289347826086957,0.18976768467763,0.273333333333333,3620,0.171369058890362,7,2897,716,0.00152173913043478,0.189049856434351,0.596666666666667,28,0.00132550653285363,0,20,8,0,0.0013051422605064,0.00666666666666667,68,0.00321908729407309,0,46,22,0,0.00300182719916471,0.0183333333333333,247,0.0116928612005302,0,166,81,0,0.0108326807622031,0.0675,13,6.15413747396326e-4,0,8,5,0,5.22056904202558e-4,0.00416666666666667,4033,0.190920280249953,23,3186,824,0.005,0.207909162098669,0.686666666666667,4123,0.195180836962696,39,3253,831,0.00847826086956522,0.212281388671365,0.6925,381,0.0180363567506154,5,314,62,0.00108695652173913,0.0204907334899504,0.0516666666666667,1783,0.0844063624313577,13,1412,358,0.00282608695652174,0.0921430435917515,0.298333333333333
21227,72.49896834286388,14.602369863821258,12.898661793314867,16.485253332538097,44.431878157279655,12.379885633437482,23.993397394328834,11.914166126274834,38.86220602848625,8.949709718766494,207400,64692,34.4,86.02201318997606,88.19574985504148,73.82123641967775,97.36719665527346,82656,33926,288,0.00348432055749129,148,129,11,0.00620284995808885,0.00249787003330493,0.00153803131991051,18,2.17770034843206e-4,2,14,2,8.38222967309304e-5,2.71086670281156e-4,2.79642058165548e-4,2,2.4196670538134e-5,1,0,1,4.19111483654652e-5,0,1.39821029082774e-4,0,0,0,0,0,0,0,0,34,4.11343399148277e-4,17,14,3,7.12489522212909e-4,2.71086670281156e-4,4.19463087248322e-4,1,1.2098335269067e-5,0,1,0,0,1.93633335915111e-5,0,28,3.38753387533875e-4,4,20,4,1.67644593461861e-4,3.87266671830222e-4,5.59284116331096e-4,2,2.4196670538134e-5,2,0,0,8.38222967309304e-5,0,0,1347,0.0162964576074332,1,765,581,4.19111483654652e-5,0.014812950197506,0.0812360178970917,1166,0.0141066589237321,4,500,662,1.67644593461861e-4,0.00968166679575556,0.0925615212527964,20949,0.253448025551684,1743,17132,2074,0.0730511316010059,0.331732631089768,0.289988814317673,606,0.00733159117305459,369,213,24,0.0154652137468567,0.00412439005499187,0.00335570469798658,771,0.00932781649245064,174,536,61,0.00729253981559095,0.01037874680505,0.00852908277404922,1637,0.0198049748354626,392,1071,174,0.0164291701592624,0.0207381302765084,0.0243288590604027,10262,0.124153116531165,3142,5745,1375,0.131684828164292,0.111242351483231,0.192253914988814,7631,0.0923223964382501,3095,4163,373,0.129715004191115,0.0806095577414608,0.0521532438478747,17777,0.215072106078204,7251,8840,1686,0.303897736797988,0.171171868948958,0.235738255033557,13498,0.163303329461866,47,8793,4658,0.00196982397317686,0.170261792270157,0.651286353467561,43,5.2022841656988e-4,0,29,14,0,5.61536674153822e-4,0.00195749440715884,363,0.00439169570267131,5,167,191,2.09555741827326e-4,0.00323367670978236,0.0267058165548098,943,0.0114087301587302,5,414,524,2.09555741827326e-4,0.0080164201068856,0.0732662192393736,20,2.4196670538134e-4,0,8,12,0,1.54906668732089e-4,0.00167785234899329,14802,0.179079558652729,114,9622,5066,0.00477787091366303,0.18631399581752,0.708333333333333,15303,0.185140824622532,166,10045,5092,0.00695725062866723,0.194504685926729,0.711968680089485,2110,0.0255274874177313,29,1385,696,0.00121542330259849,0.0268182170242429,0.0973154362416107,5876,0.0710898180410375,80,4053,1743,0.00335289186923722,0.0784795910463945,0.243708053691275
21228,67.47061038363385,20.066518847006652,12.462870769359494,6.3746477055140804,54.607192467973455,18.71522403045643,18.957871396895786,11.404426222649878,27.487603305785125,6.621392190152801,301100,85837,43.4,85.1074513064132,87.22889976501465,73.72289161682131,96.28496780395514,63015,47806,171,0.00271363960961676,68,98,5,0.00489737126395391,0.0027364364895429,3.7545993842457e-4,25,3.96730937078473e-4,6,15,4,4.32120993878286e-4,4.18842319827995e-4,3.00367950739656e-4,2,3.17384749662779e-5,0,0,2,0,0,1.50183975369828e-4,0,0,0,0,0,0,0,0,17,2.69777037213362e-4,2,15,0,1.44040331292762e-4,4.18842319827995e-4,0,1,1.58692374831389e-5,0,1,0,0,2.79228213218664e-5,0,28,4.4433864952789e-4,6,16,6,4.32120993878286e-4,4.46765141149862e-4,4.50551926109484e-4,6,9.52154248988336e-5,1,4,1,7.2020165646381e-5,1.11691285287465e-4,7.5091987684914e-5,1546,0.0245338411489328,0,462,1084,0,0.0129003434507023,0.0813997146504468,1900,0.030151551217964,4,547,1349,2.88080662585524e-4,0.0152737832630609,0.101299091386949,15817,0.251003729270809,1509,10646,3662,0.108678429960389,0.297266355792589,0.274986858902155,389,0.00617313338094105,210,138,41,0.01512423478574,0.00385334934241756,0.00307877149508147,485,0.00769658017932238,95,285,105,0.00684191573640619,0.00795800407673191,0.00788465870691597,1085,0.0172181226692057,218,637,230,0.0157003961109111,0.0177868371820289,0.0172711571675302,6659,0.105673252400222,1516,3467,1676,0.109182571119914,0.0968084215229107,0.125854171359916,4667,0.0740617313338094,1480,2617,570,0.106589845156644,0.0730740233993243,0.042802432980401,11168,0.177227644211696,3522,5314,2332,0.253655023406554,0.148381872504398,0.175114515281219,15184,0.240958501943982,60,6700,8424,0.00432120993878286,0.187082902856505,0.632574904257716,42,6.66507974291835e-4,0,17,25,0,4.74687962471728e-4,0.00187729969212285,562,0.00891851146552408,4,145,413,2.88080662585524e-4,0.00404880909167062,0.0310129909138695,1193,0.0189320003173848,3,330,860,2.16060496939143e-4,0.0092145310362159,0.0645791094090261,36,5.71292549393002e-4,0,7,29,0,1.95459749253065e-4,0.00217766764286251,16779,0.266269935729588,125,7412,9242,0.00900252070579762,0.206963951637673,0.694000150183975,17198,0.272919146235023,165,7672,9361,0.0118833273316529,0.214223885181359,0.70293609671848,2782,0.0441482186780925,50,1017,1715,0.00360100828231905,0.0283975092843381,0.128782758879628,5792,0.0919146235023407,87,2941,2764,0.00626575441123515,0.082121017507609,0.207554253961102
21229,16.89994815966822,76.182477967859,6.917573872472786,18.574373212182397,14.86930508557697,12.837739761534475,24.38154484188699,15.116640746500778,45.72291177457229,12.284831543327938,125700,47422,35,85.98666379187335,87.97043571472166,73.69281654357903,98.16118545532227,162766,48225,523,0.0032132017743263302,225,267,31,0.00561391252276753,0.00245618876776597,0.0022171363181233,46,2.82614305198874e-4,10,32,4,2.49507223234113e-4,2.94374683777195e-4,2.86082105564297e-4,3,1.84313677303614e-5,0,3,0,0,2.7597626604112e-5,0,0,0,0,0,0,0,0,0,20,1.22875784869076e-4,5,13,2,1.24753611617056e-4,1.19589715284486e-4,1.43041052782148e-4,2,1.22875784869076e-5,0,2,0,0,1.83984177360747e-5,0,59,3.62483565363774e-4,12,41,6,2.99408667880935e-4,3.77167563589531e-4,4.29123158346445e-4,24,1.47450941842891e-4,1,17,6,2.49507223234113e-5,1.56386550756635e-4,4.29123158346445e-4,2750,0.0168954204194979,2,1715,1033,4.99014446468225e-5,0.0157766432086841,0.0738807037619797,3221,0.0197891451531647,27,1846,1348,6.73669502732104e-4,0.0169817395703969,0.0964096695751681,39229,0.241014708231449,2453,33154,3622,0.0612041218593278,0.30499057081091,0.259047346588471,1106,0.00679503090325989,611,462,33,0.0152448913396043,0.00425003449703326,0.00236017737090545,1497,0.00919725249745033,255,1108,134,0.00636243419246987,0.0101927234257854,0.00958375053640395,3342,0.0205325436516226,627,2345,370,0.0156441028967789,0.0215721447955476,0.0264625947646975,24577,0.150995908236364,6366,15950,2261,0.158836298310836,0.146727381445196,0.161707910170219,20173,0.123938660408193,6275,13046,852,0.156565782579406,0.120012878892415,0.0609354884851952,38795,0.23834830369979,13291,22589,2915,0.331620050400459,0.207800929120096,0.208482334429981,33097,0.20334099259059,114,23844,9139,0.00284438234486888,0.219345936249483,0.653626090688027,67,4.11633879311404e-4,0,33,34,0,3.03573892645232e-4,0.00243169789729652,839,0.00515463917525773,6,428,405,1.49704333940468e-4,0.00393726139551998,0.0289658131883851,2203,0.0135347677033287,4,1157,1042,9.9802889293645e-5,0.0106434846603192,0.0745243884994994,67,4.11633879311404e-4,0,39,28,0,3.58769145853457e-4,0.00200257473895008,34926,0.214577983116867,205,25121,9600,0.00511489807629931,0.231093325973966,0.686597053354313,35706,0.219370138726761,284,25699,9723,0.0070860051398488,0.236410468699692,0.695394078100415,2494,0.0153226103731738,36,1570,888,8.98226003642805e-4,0.0144427579228186,0.0635102274352739,14460,0.0888391924603418,143,10276,4041,0.00356795329224781,0.0945310703279518,0.289014447146331
21230,64.44874051418184,27.84718815823643,7.704071327581733,14.706222530650011,8.928676254769591,8.63317655884814,16.625789883717577,11.054043916091986,47.356679286100594,13.167009098914,247300,73762,32.1,87.80708139629917,89.70082702636712,75.97287788391122,98.63132476806643,83671,34657,236,0.00282057104612112,103,123,10,0.00524600183355404,0.0021336016236188,0.00156543519098309,18,2.15128300127882e-4,5,12,1,2.54660283182235e-4,2.08156255962809e-4,1.56543519098309e-4,1,1.19515722293268e-5,0,0,1,0,0,1.56543519098309e-4,2,2.39031444586535e-5,0,1,1,0,1.73463546635675e-5,1.56543519098309e-4,22,2.62934589045189e-4,5,15,2,2.54660283182235e-4,2.60195319953512e-4,3.13087038196619e-4,1,1.19515722293268e-5,0,1,0,0,1.73463546635675e-5,0,24,2.86837733503842e-4,5,16,3,2.54660283182235e-4,2.77541674617079e-4,4.69630557294928e-4,8,9.56125778346141e-5,0,7,1,0,1.21424482644972e-4,1.56543519098309e-4,1053,0.0125850055574811,2,714,337,1.01864113272894e-4,0.0123852972297872,0.0527551659361302,1008,0.0120471848071614,5,586,417,2.54660283182235e-4,0.0101649638328505,0.065278647463995,20108,0.240322214387303,1230,17509,1369,0.0626464296628298,0.30371732380440303,0.214308077645585,436,0.00521088549198647,253,171,12,0.0128858103290211,0.00296622664747003,0.00187852222917971,655,0.00782827981020903,134,476,45,0.0068248955892839,0.00825686481985811,0.00704445835942392,1540,0.0184054212331632,324,1070,146,0.0165019863502088,0.0185605994900172,0.0228553537883532,11564,0.138207981259935,2832,7697,1035,0.144239584394418,0.133514891845479,0.16202254226675,8779,0.10492285260126,2788,5742,249,0.141998573902414,0.0996027684782043,0.038979336255479,18473,0.220781393792353,6270,10877,1326,0.319343995110523,0.188676299675623,0.207576706324358,13542,0.161848191129543,35,10292,3215,0.00178262198227564,0.178528682197436,0.503287413901064,71,8.48561628282201e-4,0,42,29,0,7.28546895869833e-4,0.00453976205385097,285,0.00340619808535813,1,167,117,5.0932056636447e-5,0.00289684122881576,0.0183155917345022,883,0.0105532382784955,0,523,360,0,0.00907214348904578,0.0563556668753914,32,3.82450311338457e-4,0,17,15,0,2.94888029280647e-4,0.00234815278647464,14743,0.176202029376965,60,11110,3573,0.00305592339818682,0.192718000312234,0.559329993738259,15077,0.18019385450156,87,11394,3596,0.00443108892737089,0.197644365036688,0.56293049467752,1246,0.0148916589977412,32,862,352,0.0016298258123663,0.0149525577199951,0.0551033187226049,5946,0.071064048475577,43,4498,1405,0.00219007843536722,0.0780239032767264,0.219943644333125
21231,59.71068204913623,30.438161276824676,9.851156674039093,19.805194805194805,2.05219718938211,8.26110347301094,15.009863111961263,12.284057624484428,61.23595505617978,16.618335935757305,287100,69979,32.3,89.197407781592,90.7000301361085,79.1581027984619,101.15298919677741,42192,16729,147,0.00348407281001138,70,74,3,0.00785193494111049,0.00239901445892498,0.00123406005758947,10,2.37011755783087e-4,0,8,2,0,2.59352914478376e-4,8.22706705059646e-4,1,2.37011755783087e-5,0,1,0,0,3.24191143097971e-5,0,0,0,0,0,0,0,0,0,4,9.48047023132347e-5,0,4,0,0,1.29676457239188e-4,0,1,2.37011755783087e-5,0,1,0,0,3.24191143097971e-5,0,13,3.08115282518013e-4,0,11,2,0,3.56610257407768e-4,8.22706705059646e-4,9,2.13310580204778e-4,0,9,0,0,2.91772028788173e-4,0,602,0.0142681076981418,1,467,134,1.12170499158721e-4,0.0151397263826752,0.0551213492389963,436,0.0103337125521426,7,323,106,7.85193494111049e-4,0.0104713739220644,0.0436034553681613,10890,0.258105802047782,616,9741,533,0.0690970274817723,0.315794592491733,0.219251336898396,243,0.00575938566552901,105,126,12,0.0117779024116657,0.00408480840303443,0.00493624023035788,189,0.00447952218430034,64,118,7,0.00717891194615816,0.00382545548855605,0.00287947346770876,593,0.014054797117937,125,428,40,0.0140213123948402,0.0138753809245931,0.0164541341011929,6267,0.148535267349261,1717,4212,338,0.192596747055524,0.136549309472865,0.13903743315508,5124,0.121444823663254,1713,3309,102,0.19214806505889,0.107274849251118,0.041958041958042,9248,0.219188471748199,3120,5657,471,0.34997195737521,0.183394929650522,0.193747429041547,6230,0.147658323852863,44,5128,1058,0.00493550196298374,0.166245218180639,0.435211846976553,37,8.76943496397421e-4,0,29,8,0,9.40154314984115e-4,0.00329082682023859,109,0.00258342813803565,2,77,30,2.24340998317443e-4,0.00249627180185437,0.0123406005758947,409,0.00969378081152825,0,311,98,0,0.0100823445503469,0.0403126285479227,14,3.31816458096322e-4,0,10,4,0,3.24191143097971e-4,0.00164541341011929,6767,0.160385855138415,54,5538,1175,0.00605720695457095,0.179537055047656,0.483340189222542,6969,0.165173492605233,71,5712,1186,0.00796410544026921,0.185177980937561,0.48786507610037,466,0.0110447478194918,4,345,117,4.48681996634885e-4,0.01118459443688,0.0481283422459893,2610,0.0618600682593857,25,2124,461,0.00280426247896803,0.068858198794009,0.189633895516248
21234,63.12653448003561,28.484256773248717,8.389208746715674,8.811878325237103,41.97784294558488,17.85668135938779,20.288877083662364,12.112162414392166,38.61735222951953,5.734767025089606,216700,61748,40.1,85.6000452983459,87.45071029663082,73.93183441162105,96.33981704711918,118324,69649,431,0.00364254082012102,180,220,31,0.0064998375040624,0.00295627401972641,0.00191204588910134,38,3.21152090869139e-4,8,23,7,2.88881666847218e-4,3.09065011153216e-4,4.31752297539012e-4,3,2.53541124370373e-5,0,3,0,0,4.03128275417238e-5,0,3,2.53541124370373e-5,0,3,0,0,4.03128275417238e-5,0,16,1.35221932997532e-4,5,11,0,1.80551041779511e-4,1.47813700986321e-4,0,1,8.45137081234576e-6,1,0,0,3.61102083559022e-5,0,0,47,3.97214428180251e-4,10,30,7,3.61102083559022e-4,4.03128275417238e-4,4.31752297539012e-4,14,1.18319191372841e-4,2,7,5,7.22204167118044e-5,9.40632642640221e-5,3.08394498242151e-4,1593,0.0134630337040668,0,731,862,0,0.00982289231100003,0.0531672114969469,2121,0.0179253574929854,12,843,1266,4.33322500270827e-4,0.0113279045392244,0.0780854869549127,24752,0.209188330347182,2305,18880,3567,0.0832340302603546,0.253702061329248,0.220008635045951,964,0.00814712146310131,516,393,55,0.0186328675116455,0.00528098040796581,0.00339233948066366,1287,0.010876914235489,294,849,144,0.0106164012566353,0.0114085301943078,0.00888176154937396,2592,0.0219059531456002,604,1626,362,0.0218105658469649,0.0218495525276143,0.0223277616727318,12869,0.108760690984078,3255,7489,2125,0.117538728198462,0.100634255153323,0.131067661752914,9654,0.081589533822386,3199,5828,627,0.115516556530531,0.0783143863043887,0.0386726700795658,22571,0.190755890605456,8007,11781,2783,0.289134438305709,0.158308473756349,0.171652377721581,23547,0.199004428518306,68,14136,9343,0.00245549416820135,0.189954043376602,0.576265959415284,141,0.00119164328454075,0,77,64,0,0.00103469590690424,0.00394744957749954,616,0.00520604442040499,2,278,336,7.22204167118044e-5,0.00373565535219974,0.0207241102818726,1508,0.0127446671850174,1,575,932,3.61102083559022e-5,0.00772662527883039,0.057484734472337,55,4.64825394679017e-4,0,23,32,0,3.09065011153216e-4,0.00197372478874977,26279,0.222093573577634,169,15470,10640,0.00610262521214747,0.207879814023489,0.656263492259298,26928,0.227578513234847,224,15947,10757,0.0080886866717221,0.214289553602623,0.663479923518164,2953,0.024956898008857,48,1549,1356,0.00173329000108331,0.02081485662071,0.0836365879232714,9306,0.0786484567796897,93,5882,3331,0.00335824937709891,0.0790400172001398,0.205452414728921
21236,69.23194264358172,16.59420842549513,14.173848930923153,8.540261598201512,38.05256510494978,13.342485953270792,22.101034754531817,10.693310960262375,32.456823789118296,7.36753473266374,239200,77532,36.8,85.92244492539254,87.60416526794427,74.2396404266357,96.97839050292963,51455,39333,247,0.00480031095131668,116,122,9,0.00949729818241362,0.00379660173025456,0.00126635711270578,17,3.30385773977262e-4,4,10,3,3.27493040772884e-4,3.1119686313562e-4,4.22119037568594e-4,3,5.83033718783403e-5,0,3,0,0,9.33590589406859e-5,0,2,3.88689145855602e-5,0,2,0,0,6.22393726271239e-5,0,11,2.13779030220581e-4,1,10,0,8.18732601932209e-5,3.1119686313562e-4,0,0,0,0,0,0,0,0,0,25,4.85861432319502e-4,6,16,3,4.91239561159325e-4,4.97914981016991e-4,4.22119037568594e-4,9,1.74910115635021e-4,1,6,2,8.18732601932209e-5,1.86718117881372e-4,2.81412691712396e-4,728,0.0141482849091439,0,373,355,0,0.0116076429949586,0.0499507527789503,728,0.0141482849091439,8,303,417,6.54986081545767e-4,0.00942926495300927,0.0586745462220346,11091,0.215547565834224,1012,8582,1497,0.0828557393155396,0.267069147942989,0.210637399746729,403,0.00783208628899038,255,123,25,0.0208776813492713,0.00382772141656812,0.00351765864640495,317,0.00616072296181129,91,180,46,0.0074504666775831,0.00560154353644115,0.00647249190938511,808,0.0157030414925663,242,463,103,0.0198133289667595,0.0144084147631792,0.0144927536231884,4899,0.0952094062773297,1321,2680,898,0.108154576715245,0.083400759320346,0.126354298578866,3605,0.0700612185404723,1307,2010,288,0.10700835107254,0.0625505694902595,0.0405234276065851,8639,0.167894276552327,3337,4143,1159,0.273211069264778,0.128928860397087,0.163078654847334,9934,0.193061898746478,44,5759,4131,0.00360242344850172,0.179218273479803,0.581257914731954,61,0.00118550189485959,0,33,28,0,0.00102694964834754,0.00393977768397355,222,0.00431444951899718,3,98,121,2.45619780579663e-4,0.00304972925872907,0.0170254678486,514,0.00998931104848897,0,145,369,0,0.00451235451546648,0.0519206416209371,18,3.49820231270042e-4,0,10,8,0,3.1119686313562e-4,0.00112565076684958,11204,0.217743659508308,101,6417,4686,0.00826919927951531,0.199695027074127,0.659349936682144,11488,0.22326304537945801,137,6638,4713,0.0112166366464713,0.206572477749424,0.663149008020262,1435,0.0278884462151394,28,841,566,0.00229245128541019,0.0261716561897056,0.0796397917546081,3868,0.0751724808084734,37,2441,1390,0.00302931062714917,0.0759631542914047,0.195581820740115
21237,57.88266578028918,29.572876848928036,12.544457370782784,7.8988782856186175,46.99011680143755,15.07728103706166,21.05035732092405,11.374439089247133,36.192745565263436,7.449154618965939,217500,64758,38.9,86.38889085731444,88.31286411285399,73.79687080383296,97.07648468017587,57839,30085,240,0.0041494493334947,128,105,7,0.0091161598176768,0.00276898734177215,0.00119088125212657,15,2.59340583343419e-4,4,10,1,2.848799943024e-4,2.63713080168776e-4,1.70125893160939e-4,1,1.72893722228946e-5,0,1,0,0,2.63713080168776e-5,0,1,1.72893722228946e-5,0,1,0,0,2.63713080168776e-5,0,20,3.45787444457892e-4,5,14,1,3.56099992878e-4,3.69198312236287e-4,1.70125893160939e-4,0,0,0,0,0,0,0,0,23,3.97655561126576e-4,6,16,1,4.273199914536e-4,4.21940928270042e-4,1.70125893160939e-4,6,0.00010373623333736801,2,4,0,1.424399971512e-4,1.05485232067511e-4,0,591,0.0102180189837307,1,335,255,7.12199985756e-5,0.00883438818565401,0.0433821027560395,996,0.017220214734003,13,485,498,9.258599814828e-4,0.0127900843881857,0.0847226947941477,12977,0.224364183336503,1082,10732,1163,0.0770600384587992,0.283016877637131,0.197856413746172,488,0.00843721364477256,304,166,18,0.0216508795669824,0.00437763713080169,0.0030622660768969,417,0.00720966821694704,118,252,47,0.0084039598319208,0.00664556962025316,0.00799591697856414,1001,0.0173066615951175,261,619,121,0.0185884196282316,0.0163238396624473,0.0205852330724736,6427,0.111118795276544,1724,3777,926,0.122783277544334,0.0996044303797468,0.15753657706703,4538,0.0784591711474956,1703,2613,222,0.121287657574247,0.0689082278481013,0.0377679482817285,11136,0.192534449074154,4254,5747,1135,0.302969873940603,0.151555907172996,0.193092888737666,10801,0.186742509379484,55,7194,3552,0.003917099921658,0.189715189873418,0.604287172507656,72,0.00124483480004841,0,43,29,0,0.00113396624472574,0.00493365090166723,250,0.00432234305572365,2,131,117,1.424399971512e-4,0.00345464135021097,0.0199047294998299,716,0.0123791905115925,1,292,423,7.12199985756e-5,0.00770042194092827,0.0719632528070772,20,3.45787444457892e-4,0,14,6,0,3.69198312236287e-4,0.00102075535896563,12090,0.209028510174796,107,7932,4051,0.0076205398475892,0.209177215189873,0.689179993194964,12315,0.212918618924947,135,8120,4060,0.009614699807706,0.214135021097046,0.690711126233413,1355,0.0234270993620222,16,830,509,0.0011395199772096,0.0218881856540084,0.086594079618918,4795,0.0829025398087795,60,3256,1479,0.004273199914536,0.0858649789029536,0.251616195985029
21239,13.79073756432247,80.78278496803368,5.426477467643849,11.91944371556022,11.75775712710663,14.798066427569001,20.08732262591611,12.661780757835647,45.556119857795835,6.961726256103323,146700,52811,36.1,86.0626608150335,88.11083755493169,74.37102317810061,95.78107299804691,91243,32065,279,0.00305776881514198,97,163,19,0.00469574478385051,0.00269961410424154,0.00186146762026061,19,2.08235152285655e-4,7,9,3,3.38868180277872e-4,1.49058447473459e-4,2.93915940041148e-4,2,2.19194897142795e-5,0,2,0,0,3.31240994385465e-5,0,2,2.19194897142795e-5,0,2,0,0,3.31240994385465e-5,0,31,3.39752090571331e-4,10,21,0,4.8409740039696e-4,3.47803044104738e-4,0,0,0,0,0,0,0,0,0,27,2.95913111142773e-4,8,16,3,3.87277920317568e-4,2.64992795508372e-4,2.93915940041148e-4,8,8.76779588571178e-5,1,6,1,4.8409740039696e-5,9.93722983156395e-5,9.79719800137161e-5,1320,0.0144668632114244,1,648,671,4.8409740039696e-5,0.0107322082180891,0.0657391985892035,1841,0.0201768902819942,20,916,905,9.6819480079392e-4,0.0151708375428543,0.0886646419124131,19118,0.209528402178797,1636,15572,1910,0.0791983347049426,0.257904238228523,0.187126481826198,704,0.00771566037942637,369,295,40,0.0178631940746478,0.00488580466718561,0.00391887920054864,1224,0.013414727705139,201,883,140,0.00973035774797889,0.0146242899021183,0.0137160772019203,2277,0.0249553390397072,409,1551,317,0.0197995836762357,0.0256877391145928,0.031057117664348,12108,0.132700590730248,3381,7308,1419,0.163673331074212,0.121035459348449,0.139022239639463,9811,0.107526056793398,3309,6037,465,0.16018782979135399,0.0999850941552527,0.045556970706378,20695,0.226811919818507,6888,11802,2005,0.333446289393426,0.195465310786863,0.196433819927501,20048,0.219720964895937,84,13214,6750,0.00406641816333446,0.218850924990477,0.661310865092584,83,9.09658823142597e-4,0,43,40,0,7.1216813792875e-4,0.00391887920054864,560,0.00613745711999825,1,250,309,4.8409740039696e-5,0.00414051242981831,0.0302733418242383,1191,0.0130530561248534,2,542,647,9.6819480079392e-5,0.0089766309478461,0.0633878710688743,42,4.60309283999868e-4,0,28,14,0,4.63737392139651e-4,0.00137160772019203,21316,0.23361792137479,155,13960,7201,0.00750350970615288,0.231206214081055,0.705496228078769,21727,0.238122376511075,191,14263,7273,0.00924626034758193,0.236224515145994,0.712550210639757,1446,0.015847791063424,30,918,498,0.00145229220119088,0.0152039616422928,0.0487900460468306,9084,0.0995583222822573,123,5750,3211,0.00595439802488261,0.0952317858858212,0.314588027824042
21251,24.51759364358683,64.472190692395,11.010215664018162,NaN,NaN,0,2.1566401816118046,0.7945516458569807,NaN,NaN,NA,NA,20.3,86.47705249972105,88.92525062561036,75.4706893920899,95.60120620727533,301,881,1,0.00332225913621262,0,1,0,0,0.00561797752808989,0,0,0,0,0,0,0,0,0,0,0,0,0,0,0,0,0,0,0,0,0,0,0,0,0,0,0,0,0,0,0,0,0,0,0,0,0,0,0,0,0,0,0,0,0,0,0,0,0,0,0,0,0,0,0,0,0,1,0.00332225913621262,0,1,0,0,0.00561797752808989,0,4,0.0132890365448505,0,4,0,0,0.0224719101123595,0,50,0.166112956810631,17,33,0,0.139344262295082,0.185393258426966,0,4,0.0132890365448505,2,2,0,0.0163934426229508,0.0112359550561798,0,4,0.0132890365448505,2,2,0,0.0163934426229508,0.0112359550561798,0,5,0.0166112956810631,3,2,0,0.0245901639344262,0.0112359550561798,0,22,0.0730897009966777,8,14,0,0.0655737704918033,0.0786516853932584,0,20,0.0664451827242525,7,13,0,0.0573770491803279,0.0730337078651685,0,48,0.159468438538206,21,27,0,0.172131147540984,0.151685393258427,0,23,0.0764119601328904,0,23,0,0,0.129213483146067,0,0,0,0,0,0,0,0,0,3,0.00996677740863787,0,3,0,0,0.0168539325842697,0,0,0,0,0,0,0,0,0,0,0,0,0,0,0,0,0,24,0.079734219269103,0,24,0,0,0.134831460674157,0,26,0.0863787375415282,1,25,0,0.00819672131147541,0.140449438202247,0,1,0.00332225913621262,0,1,0,0,0.00561797752808989,0,20,0.0664451827242525,5,15,0,0.040983606557377,0.0842696629213483,0
CITYWIDE,43.31679001596285,48.305906254534904,8.377303729502245,17.43665784802654,25.28296062560022,14.281720118028346,21.29811831857979,14.117641367967881,44.90520583696157,14.576973864727671,153200,153200,35,86.10596895599653,87.98678474426276,72.55812797546378,102.78414993286131,2903633,34010,8979,0.00309233294979083,4018,4570,391,0.00610013451267243,0.00231337938156333,0.00145086718071645,659,2.26957056900786e-4,112,466,81,1.70038592687733e-4,2.35893827529215e-4,3.00563277846631e-4,68,2.34189375861206e-5,13,41,14,1.97366223655405e-5,2.07546071431283e-5,5.19492085167017e-5,36,1.2398261075005e-5,2,31,3,3.03640344085238e-6,1.56925078399263e-5,1.11319732535789e-5,513,1.76675220318821e-4,151,334,28,2.29248459784355e-4,1.69074116726948e-4,1.03898417033403e-4,27,9.29869580625375e-6,2,19,6,3.03640344085238e-6,9.61798867608386e-6,2.22639465071579e-5,912,3.14089280566793e-4,148,647,117,2.24693854623076e-4,3.27517824917171e-4,4.34146956889578e-4,366,1.26048987595884e-4,27,274,65,4.09914464515071e-5,1.38701520907736e-4,2.41192753827543e-4,42494,0.014634769614479501,108,26645,15741,1.63965785806028e-4,0.0134879635933818,0.0584094636615286,46076,0.0158683965914425,328,25209,20539,4.9797016429979e-4,0.012761046133442,0.0762131995517525,685597,0.236116961062228,49316,579874,56407,0.074871636044538,0.293537977134497,0.209307071771542,17987,0.00619465338766986,9456,7700,831,0.01435611546835,0.00389781646346556,0.00308355659124136,23633,0.00813911399959981,5059,16338,2236,0.00768058250363609,0.00827045784157148,0.0082970307316675,55862,0.019238657226998,11349,38077,6436,0.0172300713251168,0.0192749555168024,0.023881793286678,384457,0.132405507169811,97109,248914,38434,0.147431050868867,0.126002738595723,0.142615420009351,301047,0.103679425051306,95784,192555,12708,0.145419433589302,0.0974732531328067,0.0471550387021603,614614,0.211670689787587,206055,358435,50124,0.312833055502419,0.181443356374322,0.185993009120797,532975,0.183554533234744,2232,380346,150397,0.00338862623999126,0.192534922157568,0.55807179380617,1913,6.58829817680127e-4,5,1148,760,7.59100860213095e-6,5.81129000007593e-4,0.00282009989090666,11790,0.00406043050206414,97,6395,5298,1.4726556688134e-4,0.0032372125043977,0.0196590647658204,34183,0.0117724932868582,73,18561,15549,1.10828725591112e-4,0.00939576251667329,0.0576970173732996,1118,3.850348856071e-4,2,623,493,3.03640344085238e-6,3.15368786589487e-4,0.00182935427133814,574224,0.197760529653713,3880,406748,163596,0.00589062267525362,0.205899876737882,0.607048765464166,588085,0.202534204563731,5110,417467,165508,0.00775801079137783,0.211325940980984,0.614143543084447,43854,0.0151031483662019,822,27929,15103,0.00124796181419033,0.014137937143913,0.0560420640162675,228200,0.0785911993698928,2640,163145,62415,0.00400805254192514,0.0825856190820895,0.23160070354071
