zcta,temp_mean_am,temp_median_am,temp_min_am,temp_max_am,temp_mean_aft,temp_median_aft,temp_min_aft,temp_max_aft,temp_mean_pm,temp_median_pm,temp_min_pm,temp_max_pm,09-127_mean,09-63_mean,17-127_mean,17-63_mean,change_percent_127,change_percent_point_127,change_percent_63,change_percent_point_63,white_%,black_%,otherrace_or_multirace_%,poverty_%,single_family_detached_houses_%,65+_%,0-17_%,disabled_%,renter_%,vacancy_%,home_median_price_d,median_household_income_d,median_age_a,all_effects_heat_count,all_effects_heat_prev,black_all_effects_heat_count,white_all_effects_heat_count,black_all_effects_heat_prev,white_all_effects_heat_prev,kidney_disease_count,kidney_disease_prev,black_kidney_disease_count,white_kidney_disease_count,black_kidney_disease_prev,white_kidney_disease_prev,copd_count,copd_prev,black_copd_count,white_copd_count,black_copd_prev,white_copd_prev,asthma_count,asthma_prev,black_asthma_count,white_asthma_count,black_asthma_prev,white_asthma_prev,respiratory_count,respiratory_prev,black_respiratory_count,white_respiratory_count,black_respiratory_prev,white_respiratory_prev,hypertension_count,hypertension_prev,black_hypertension_count,white_hypertension_count,black_hypertension_prev,white_hypertension_prev,heart_attack_count,heart_attack_prev,black_heart_attack_count,white_heart_attack_count,black_heart_attack_prev,white_heart_attack_prev,congestive_artery_disease_count,congestive_artery_disease_prev,black_congestive_artery_disease_count,white_congestive_artery_disease_count,black_congestive_artery_disease_prev,white_congestive_artery_disease_prev,angina_pectoris_count,angina_pectoris_prev,black_angina_pectoris_count,white_angina_pectoris_count,black_angina_pectoris_prev,white_angina_pectoris_prev,heart_disease_count,heart_disease_prev,black_heart_disease_count,white_heart_disease_count,black_heart_disease_prev,white_heart_disease_prev,circulatory_count,circulatory_prev,black_circulatory_count,white_circulatory_count,black_circulatory_prev,white_circulatory_prev,diabetes_count,diabetes_prev,black_diabetes_count,white_diabetes_count,black_diabetes_prev,white_diabetes_prev
21201,79.87361994504451,79.84968185424805,78.18559303283692,82.969146728515625,96.00383101701705,95.90000686645514,93.14062576293938,102.78414993286131,90.72328355240577,90.64057693481438,88.6210151672363,95.54307479858389,0.066976919897342,0.066976919897342,0.067247402692694,0.104932081919525,0.004038447808089324,2.7048279535199504e-4,0.5666901684992124,0.03795516202218299,36.294064477252185,51.28653208797831,12.419403434769507,30.799122532121594,1.7527238275698722,9.99698704429045,14.275384151852968,16.101235311840917,88.41117415975557,13.178588346755093,189600,33877,30.1,32,4.18727591531234e-4,27,5,4.33985919567943e-4,4.65159549725556e-4,1197,0.0156630289707152,1054,116,0.0169415244157264,0.0107917015536329,11402,0.149197874957473,10085,1105,0.162101777734915,0.102800260489348,8727,0.114194865352909,8055,512,0.129472466004436,0.0476323378918969,16518,0.216141948653529,14530,1539,0.23354871893786,0.143176109405526,14792,0.193556829185313,13033,1456,0.209486610730704,0.135454460880082,41,5.36494726649394e-4,31,7,4.98280129874305e-4,6.51223369615778e-4,747,0.00977467221480726,630,103,0.010126338123252,0.00958228672434645,34,4.44898066001937e-4,27,6,4.33985919567943e-4,5.58191459670667e-4,15605,0.204195127057654,13587,1679,0.218391358858135,0.156200576797842,16044,0.209939546203973,13916,1760,0.223679557655833,0.163736161503396,6208,0.0812331527570595,5507,521,0.0885170540392838,0.0484696250814029
21202,80.19052049361986,80.0326934814453,78.98687744140625,82.3582691192627,96.76669463339702,97.10995864868168,92.78232727050788,101.57000274658202,90.87795497714954,91.02001724243168,88.39640655517586,94.53840255737313,0.071559527943802,0.071559527943802,0.03834426958625,0.088717077004624,-0.4641626253269448,-0.033215258357552006,0.2397661017872612,0.017157549060821994,31.20525059665871,59.75766476959794,9.037084633743348,29.288528112689505,2.8362044351384794,8.24765926197907,11.460436937763907,10.81788140260694,78.77748876803027,19.501284857713905,230200,44656,32.5,33,4.00019394879752e-4,26,7,3.92044512130762e-4,5.47473799468168e-4,1052,0.0127521334367727,873,150,0.0131636484265444,0.011731581417175,10580,0.128248642358417,9180,1147,0.138421870052323,0.0897074925699984,8244,0.0999321179208689,7526,524,0.113481807626774,0.0409823244173315,16400,0.198797517455392,14202,1692,0.214146775433888,0.132332238385734,13544,0.164177657098526,11518,1779,0.173675718873928,0.139136555607696,57,6.90942591155935e-4,38,13,5.72988133114191e-4,0.00101673705615517,876,0.0106186966640807,714,142,0.010766145448514,0.0111058970749257,26,3.15166795965865e-4,19,6,2.86494066557095e-4,4.69263256687001e-4,14482,0.175547905352987,12137,2055,0.183009393989656,0.160722665415298,14858,0.180105702094647,12437,2115,0.187532984514242,0.165415297982168,5656,0.0685608999224205,4830,645,0.07282980744583,0.0504458000938527
21205,79.2656772543233,79.64676780700684,75.66693954467775,81.44292259216309,95.96622133578614,95.74159774780273,90.02451858520514,100.58579254150395,90.3104171369339,90.42742156982413,85.2385581970214,93.42607116699213,0.195014546167123,0.195014546167123,0.157381614549182,0.22256464753808,-0.19297499780190974,-0.037632931617940985,0.14127203284285883,0.02755010137095701,22.998780983340104,68.82026276581335,8.180956250846535,37.13189973976168,3.0760547481303795,10.618989570635243,29.506975484220504,20.62169849654612,66.4236305851561,24.523775927755047,52500,28675,31,18,2.43082283352915e-4,14,2,2.42189392104626e-4,2.04645451754835e-4,1091,0.0147334872854461,972,98,0.0168148635089783,0.0100276271359869,11456,0.154708368782833,9452,1498,0.163512438155209,0.153279443364371,9367,0.126497319342597,8091,809,0.139968169394181,0.0827790852348307,17120,0.231198260611217,13816,2033,0.239006331522679,0.20802210170879,11811,0.159502491593404,9588,1788,0.165865135107082,0.182953033868822,50,6.75228564869208e-4,40,10,6.91969691727502e-4,0.00102322725877417,1025,0.0138421855798188,836,173,0.0144621665571048,0.0177018315767932,34,4.59155424111062e-4,32,2,5.53575753382002e-4,2.04645451754835e-4,12761,0.172331834325919,10274,2019,0.177732415320209,0.206589583546506,13066,0.176450728571622,10520,2058,0.181988028924333,0.210580169855725,5058,0.0683061216221691,3863,937,0.0668269729785835,0.0958763941471401
21206,77.06668020893237,77.12355842590333,73.60731201171876,79.01005859375,93.99647413583618,94.12236747741704,87.08526039123535,97.5059677124024,88.02602991343238,88.09003219604486,82.9335990905762,90.63322296142586,0.291308204234786,0.291308204234786,0.304935423703268,0.414010170735762,0.046779387845523414,0.013627219468482,0.4212101297431424,0.12270196650097603,22.886891414978454,71.35336440033538,5.75974418468617,14.026050917702781,36.376513593785695,10.548482071480102,23.641468598280266,11.23676565211457,40.87530966143683,11.46447338359607,150600,50975,37.2,42,2.85650160168126e-4,32,8,2.63235826395972e-4,3.99860048982856e-4,2411,0.0163976794325083,2002,367,0.016468691388898,0.0183435797470885,20088,0.136622390891841,17157,2513,0.141135533546116,0.12560603788674,16544,0.112518958329083,14803,1367,0.121771248066862,0.0683260858699455,32923,0.223915719600362,28295,3486,0.232758053371064,0.174239016344279,27043,0.183924697176824,21963,4536,0.180670264222961,0.226720647773279,93,6.32511068943707e-4,65,26,5.34697772366819e-4,0.00129954515919428,1635,0.0111199526636877,1291,334,0.0106199203711625,0.0166941570450342,52,3.53662103065298e-4,39,11,3.20818663420091e-4,5.49807567351427e-4,29088,0.197833139499296,23332,5161,0.191931821920963,0.257959714100065,29773,0.202491957587752,23886,5276,0.196489092165444,0.263707702304194,12063,0.0820428067168595,9692,2082,0.0797275509196802,0.104063577747788
21207,75.82519108693873,75.68937911987305,73.45536079406739,79.33985443115235,92.9522396594138,93.49630813598631,87.08317298889152,96.61694030761713,86.92154544979869,87.37962875366216,81.17417640686037,90.9349693298339,0.268344453976329,0.268344453976329,0.439981712964558,0.552686243552869,0.6396154511297235,0.171637258988229,1.0596149291075796,0.28434178957654,10.107165806438239,84.6423315299629,5.250502663598851,13.014027972320363,49.861004601226995,18.70323155690981,19.665029123396142,16.576498144808575,37.840785169029445,12.09739263803681,180300,59013,41.8,33,2.69225121151305e-4,28,3,2.59737850298235e-4,2.83527076835838e-4,2141,0.0174669995268165,1807,283,0.0167623676960325,0.0267460542481807,12371,0.100926787083721,11006,1097,0.102095527870799,0.103676401096305,9715,0.0792582439995431,8837,660,0.0819751208244821,0.0623759569038843,22223,0.181302723252892,19784,1786,0.183523343939296,0.168793119742935,21247,0.173340186336417,18575,2242,0.17230823461749,0.211889235421983,55,4.48708535252174e-4,48,5,4.45264886225545e-4,4.7254512805973e-4,1416,0.0115522051984923,1233,163,0.0114377417649187,0.0154049711747472,48,3.91600176220079e-4,42,5,3.89606775447352e-4,4.7254512805973e-4,22595,0.184337624618598,19610,2519,0.181909258726728,0.238068235516492,23335,0.190374794001991,20228,2617,0.187642044136882,0.247330120026463,9252,0.0754809339664203,8211,777,0.0761681245999573,0.073433512900482
21209,75.0855189314341,75.02369689941406,72.55812797546386,77.42647895812988,92.20514332751348,93.10016174316404,87.17809486389152,97.11979827880856,86.010928415321,86.32015876770026,81.58744430541987,88.95299453735359,0.363551520254842,0.363551520254842,0.509105628165897,0.61360219205356,0.40036721015229043,0.145554107911055,0.6877998244194874,0.25005067179871804,73.12650207559537,16.08404340543296,10.78945451897167,7.645471780662097,31.701497449399373,17.810064816837812,24.076906270482848,9.40572427354162,39.35673525851634,4.837913444133619,296700,78900,37.2,11,3.93968697396225e-4,2,9,1.90912562046583e-4,5.92573084013695e-4,353,0.0126428136528061,181,165,0.0172775868652157,0.0108638398735844,1795,0.0642885283478385,902,820,0.0861015654830088,0.0539899920990255,1330,0.0476343970488163,711,562,0.0678694158075601,0.0370028970239663,3751,0.134343325812113,1699,1760,0.162180221458572,0.115880958651567,4569,0.163640270763941,2088,2313,0.199312714776632,0.15229128259152,12,4.29784033523155e-4,2,10,1.90912562046583e-4,6.58414537792994e-4,287,0.0102790014684288,147,134,0.0140320733104238,0.00882275480642613,16,5.73045378030873e-4,7,8,6.68193967163039e-4,5.26731630234396e-4,5120,0.183374520969879,2224,2702,0.2122947689958,0.177903608111667,5319,0.190501772859138,2279,2827,0.217544864452081,0.18613378983408,1554,0.0556570323412485,762,720,0.072737686139748,0.0474058467210956
21210,75.25401784506718,75.12181510925294,73.95297966003417,78.99807319641113,92.62391692253019,93.20989456176764,87.17639541625977,97.35634765625001,86.28714245284304,86.6057483673095,81.4077011108399,90.3920112609863,0.349971872670005,0.349971872670005,0.51491994453018,0.61827737308554,0.4713180822268753,0.16494807186017496,0.7666487548515798,0.26830550041553497,72.60453532573077,8.854371477257832,18.541093197011403,8.354997758852532,33.47532836350728,15.624590378817668,13.291388124262681,4.561541486433347,40.27541973212602,5.9105431309904155,436900,93203,30.9,2,2.24719101123596e-4,0,2,0,3.13627097381214e-4,110,0.0123595505617978,29,78,0.019621109607577802,0.0122314567978673,603,0.067752808988764,191,365,0.129228687415426,0.0572369452720715,416,0.0467415730337079,150,221,0.10148849797023,0.0346557942606241,1119,0.125730337078652,301,682,0.203653585926928,0.106946840206994,1594,0.179101123595506,342,1208,0.231393775372124,0.189430766818253,15,0.00168539325842697,0,15,0,0.0023522032303591,88,0.0098876404494382,31,56,0.0209742895805142,0.00878155872667398,11,0.00123595505617978,1,9,6.765899864682e-4,0.00141132193821546,1891,0.21247191011236,361,1472,0.24424898511502,0.230829543672573,1952,0.219325842696629,371,1516,0.251014884979702,0.23772933981496,415,0.0466292134831461,111,282,0.0751014884979702,0.0442214207307511
21211,77.09362625637462,77.006317138671875,75.10049133300782,80.27333526611329,94.35924840477938,94.77475280761712,87.4920978546143,99.7205917358399,88.54237737290498,88.84240341186523,83.56669998168938,91.95391006469727,0.353534348424063,0.353534348424063,0.353358064782575,0.428853474478508,-4.986322892636648e-4,-1.7628364148802866e-4,0.21304613367892625,0.07531912605444502,78.93648089559504,12.125821367729374,8.937697736675586,10.838420331381588,8.005601587116349,14.322219518130932,13.17230469700657,13.76247262107569,46.268852459016394,11.016454662154276,211100,63733,36.2,7,2.33730675481652e-4,2,5,2.47739378174161e-4,2.49438762783737e-4,438,0.0146248622658519,150,275,0.0185804533630621,0.0137191319531055,3704,0.123676917426291,1082,2507,0.134027003592221,0.125068595659766,2172,0.0725232895923069,778,1302,0.0963706181097485,0.064953853828885,5720,0.190991351965007,1711,3728,0.211941038027995,0.185981541531554,5943,0.198437343483923,1870,3938,0.23163631859284,0.196457969568471,26,8.68142508931851e-4,7,18,8.67087823609563e-4,8.97979546021452e-4,446,0.014891983037831,129,310,0.0159791898922334,0.0154652032925917,12,4.00681157968547e-4,4,6,4.95478756348322e-4,2.99326515340484e-4,6545,0.218538181575345,1960,4434,0.242784590610678,0.221202294836618,6704,0.223847206918428,1998,4550,0.247491638795987,0.2269892741332,2413,0.0805703028481752,806,1531,0.0998389694041868,0.0763781491643801
21212,75.7078899331078,75.58109512329102,74.01428680419923,77.89350776672364,93.02041226506171,93.50357627868657,87.27713661193843,96.04151077270514,87.01503990295603,87.5649440765381,81.42675895690917,89.42594566345214,0.350383383989365,0.350383383989365,0.431266775259885,0.562220876942248,0.23084254267312793,0.08088339127051997,0.6045877248543062,0.21183749295288296,51.237871214348715,40.97030285210232,7.791825933548964,13.3015494636472,33.53289195661361,14.013525433695973,24.960305792413994,10.235224933842987,31.400661729951157,10.593041273418793,276500,73244,38.5,18,2.50916542370046e-4,10,7,1.88636535124123e-4,4.54781704781705e-4,1366,0.0190417776043046,1174,167,0.022145929223572,0.0108497920997921,9032,0.125904345038125,7688,1160,0.145023768203426,0.0753638253638254,7265,0.101272704462133,6300,804,0.118841017128197,0.0522349272349272,15002,0.209124998257524,12164,2214,0.229457481324983,0.143840956340956,14742,0.205500648201068,11692,2754,0.220553836867124,0.178924116424116,65,9.06087514114056e-4,41,23,7.73409794008904e-4,0.00149428274428274,935,0.013033720395333,758,167,0.0142986493624085,0.0108497920997921,31,4.32134045192857e-4,24,6,4.52727684297895e-4,3.8981288981289e-4,15940,0.222200538076585,12386,3225,0.233645212404739,0.209524428274428,16319,0.227483725274266,12644,3323,0.238512035010941,0.215891372141372,6176,0.0860922536487447,5118,893,0.0965441786765261,0.0580171517671518
21213,79.11706569929174,79.4827299118042,75.14302558898926,80.94708213806152,95.65324611167642,95.43202018737799,88.19839515686036,99.42508697509761,89.98914138370574,89.8486137390137,84.47817039489752,94.0128990173339,0.136081374097349,0.136081374097349,0.139565944296905,0.200745131635734,0.0256065183253017,0.003484570199556003,0.4751844840435419,0.06466375753838499,7.777392619670374,89.57867204487442,2.643935335455197,28.151712784144873,5.276662938351207,10.979106923392052,27.28074874736079,15.066334730406833,48.374235846549126,25.7385354299625,96200,34917,35.6,44,2.99576507754946e-4,40,3,2.89976946832727e-4,4.73260766682442e-4,2635,0.0179405476803246,2556,73,0.0185295269026112,0.0115160119892728,23243,0.15825129022155,21967,924,0.159248089776863,0.145764316138192,19389,0.132011111565015,18640,447,0.135129257224051,0.0705158542356839,34911,0.237693533232567,33038,1238,0.239506459236491,0.195298943050954,28261,0.192416629219603,26741,1246,0.193856838381349,0.196560971762108,104,7.08089927420782e-4,96,7,6.95944672398544e-4,0.00110427512225903,1792,0.0122009341340196,1650,129,0.01196154905685,0.020350212967345,48,3.26810735732669e-4,44,3,3.18974641515999e-4,4.73260766682442e-4,29828,0.203085638029876,28097,1438,0.203687056878978,0.226849660829784,30392,0.206925664174735,28621,1462,0.207485754882487,0.230635746963243,12541,0.0853861132671542,11832,556,0.0857751808731206,0.0877109954251459
21214,77.23124366852244,77.20929641723633,75.41851463317872,79.57147369384765,93.81088064232355,93.76628341674812,89.33072166442868,97.05000076293938,88.1883452314301,88.14786148071283,84.94098663330087,91.83670654296884,0.337783970318743,0.337783970318743,0.34597502954229,0.474097842117178,0.024249401816840602,0.00819105922354696,0.4035534062489855,0.13631387179843496,39.55266955266955,55.73833573833574,4.708994708994709,12.06930114853027,65.08383031394172,13.395863395863397,20.553150553150555,13.915343915343914,24.927021195583198,11.342410262180714,179400,65792,41,16,3.38495388000338e-4,10,6,2.87430657353913e-4,5.44069640914037e-4,940,0.0198866040450199,722,197,0.0207524934609525,0.0178636198766775,5863,0.124037403740374,4522,1211,0.12997614325544,0.10981138919115,4511,0.0954345434543454,3749,662,0.107757753441982,0.0600290170475154,9868,0.208767030549209,7706,1892,0.221494064556926,0.171563293434893,9704,0.205297452822205,7204,2307,0.207065045557759,0.209194776931447,40,8.46238470000846e-4,25,14,7.18576643384783e-4,0.00126949582879942,592,0.0125243293560125,418,163,0.0120146014773936,0.0147805585781647,24,5.07743082000508e-4,19,4,5.46118248972435e-4,3.62713093942691e-4,10490,0.221926038757722,7614,2655,0.21884970250927,0.240750816104461,10737,0.227151561309977,7769,2746,0.223304877698255,0.249002538991658,4154,0.0878818651095879,3178,889,0.0913454629070737,0.0806129851287632
21215,77.0554546777435,76.99156112670899,74.70027313232421,79.09962120056153,94.53503445535904,94.62790679931645,87.67112693786618,97.12892379760736,88.61220222733778,88.65509510040278,83.34546279907227,92.13212203979487,0.168566520388899,0.168566520388899,0.250216383960293,0.3659171950494,0.484377700761812,0.081649863571394,1.1707584294033848,0.19735067466050102,17.04262339236415,80.74203757322739,2.2153390344084585,25.59840653868608,19.997776377719305,17.975220523870448,22.44293313581577,18.109891589791932,50.799981870099266,18.23370270170107,122200,36500,41.8,55,2.51853412155819e-4,48,6,2.46355984397454e-4,3.530865650562e-4,2847,0.0130368484437749,2602,200,0.0133545473208787,0.01176955216854,22112,0.101254229992536,20334,1453,0.104362553890372,0.085505796504443,16654,0.0762612132007821,15650,752,0.0803223157462533,0.0442535161537103,38541,0.176485133779953,35006,2535,0.179665366454527,0.149179073736244,34055,0.155943053653935,31132,2440,0.159782385547116,0.143588536456188,81,3.70911388811298e-4,66,13,3.387394785465e-4,7.65020890955099e-4,2077,0.0095109006735934,1852,208,0.00950523506466845,0.0122403342552816,86,3.93807153552736e-4,74,12,3.79798809279409e-4,7.06173130112399e-4,36448,0.166900966659187,33099,2828,0.16987784849107,0.166421467663155,37663,0.172464637491357,34167,2955,0.175359269143913,0.173895133290178,14805,0.0677943593993983,13248,1254,0.0679942516936974,0.0737950920967457
21216,76.65761238263829,76.81100769042969,73.49713287353515,79.21572952270509,93.57084260114792,93.98787078857414,87.14713401794427,97.76963272094727,87.74042825918876,88.20849227905273,81.48087348937989,91.85666046142586,0.28009030171615,0.28009030171615,0.333834185848252,0.444590005189221,0.1918805606720623,0.05374388413210196,0.5873095300521286,0.16449970347307097,2.2672037820021975,95.24586343509671,2.4869327829010928,26.17729478504545,13.937212557488502,13.589905782867797,21.666611179545228,16.632819522588807,50.95475496190387,29.140838498966875,88900,37314,36.4,39,2.82320238017678e-4,39,0,2.95432164229983e-4,0,2398,0.0173590751478562,2312,61,0.0175138247102492,0.014295758143895,20451,0.148044389428193,19543,707,0.148041815014014,0.165690180454652,17004,0.123091623775707,16475,398,0.124801151427922,0.0932739629716428,31474,0.227839671060728,30207,919,0.228823573971669,0.215373798921959,25495,0.184557806878479,24445,757,0.185175365502613,0.177408014998828,75,5.4292353464938e-4,70,2,5.30262858874328e-4,4.68713381767049e-4,1600,0.0115823687391868,1507,77,0.0114158018331945,0.0180454651980314,46,3.3299310125162e-4,42,3,3.18157715324597e-4,7.03070072650574e-4,26826,0.19419288987339,25683,821,0.194553442920991,0.192406843215374,27477,0.198905466154147,26292,861,0.199166729793197,0.201781110850715,10889,0.078825258250628,10323,412,0.0781986213165669,0.0965549566440122
21217,78.6941813574303,78.68917713165283,76.44626502990724,81.6655158996582,95.68887652216958,95.76754608154297,92.95511474609384,98.9655220031738,90.35810617159814,90.42965660095214,87.07156524658203,92.34886169433597,0.152498186721934,0.152498186721934,0.132982844087446,0.198209975931945,-0.12797098151778263,-0.01951534263448798,0.2997530016101905,0.04571178921001101,10.576265623717966,85.23917621639362,4.184558159888411,36.66991507726577,2.240429569967134,13.54101140497224,23.890271586029595,19.41853786614884,68.79477454698694,34.092487154561866,130500,28116,35.1,48,2.82036065361858e-4,47,1,2.92572396105675e-4,1.45475705557172e-4,2398,0.0140900517653695,2325,57,0.0144729961903339,0.0082921152167588,25797,0.151576757877914,24792,784,0.154328826473444,0.114052953156823,21440,0.125976109194963,20739,504,0.129099126017778,0.0733197556008147,38737,0.227608980498381,37148,1163,0.231244241926247,0.169188245562991,30953,0.181872131898867,29636,963,0.184482458106123,0.140093104451557,77,4.52432854851314e-4,70,5,4.35746121859515e-4,7.2737852778586e-4,1693,0.0099476470553672,1636,50,0.0101840093623167,0.0072737852778586,51,2.99663319446974e-4,49,1,3.05022285301661e-4,1.45475705557172e-4,32515,0.19105005552585,31050,1088,0.193284529767685,0.158277567646203,33242,0.19532172676581,31706,1140,0.197368093423969,0.165842304335176,12308,0.0723187477598698,11756,387,0.0731804486940066,0.0562990980506255
21218,78.04573885653784,77.90883712768556,74.9652256011963,80.69835166931153,95.32180418813348,95.23146133422861,87.80854530334477,99.49300308227534,89.31161176955834,89.30912666320796,83.0526908874512,92.56584854125977,0.253454512587618,0.253454512587618,0.223353023023375,0.317183300609506,-0.11876485944923561,-0.030101489564242967,0.25144073140089507,0.06372878802188803,29.59541124654307,61.175868073338115,9.228720680118819,24.547429398986242,9.214068222938089,14.196456007374783,15.652975519819728,14.03052340469118,50.42619766940008,18.203080181810158,153700,43352,34.6,45,2.59888767607464e-4,39,4,2.60163035502248e-4,2.29095074455899e-4,3183,0.018382798828768,2980,161,0.0198791242511974,0.00922107674684994,25453,0.146998862264728,23061,1991,0.153836404146599,0.114032073310424,20184,0.116568775230868,18654,1189,0.124437981134844,0.068098510882016,38955,0.224977043158861,35092,2918,0.23409336517551,0.167124856815578,37140,0.21449486286536,33520,3110,0.22360679359065,0.178121420389462,91,5.25552841161761e-4,81,6,5.40338612196977e-4,3.43642611683849e-4,2368,0.0136759244820994,2194,156,0.0146358384587675,0.00893470790378007,74,4.27372640065607e-4,63,11,4.20263365042093e-4,6.30011454753723e-4,39412,0.227616357976564,35313,3549,0.235567622376689,0.203264604810997,40080,0.231474262349048,35847,3661,0.239129854708951,0.209679266895762,15677,0.0905394713284936,14070,1334,0.0938588181927341,0.0764032073310424
21222,78.18738346723413,78.41432495117188,74.64951629638672,81.6948184967041,94.78147337571524,95.05787048339846,87.30809059143074,97.21078567504881,88.70502458957108,88.94634780883784,82.79119911193844,92.18022155761713,0.120922398176351,0.120922398176351,0.187798813213323,0.263542834377143,0.5530523380742141,0.066876415036972,1.1794377084119434,0.14262043620079198,77.9481842580928,11.745266655711964,10.306549086195242,14.372016158648549,34.738929849523565,16.377279947417428,22.94644976356101,18.60838765039893,35.1780185758514,10.869658948820765,143700,50644,39.7,42,3.33489491110917e-4,7,31,2.74542102992509e-4,3.46465493154512e-4,1846,0.0146576571569227,472,1300,0.0185119818017806,0.0145291981000279,15087,0.119794189342629,3521,10670,0.138094677805232,0.119251187482537,9781,0.0776633502989495,3004,6004,0.117817782484214,0.0671025426096675,23606,0.187436974456293,5594,15781,0.219398360591442,0.176373288628108,22267,0.176805011870638,4550,16836,0.178452366945131,0.188164291701593,86,6.82859434179497e-4,11,73,4.31423304702514e-4,8.15870354847723e-4,1675,0.0132998785145425,282,1350,0.0110601247205554,0.0150880134115675,61,4.84353784708713e-4,4,53,1.56881201710005e-4,5.92344230231908e-4,25163,0.199799906305333,4823,19370,0.189159508961839,0.21648505169041601,25643,0.203611214775172,4919,19731,0.192924657802879,0.220519698239732,10381,0.0824274858862483,2219,7611,0.0870298466486253,0.0850628667225482
21223,78.47426829323027,78.57732086181642,76.39478721618653,80.75096588134767,95.34408005675769,95.44959487915034,88.78277168273931,98.84756317138664,90.07111898557538,90.09875183105463,86.16781959533691,93.33471984863289,0.168671905108111,0.168671905108111,0.146328448576208,0.217689469863895,-0.13246697200450702,-0.022343456531903005,0.2906089471412917,0.049017564755784004,18.982823064969974,73.11746671706354,7.899710217966486,38.48148620499086,2.7685412751192717,11.13350972239721,27.344504640712273,25.983789005081686,66.78609817269796,39.47520601416799,68900,26899,34.6,50,3.24113387827598e-4,30,19,2.47477788868449e-4,6.64405357205301e-4,2378,0.0154148327250805,1946,400,0.0160530592379334,0.0139874812043221,27944,0.181140490189088,21859,5632,0.180320566229181,0.196943735356856,22915,0.148541165641388,18927,3586,0.156133736997105,0.125397768996748,39771,0.257806270945828,31441,7454,0.259364971993764,0.260656712242543,30818,0.199770527721418,25012,5368,0.206330481839255,0.187711997762003,67,4.34311939688981e-4,51,12,4.20712241076363e-4,4.19624436129664e-4,2000,0.0129645355131039,1567,410,0.012926589838562,0.0143371682344302,44,2.85219781288286e-4,34,8,2.80474827384242e-4,2.79749624086443e-4,32749,0.21228778675932,26303,5950,0.216980276020227,0.208063782914292,33421,0.216643870691723,26828,6072,0.221311137325425,0.21232996468161,12942,0.0838935093052954,10061,2660,0.0829958011268489,0.0930167500087422
21224,79.7535253794786,80.0581714630127,75.37710647583009,81.99261665344238,95.26836795251936,95.27554397583015,87.72863693237312,101.29438323974605,89.84602268191976,89.75332107543937,84.64784736633297,94.30839691162106,0.08300634886851,0.08300634886851,0.080806119965114,0.127149231232796,-0.02650675440358627,-0.0022002289033959954,0.5318012774446033,0.04414288236428601,69.89226210334203,16.445238141962832,13.662499754695133,17.651847586521853,8.90924229808493,9.955452636536688,20.478050120689993,12.520360303785544,41.94722008711248,14.479162101757307,195800,65501,33,26,2.36101778028005e-4,6,15,1.6210958608019e-4,3.23108736860245e-4,1166,0.0105882566607944,443,616,0.0119690911055874,0.0132689987937274,13017,0.118205263253483,5567,5846,0.15041067761807,0.125926245045666,9664,0.0877572147254863,4916,3291,0.132821787528369,0.0708900568671377,22134,0.200995259802764,8548,8464,0.230952123635578,0.182319489919007,14887,0.135186429596266,5403,8142,0.145979682265211,0.175383422367741,42,3.81395179891393e-4,14,28,3.78255700853777e-4,6.0313630880579e-4,1063,0.00965293038629883,312,714,0.00842969847616989,0.0153799758745476,36,3.26910154192623e-4,10,22,2.70182643466984e-4,4.73892814061692e-4,16332,0.148308239952053,5730,9135,0.154814654706582,0.196773220747889,16821,0.152748769546503,5898,9356,0.159353723116827,0.201533689470963,6846,0.0621674143222971,2411,3559,0.0651410353398898,0.0766629329657074
21225,77.24018891320887,77.2480489730835,74.25978660583496,79.97344970703125,94.20194149336454,94.46009750366215,87.80230369567869,97.72402572631832,88.03824199523024,88.29157981872561,83.23279457092286,91.05370407104486,0.239931091738849,0.239931091738849,0.284203574458494,0.351191353325552,0.18452165744251686,0.044272482719644984,0.4637175648240009,0.11126026158670302,45.74103815035908,40.63816247992485,13.620799369716067,24.852323244625786,31.526090315331135,10.760279991515409,26.468894881973277,17.654010484530772,51.18877593883895,16.405646463937074,165700,41904,34.9,50,3.31296961344271e-4,19,30,2.11647284231163e-4,5.66336932719172e-4,1658,0.010985807238176,989,615,0.0110167981107695,0.011609907120743,22118,0.146552523820252,14246,7170,0.158690905850377,0.135354526919882,16990,0.112574707464783,12090,4274,0.134674508755514,0.0806841350147248,35436,0.234796782443911,22555,11209,0.251247605043889,0.21160235596164,24968,0.165436450616875,14857,9491,0.165497036938021,0.179170127614589,118,7.81860828772478e-4,47,68,5.23548545203404e-4,0.00128369704749679,1532,0.0101509388955884,809,705,0.00901171857594796,0.0133089179189006,33,2.18655994487219e-4,8,23,8.91146459920688e-5,4.34191648418032e-4,26898,0.178224513324764,15528,10695,0.172971527870606,0.201899116514385,27415,0.181650123905064,15834,10869,0.176380163079802,0.205183870724156,11621,0.0770000397556354,6690,4521,0.0745221227108675,0.0853469757607793
21226,78.82797985511613,78.91438999176026,75.03827095031738,81.78638610839843,94.99356764889386,95.06192169189453,88.96854362487801,97.60922546386712,89.01923604023409,89.11687965393074,83.47106742858878,91.94862976074212,0.057080678182594,0.057080678182594,0.117728262121736,0.163303522887349,1.062488846841271,0.060647583939142,1.8609247137001654,0.10622284470475502,70.34749034749035,24.504504504504503,5.148005148005147,15.406525116519937,41.677135678391956,10.012870012870014,25.868725868725868,15.72715572715573,30.32849503437739,17.77638190954774,240900,73438,32.6,7,3.31376633213407e-4,1,6,1.77273533061514e-4,4.22803185117328e-4,226,0.01069873130089,55,166,0.00975004431838327,0.0116975547882461,2869,0.135817080098466,775,1971,0.137386988122673,0.138890846311042,1939,0.0917913274001136,635,1193,0.112568693494061,0.0840673666408287,4567,0.216199583412233,1265,3024,0.224251019322815,0.213092805299133,3620,0.171369058890362,1055,2455,0.187023577379897,0.172996969910507,28,0.00132550653285363,4,24,7.09094132246056e-4,0.00169121274046931,247,0.0116928612005302,41,205,0.00726821485552207,0.0144457754915087,13,6.15413747396326e-4,3,10,5.31820599184542e-4,7.04671975195547e-4,4033,0.190920280249953,1111,2807,0.196950895231342,0.19780142343739,4123,0.195180836962696,1130,2874,0.200319092359511,0.2025227256712,1783,0.0844063624313577,427,1271,0.0756957986172664,0.089563808047354
21227,76.80357210275116,76.98284759521485,73.82123641967775,81.21286888122559,93.72314062215375,94.19586944580087,87.14274291992191,97.37529220581062,87.82545615826892,88.37610244750977,82.12297286987311,91.67743225097654,0.227715175537654,0.227715175537654,0.335636551601507,0.410698774117911,0.4739314180929835,0.10792137606385302,0.8035634785789656,0.182983598580257,72.49896834286388,14.602369863821258,12.898661793314867,16.485253332538097,44.431878157279655,12.379885633437482,23.993397394328834,11.914166126274834,38.86220602848625,8.949709718766494,207400,64692,34.4,28,3.38753387533875e-4,9,17,3.88031387427783e-4,3.2133676092545e-4,1166,0.0141066589237321,298,844,0.0128481503837199,0.0159534250718282,10262,0.124153116531165,3354,6403,0.144606363714754,0.12103054589445,7631,0.0923223964382501,3026,4140,0.130464775372941,0.0782549523665507,17777,0.215072106078204,5716,10499,0.246443045615245,0.198453803115076,13498,0.163303329461866,3252,9893,0.140208674657239,0.186999092696204,43,5.2022841656988e-4,6,37,2.58687591618522e-4,6.99380009073038e-4,943,0.0114087301587302,240,697,0.0103475036647409,0.0131748071979434,20,2.4196670538134e-4,0,19,0,3.59141085740209e-4,14802,0.179079558652729,3475,10943,0.149823230145727,0.206846363223953,15303,0.185140824622532,3548,11340,0.152970595843753,0.214350521699682,5876,0.0710898180410375,1332,4304,0.0574286453393119,0.081354907001361
21229,76.93696492467342,77.20808448791504,73.69281654357911,80.03690605163575,93.3860742020987,93.86475524902346,86.60306701660153,97.8456787109375,87.52976846870756,88.00359039306645,81.5062038421631,91.59852294921885,0.28313518236289,0.28313518236289,0.358087015476394,0.458552963147775,0.26472101590483166,0.07495183311350401,0.6195548688825776,0.175417780784885,16.89994815966822,76.182477967859,6.917573872472786,18.574373212182397,14.86930508557697,12.837739761534475,24.38154484188699,15.116640746500778,45.72291177457229,12.284831543327938,125700,47422,35,59,3.62483565363774e-4,43,16,3.12518169661027e-4,8.3030617540218e-4,3221,0.0197891451531647,2853,333,0.0207352171637886,0.0172807472755579,24577,0.150995908236364,21527,2608,0.156455317169603,0.135339906590555,20173,0.123938660408193,18166,1622,0.132028024885168,0.084172288531396,38795,0.23834830369979,33366,4031,0.242499563928135,0.209185262065387,33097,0.20334099259059,28867,3763,0.209801441944299,0.1952776336274,67,4.11633879311404e-4,46,18,3.34321762893191e-4,9.34094447327452e-4,2203,0.0135347677033287,1938,248,0.0140851212279784,0.0128697457187338,67,4.11633879311404e-4,52,15,3.77928949357521e-4,7.78412039439543e-4,34926,0.214577983116867,30254,4158,0.21988196988197,0.215775817332641,35706,0.219370138726761,30858,4316,0.224271759986046,0.223975090814738,14460,0.0888391924603418,12549,1663,0.0912044304901448,0.086299948105864
21230,79.43022313989636,79.63291988372802,74.75858650207519,82.56000900268555,95.23399463973463,95.26861228942869,91.32052764892586,98.63132476806645,89.7628651992113,89.7985675811768,84.5912952423095,92.79395217895515,0.127994108846328,0.127994108846328,0.12332719600035601,0.175685050879064,-0.03646193475650644,-0.004666912845971996,0.3726026335320994,0.047690942032735995,64.44874051418184,27.84718815823643,7.704071327581733,14.706222530650011,8.928676254769591,8.63317655884814,16.625789883717577,11.054043916091986,47.356679286100594,13.167009098914,247300,73762,32.1,24,2.86837733503842e-4,11,12,2.5985070395918e-4,3.25414904002603e-4,1008,0.0120471848071614,609,355,0.014386279882831,0.00962685757674368,11564,0.138207981259935,6647,4614,0.157020693565152,0.125122030589001,8779,0.10492285260126,5750,2763,0.135831049796844,0.0749267816465994,18473,0.220781393792353,10251,7385,0.242157233298687,0.200265755504935,13542,0.161848191129543,7510,5659,0.177407162430313,0.153460245145894,71,8.48561628282201e-4,22,47,5.1970140791836e-4,0.00127454170734353,883,0.0105532382784955,474,399,0.0111972030615137,0.0108200455580866,32,3.82450311338457e-4,9,23,2.12605121421147e-4,6.23711899338323e-4,14743,0.176202029376965,7871,6456,0.185934990078428,0.175073218353401,15077,0.18019385450156,8025,6617,0.189572899933856,0.179439201648769,5946,0.071064048475577,3227,2535,0.0762307474251157,0.06874389847055
21231,80.22179366039217,80.2212652206421,79.14992141723633,81.17798728942871,96.30350393625572,95.91853256225582,91.80206527709967,101.1529891967774,90.8469277772018,90.69185218811037,87.65020484924324,94.55902938842775,0.031134434090882,0.031134434090882,0.051041531347914,0.097852915370008,0.6393916523076285,0.019907097257032,2.1429161385870543,0.066718481279126,59.71068204913623,30.438161276824676,9.851156674039093,19.805194805194805,2.05219718938211,8.26110347301094,15.009863111961263,12.284057624484428,61.23595505617978,16.618335935757305,287100,69979,32.3,13,3.08115282518013e-4,6,7,2.1346995410396e-4,6.95134061569017e-4,436,0.0103337125521426,332,73,0.0118120041270858,0.00724925521350546,6267,0.148535267349261,4984,994,0.177322375209023,0.0987090367428004,5124,0.121444823663254,4312,552,0.153413740349379,0.0548162859980139,9248,0.219188471748199,7053,1496,0.250933931049205,0.148560079443893,6230,0.147658323852863,4687,1287,0.166755612480877,0.127805362462761,37,8.76943496397421e-4,17,16,6.04831536627886e-4,0.0015888778550149,409,0.00969378081152825,300,89,0.010673497705198,0.00883813306852036,14,3.31816458096322e-4,8,6,2.84626605471947e-4,5.95829195630586e-4,6767,0.160385855138415,4948,1526,0.176041555484399,0.151539225422046,6969,0.165173492605233,5072,1579,0.180453267869214,0.156802383316783,2610,0.0618600682593857,1942,503,0.069093108478315,0.0499503475670308
21237,77.09314558621881,77.16044845581055,73.796870803833,79.74531860351563,93.99273894022784,94.13182601928716,87.36865959167474,97.06320495605462,88.23554023475606,88.37474803924567,82.99214591979974,91.20562438964846,0.185619091107663,0.185619091107663,0.312114993937721,0.390861006057982,0.6814811023758742,0.12649590283005802,1.105715547498691,0.20524191495031902,57.88266578028918,29.572876848928036,12.544457370782784,7.8988782856186175,46.99011680143755,15.07728103706166,21.05035732092405,11.374439089247133,36.192745565263436,7.449154618965939,217500,64758,38.9,23,3.97655561126576e-4,8,13,3.16305551162423e-4,5.0769350933375e-4,996,0.017220214734003,486,469,0.0192155622331172,0.0183160196828868,6427,0.111118795276544,3029,2882,0.119761189308872,0.112551745684605,4538,0.0784591711474956,2605,1490,0.102996995097264,0.0581894868390221,11136,0.192534449074154,5382,4360,0.21279455954452,0.170272592361165,10801,0.186742509379484,4557,5583,0.180175549580895,0.21803483558541,72,0.00124483480004841,18,43,7.11687490115451e-4,0.00167929391548856,716,0.0123791905115925,259,441,0.0102403922188834,0.0172225259704757,20,3.45787444457892e-4,2,17,7.90763877906057e-5,6.63906896821058e-4,12090,0.209028510174796,4880,6470,0.192946386209078,0.25267515426072,12315,0.212918618924947,4985,6570,0.197097896568085,0.256580488947903,4795,0.0829025398087795,2129,2323,0.0841768148030998,0.0907209247832539
21239,76.63122913907597,76.74060249328613,74.37102317810059,78.60832977294922,93.6184997783345,93.83539428710944,87.17520751953117,95.78107299804694,87.94194447970077,88.08727703094482,83.23056297302253,90.21160888671884,0.331144769968004,0.331144769968004,0.32753331801745,0.413297092640877,-0.010905961011864869,-0.003611451950554012,0.24808582264732953,0.08215232267287298,13.79073756432247,80.78278496803368,5.426477467643849,11.91944371556022,11.75775712710663,14.798066427569001,20.08732262591611,12.661780757835647,45.556119857795835,6.961726256103323,146700,52811,36.1,27,2.95913111142773e-4,27,0,3.28123860681039e-4,0,1841,0.0201768902819942,1694,126,0.02058673407384,0.0200063512226104,12108,0.132700590730248,11158,770,0.135600223610335,0.122261035249285,9811,0.107526056793398,9291,364,0.11291106628102,0.0577961257542077,20695,0.226811919818507,19054,1130,0.231558223756168,0.179422038742458,20048,0.219720964895937,18255,1491,0.221848188027125,0.236741822800889,83,9.09658823142597e-4,69,13,8.38538755073767e-4,0.00206414734836456,1191,0.0130530561248534,1054,134,0.0128089833021413,0.0212765957446809,42,4.60309283999868e-4,38,3,4.61803952069611e-4,4.76341695776437e-4,21316,0.23361792137479,19294,1698,0.234474880295555,0.269609399809463,21727,0.238122376511075,19618,1774,0.238412366623727,0.281676722769133,9084,0.0995583222822573,8302,588,0.100892010791629,0.0933629723721816
21251,76.69146045223513,76.62402725219727,75.42585144042968,78.33274459838867,93.73729088001434,94.12734909057619,89.64883422851557,95.60120620727534,88.1332868487209,88.22028884887689,85.39557685852046,89.84170608520515,0.523543612751713,0.523543612751713,0.505209519970557,0.5645494137647,-0.0350192273090549,-0.018334092781156053,0.07832356276387949,0.04100580101298701,24.51759364358683,64.472190692395,11.010215664018162,NaN,NaN,0,2.1566401816118046,0.7945516458569807,NaN,NaN,NA,NA,20.3,0,0,0,0,0,0,4,0.0132890365448505,3,0,0.0105633802816901,0,22,0.0730897009966777,20,1,0.0704225352112676,0.142857142857143,20,0.0664451827242525,18,1,0.0633802816901408,0.142857142857143,48,0.159468438538206,44,1,0.154929577464789,0.142857142857143,23,0.0764119601328904,21,0,0.073943661971831,0,0,0,0,0,0,0,0,0,0,0,0,0,0,0,0,0,0,0,24,0.079734219269103,22,0,0.0774647887323944,0,26,0.0863787375415282,24,0,0.0845070422535211,0,20,0.0664451827242525,18,0,0.0633802816901408,0
