nbrdesc,all_tracked_spaces,rank_all_tracked_spaces,spaces_with_live_trees,rank_spaces_with_live_trees,unsuitable_without_tree,suitable_without_tree,spaces_without_live_trees,rank_unsuitable_without_tree,rank_suitable_without_tree,rank_spaces_without_live_trees,perc_spaces_treed,perc_spaces_nontreed,perc_of_nontreed_are_suitable,rank_perc_spaces_treed,rank_perc_spaces_nontreed,rank_perc_of_nontreed_are_suitable,num_spaces_with_live_trees,num_spaces_without_live_trees,num_easy,num_moderate,num_hard,num_not_suitable,perc_of_nontreed_easy,perc_of_nontreed_moderate,perc_of_nontreed_hard,perc_of_nontreed_unsuitable,num_easy_or_moderate,num_hard_or_unsuitable,perc_easy_or_moderate_of_nontreed,poor_count,fair_count,good_count,poor_perc_of_live,fair_perc_of_live,good_perc_of_live,avg_ht,avg_diam,avg_ht_controled,avg_diam_controled,rank_avg_ht,rank_avg_diam
abell,519,135,430,88,32,57,89,38,225,205,82.85,17.15,64.04,51,227,276,430,89,5,25,27,32,5.62,28.09,30.34,35.96,30,59,33.71,12,260,158,2.79,60.47,36.74,24.46,9.76,24.46,9.76,139,154
allendale,590,119,231,163,11,348,359,86,64,65,39.15,60.85,96.94,234,44,168,231,359,285,39,23,11,79.39,10.86,6.41,3.06,324,34,90.25,22,86,123,9.52,37.23,53.25,33.94,16.84,33.94,16.84,43,34
arcadia,498,143,394,102,10,94,104,89,197,191,79.12,20.88,90.38,64,214,219,394,104,65,15,14,10,62.5,14.42,13.46,9.62,80,24,76.92,17,72,305,4.31,18.27,77.41,24.41,9.95,24.41,9.95,142,149
arlington,500,142,147,205,22,331,353,58,70,68,29.4,70.6,93.77,258,20,199,147,353,218,18,95,22,61.76,5.1,26.91,6.23,236,117,66.86,54,71,22,36.73,48.3,14.97,27.46,13.49,27.46,13.49,90,83
armistead gardens,174,241,59,250,NA,115,115,NA,179,182,33.91,66.09,100,246,32,1,59,115,88,18,9,NA,76.52,15.65,7.83,NA,106,9,92.17,4,24,31,6.78,40.68,52.54,24.41,10.89,NA,NA,NA,NA
ashburton,1625,22,881,32,1,743,744,148,15,17,54.22,45.78,99.87,163,115,98,881,744,648,75,20,1,87.1,10.08,2.69,0.13,723,21,97.18,99,198,584,11.24,22.47,66.29,39.68,18.52,39.68,18.52,13,16
baltimore highlands,597,117,411,95,17,169,186,67,138,135,68.84,31.16,90.86,103,175,213,411,186,9,20,140,17,4.84,10.75,75.27,9.14,29,157,15.59,23,79,309,5.6,19.22,75.18,14.3,4.71,14.3,4.71,232,232
barclay,880,70,699,42,36,145,181,30,160,138,79.43,20.57,80.11,62,216,263,699,181,6,38,101,36,3.31,20.99,55.8,19.89,44,137,24.31,57,193,449,8.15,27.61,64.23,23.12,8.37,23.12,8.37,156,175
barre circle,256,220,240,160,2,14,16,133,262,262,93.75,6.25,87.5,9,268,236,240,16,NA,12,2,2,NA,75,12.5,12.5,12,4,75,3,24,213,1.25,10,88.75,26.45,10.89,26.45,10.89,107,126
bayview,434,161,213,171,6,215,221,110,111,115,49.08,50.92,97.29,183,95,165,213,221,83,22,110,6,37.56,9.95,49.77,2.71,105,116,47.51,14,96,103,6.57,45.07,48.36,20.86,8.79,20.86,8.79,186,169
beechfield,284,206,128,217,NA,156,156,NA,153,157,45.07,54.93,100,206,72,2,128,156,140,16,NA,NA,89.74,10.26,NA,NA,156,NA,100,11,40,77,8.59,31.25,60.16,33.98,16.84,33.98,16.84,42,35
belair-edison,3152,5,1295,18,59,1798,1857,17,2,2,41.09,58.91,96.82,227,50,170,1295,1857,1364,151,283,59,73.45,8.13,15.24,3.18,1515,342,81.58,143,308,844,11.04,23.78,65.17,26.54,11.84,26.54,11.84,106,106
belair-parkside,17,272,8,273,1,8,9,149,268,265,47.06,52.94,88.89,190,87,234,8,9,NA,2,6,1,NA,22.22,66.67,11.11,2,7,22.22,4,2,2,50,25,25,29.38,15.14,NA,NA,NA,NA
bellona-gittings,234,227,175,190,1,58,59,150,223,225,74.79,25.21,98.31,79,199,149,175,59,52,6,NA,1,88.14,10.17,NA,1.69,58,1,98.31,9,47,119,5.14,26.86,68,27.79,13.69,27.79,13.69,88,78
belvedere,229,229,137,212,5,87,92,117,201,203,59.83,40.17,94.57,141,137,190,137,92,69,12,6,5,75,13.04,6.52,5.43,81,11,88.04,5,28,104,3.65,20.44,75.91,28.74,15.86,28.74,15.86,81,47
berea,937,68,623,54,46,268,314,21,88,79,66.49,33.51,85.35,120,158,251,623,314,186,39,43,46,59.24,12.42,13.69,14.65,225,89,71.66,22,118,483,3.53,18.94,77.53,15.7,4.95,15.7,4.95,229,230
better waverly,964,62,549,66,24,391,415,52,57,56,56.95,43.05,94.22,152,126,195,549,415,161,35,195,24,38.8,8.43,46.99,5.78,196,219,47.23,89,179,281,16.21,32.6,51.18,22.89,11.58,22.89,11.58,161,114
beverly hills,489,147,407,98,NA,82,82,NA,206,210,83.23,16.77,100,49,229,3,407,82,56,23,3,NA,68.29,28.05,3.66,NA,79,3,96.34,16,54,337,3.93,13.27,82.8,23.89,10.32,23.89,10.32,149,139
biddle street,368,181,272,149,12,84,96,82,204,201,73.91,26.09,87.5,82,195,237,272,96,8,10,66,12,8.33,10.42,68.75,12.5,18,78,18.75,9,60,203,3.31,22.06,74.63,21.36,7.83,21.36,7.83,179,187
blythewood,22,271,20,267,NA,2,2,NA,272,272,90.91,9.09,100,22,256,4,20,2,NA,2,NA,NA,NA,100,NA,NA,2,NA,100,NA,4,16,NA,20,80,30.8,13.04,NA,NA,NA,NA
bolton hill,1548,27,1478,10,3,67,70,126,217,217,95.48,4.52,95.71,3,275,179,1478,70,10,30,27,3,14.29,42.86,38.57,4.29,40,30,57.14,61,235,1182,4.13,15.9,79.97,26.65,10.38,26.65,10.38,104,137
boyd-booth,225,230,112,228,24,89,113,53,199,183,49.78,50.22,78.76,178,99,267,112,113,2,4,83,24,1.77,3.54,73.45,21.24,6,107,5.31,11,30,71,9.82,26.79,63.39,26.29,7.27,26.29,7.27,110,200
brewers hill,572,120,393,103,13,166,179,76,142,139,68.71,31.29,92.74,105,173,207,393,179,13,16,137,13,7.26,8.94,76.54,7.26,29,150,16.2,9,93,291,2.29,23.66,74.05,20.04,6.29,20.04,6.29,199,216
bridgeview/greenlawn,422,166,180,188,13,229,242,77,106,108,42.65,57.35,94.63,217,61,189,180,242,149,12,68,13,61.57,4.96,28.1,5.37,161,81,66.53,12,55,113,6.67,30.56,62.78,22.97,11.76,22.97,11.76,159,110
broadway east,1526,28,386,106,115,1025,1140,6,9,8,25.29,74.71,89.91,266,12,224,386,1140,6,35,984,115,0.53,3.07,86.32,10.09,41,1099,3.6,57,122,207,14.77,31.61,53.63,21.97,9.54,21.97,9.54,172,159
broening manor,240,225,102,233,1,137,138,151,161,171,42.5,57.5,99.28,219,59,123,102,138,84,5,48,1,60.87,3.62,34.78,0.72,89,49,64.49,4,34,64,3.92,33.33,62.75,21.84,8.14,21.84,8.14,176,179
brooklyn,3106,6,1979,5,12,1115,1127,83,8,9,63.72,36.28,98.94,129,149,134,1979,1127,807,168,140,12,71.61,14.91,12.42,1.06,975,152,86.51,218,495,1266,11.02,25.01,63.97,22.52,10.76,22.52,10.76,163,130
burleith-leighton,202,234,86,239,NA,116,116,NA,178,181,42.57,57.43,100,218,60,5,86,116,98,15,3,NA,84.48,12.93,2.59,NA,113,3,97.41,12,33,41,13.95,38.37,47.67,31.56,15.01,NA,NA,NA,NA
butcher's hill,628,106,586,59,1,41,42,152,238,238,93.31,6.69,97.62,12,266,158,586,42,4,18,19,1,9.52,42.86,45.24,2.38,22,20,52.38,22,120,444,3.75,20.48,75.77,25.27,8.37,25.27,8.37,131,176
callaway-garrison,752,81,240,161,3,509,512,127,32,36,31.91,68.09,99.41,250,28,118,240,512,456,31,22,3,89.06,6.05,4.3,0.59,487,25,95.12,62,60,118,25.83,25,49.17,32.64,18.26,32.64,18.26,51,19
cameron village,335,190,92,237,1,242,243,153,98,107,27.46,72.54,99.59,262,16,111,92,243,221,14,7,1,90.95,5.76,2.88,0.41,235,8,96.71,9,23,60,9.78,25,65.22,37.91,21.98,NA,NA,NA,NA
canton,4132,1,2809,3,122,1201,1323,4,5,4,67.98,32.02,90.78,112,166,214,2809,1323,84,176,941,122,6.35,13.3,71.13,9.22,260,1063,19.65,192,884,1733,6.84,31.47,61.69,21.91,8.39,21.91,8.39,175,173
canton industrial area,446,156,222,167,11,213,224,87,114,114,49.78,50.22,95.09,179,100,181,222,224,137,6,70,11,61.16,2.68,31.25,4.91,143,81,63.84,14,71,137,6.31,31.98,61.71,16.12,5.14,16.12,5.14,227,228
care,544,132,398,100,36,110,146,31,182,165,73.16,26.84,75.34,85,193,269,398,146,7,19,84,36,4.79,13.01,57.53,24.66,26,120,17.81,30,127,241,7.54,31.91,60.55,17.99,5.52,17.99,5.52,216,222
carroll - camden industrial area,963,63,699,43,33,231,264,34,105,95,72.59,27.41,87.5,86,192,238,699,264,62,32,137,33,23.48,12.12,51.89,12.5,94,170,35.61,21,127,551,3,18.17,78.83,22.08,7.02,22.08,7.02,170,204
carroll park,981,60,862,33,2,117,119,134,176,179,87.87,12.13,98.32,30,248,148,862,119,52,43,22,2,43.7,36.13,18.49,1.68,95,24,79.83,46,126,690,5.34,14.62,80.05,28.48,14.5,28.48,14.5,85,67
carroll-south hilton,652,103,380,108,NA,272,272,NA,86,92,58.28,41.72,100,148,130,6,380,272,162,25,85,NA,59.56,9.19,31.25,NA,187,85,68.75,6,71,303,1.58,18.68,79.74,19.9,6.91,19.9,6.91,201,207
carrollton ridge,1088,44,491,77,90,507,597,8,33,24,45.13,54.87,84.92,203,75,253,491,597,49,35,423,90,8.21,5.86,70.85,15.08,84,513,14.07,25,123,343,5.09,25.05,69.86,18.67,5.34,18.67,5.34,210,224
cedarcroft,398,173,340,125,NA,58,58,NA,224,227,85.43,14.57,100,42,236,7,340,58,50,7,1,NA,86.21,12.07,1.72,NA,57,1,98.28,30,85,225,8.82,25,66.18,35.53,18,35.53,18,32,22
cedmont,509,140,223,166,7,279,286,105,82,87,43.81,56.19,97.55,211,67,161,223,286,223,26,30,7,77.97,9.09,10.49,2.45,249,37,87.06,32,79,112,14.35,35.43,50.22,30.84,17.15,30.84,17.15,66,31
cedonia,419,167,332,128,NA,87,87,NA,202,208,79.24,20.76,100,63,215,8,332,87,78,9,NA,NA,89.66,10.34,NA,NA,87,NA,100,16,83,233,4.82,25,70.18,25.26,8.73,25.26,8.73,132,171
central forest park,554,129,90,238,24,440,464,54,43,44,16.25,83.75,94.83,276,2,186,90,464,422,10,8,24,90.95,2.16,1.72,5.17,432,32,93.1,15,24,51,16.67,26.67,56.67,40.49,18.73,NA,NA,NA,NA
central park heights,1823,18,639,51,33,1151,1184,35,7,6,35.05,64.95,97.21,243,35,167,639,1184,703,70,378,33,59.38,5.91,31.93,2.79,773,411,65.29,149,243,247,23.32,38.03,38.65,26.76,12.96,26.76,12.96,102,91
charles north,491,145,346,120,19,126,145,63,170,168,70.47,29.53,86.9,93,185,241,346,145,NA,33,93,19,NA,22.76,64.14,13.1,33,112,22.76,38,80,228,10.98,23.12,65.9,20.68,7.3,20.68,7.3,190,199
charles village,1606,23,1406,14,35,165,200,33,144,127,87.55,12.45,82.5,32,246,259,1406,200,28,58,78,35,14,29,39,17.5,86,113,43,70,559,777,4.98,39.76,55.26,23.22,7.82,23.22,7.82,154,188
cherry hill,849,73,416,91,15,418,433,72,51,50,49,51,96.54,184,94,175,416,433,375,29,14,15,86.61,6.7,3.23,3.46,404,29,93.3,30,118,268,7.21,28.37,64.42,25.57,12.17,25.57,12.17,124,103
cheswolde,997,58,688,44,1,308,309,154,76,80,69.01,30.99,99.68,101,177,108,688,309,261,47,NA,1,84.47,15.21,NA,0.32,308,1,99.68,94,230,364,13.66,33.43,52.91,45.43,17.56,45.43,17.56,3,26
chinquapin park,364,182,170,196,2,192,194,135,123,130,46.7,53.3,98.97,193,85,133,170,194,178,12,2,2,91.75,6.19,1.03,1.03,190,4,97.94,6,56,108,3.53,32.94,63.53,28.15,15.05,28.15,15.05,87,58
clifton park,1804,19,1600,8,3,201,204,128,118,124,88.69,11.31,98.53,29,249,145,1600,204,26,175,NA,3,12.75,85.78,NA,1.47,201,3,98.53,78,554,968,4.88,34.62,60.5,23.8,10.15,23.8,10.15,150,143
coldspring,1120,42,997,27,NA,123,123,NA,173,177,89.02,10.98,100,28,250,9,997,123,78,45,NA,NA,63.41,36.59,NA,NA,123,NA,100,55,185,757,5.52,18.56,75.93,27.26,12.37,27.26,12.37,93,99
coldstream homestead montebello,2090,13,830,35,44,1216,1260,23,4,5,39.71,60.29,96.51,233,45,176,830,1260,701,69,446,44,55.63,5.48,35.4,3.49,770,490,61.11,116,376,338,13.98,45.3,40.72,23.13,12.73,23.13,12.73,155,96
concerned citizens of forest park,333,191,72,242,11,250,261,88,96,98,21.62,78.38,95.79,272,6,178,72,261,207,12,31,11,79.31,4.6,11.88,4.21,219,42,83.91,11,28,33,15.28,38.89,45.83,35.5,19.55,NA,NA,NA,NA
coppin heights/ash-co-east,720,85,415,92,40,265,305,27,91,82,57.64,42.36,86.89,151,127,242,415,305,112,31,122,40,36.72,10.16,40,13.11,143,162,46.89,31,102,282,7.47,24.58,67.95,22.93,9.96,22.93,9.96,160,148
cross country,1061,50,578,60,2,481,483,136,36,40,54.48,45.52,99.59,162,116,112,578,483,419,57,5,2,86.75,11.8,1.04,0.41,476,7,98.55,112,223,243,19.38,38.58,42.04,42.91,18.99,42.91,18.99,7,12
cross keys,129,250,122,220,NA,7,7,NA,269,269,94.57,5.43,100,5,273,10,122,7,2,5,NA,NA,28.57,71.43,NA,NA,7,NA,100,12,46,64,9.84,37.7,52.46,20.02,11.11,20.02,11.11,200,122
curtis bay,800,78,378,109,8,414,422,102,52,53,47.25,52.75,98.1,188,90,155,378,422,198,28,188,8,46.92,6.64,44.55,1.9,226,196,53.55,37,117,224,9.79,30.95,59.26,27.11,13.15,27.11,13.15,96,89
curtis bay industrial area,57,264,1,277,NA,56,56,NA,227,229,1.75,98.25,100,277,1,11,1,56,NA,1,55,NA,NA,1.79,98.21,NA,1,55,1.79,NA,1,NA,NA,100,NA,40,29.7,NA,NA,NA,NA
cylburn,688,93,195,177,NA,493,493,NA,34,37,28.34,71.66,100,260,18,12,195,493,464,15,14,NA,94.12,3.04,2.84,NA,479,14,97.16,27,65,103,13.85,33.33,52.82,35.79,16.55,35.79,16.55,28,38
darley park,221,231,129,216,16,76,92,69,211,204,58.37,41.63,82.61,146,132,258,129,92,19,10,47,16,20.65,10.87,51.09,17.39,29,63,31.52,6,49,74,4.65,37.98,57.36,23.06,9.43,23.06,9.43,157,162
dickeyville,40,266,31,260,NA,9,9,NA,265,266,77.5,22.5,100,69,209,13,31,9,NA,9,NA,NA,NA,100,NA,NA,9,NA,100,2,11,18,6.45,35.48,58.06,32.1,13.78,NA,NA,NA,NA
dolfield,593,118,182,186,NA,411,411,NA,53,58,30.69,69.31,100,254,24,14,182,411,348,17,46,NA,84.67,4.14,11.19,NA,365,46,88.81,46,58,78,25.27,31.87,42.86,35.61,17.33,35.61,17.33,30,29
dorchester,566,122,140,210,1,425,426,155,46,52,24.73,75.27,99.77,267,11,103,140,426,402,20,3,1,94.37,4.69,0.7,0.23,422,4,99.06,38,61,41,27.14,43.57,29.29,42.99,20.56,42.99,20.56,6,4
downtown,1911,16,936,31,60,915,975,15,10,11,48.98,51.02,93.85,185,93,197,936,975,30,96,789,60,3.08,9.85,80.92,6.15,126,849,12.92,75,160,701,8.01,17.09,74.89,22.15,6.81,22.15,6.81,168,210
downtown west,338,188,123,219,8,207,215,103,116,118,36.39,63.61,96.28,239,39,177,123,215,1,9,197,8,0.47,4.19,91.63,3.72,10,205,4.65,19,27,77,15.45,21.95,62.6,21.11,6.43,21.11,6.43,182,213
druid heights,628,107,429,89,41,158,199,26,151,128,68.31,31.69,79.4,108,170,265,429,199,3,30,125,41,1.51,15.08,62.81,20.6,33,166,16.58,67,300,62,15.62,69.93,14.45,20.17,8.21,20.17,8.21,197,178
druid hill park,3655,2,3374,1,2,279,281,137,83,88,92.31,7.69,99.29,16,262,122,3374,281,14,265,NA,2,4.98,94.31,NA,0.71,279,2,99.29,219,778,2377,6.49,23.06,70.45,34.67,17.53,34.67,17.53,39,27
dunbar-broadway,714,88,536,71,10,168,178,90,140,142,75.07,24.93,94.38,78,200,193,536,178,39,28,101,10,21.91,15.73,56.74,5.62,67,111,37.64,26,126,384,4.85,23.51,71.64,18.5,7.1,18.5,7.1,212,203
east arlington,332,193,154,203,4,174,178,121,135,143,46.39,53.61,97.75,196,82,157,154,178,152,22,NA,4,85.39,12.36,NA,2.25,174,4,97.75,17,38,99,11.04,24.68,64.29,43.44,22.61,43.44,22.61,5,2
east baltimore midway,1214,40,566,64,65,583,648,13,23,21,46.62,53.38,89.97,194,84,223,566,648,200,44,339,65,30.86,6.79,52.31,10.03,244,404,37.65,52,194,320,9.19,34.28,56.54,20.7,8.39,20.7,8.39,189,174
easterwood,435,160,182,187,13,240,253,78,100,104,41.84,58.16,94.86,223,55,185,182,253,88,12,140,13,34.78,4.74,55.34,5.14,100,153,39.53,26,40,116,14.29,21.98,63.74,17.73,8.36,17.73,8.36,218,177
eastwood,116,252,19,268,NA,97,97,NA,194,200,16.38,83.62,100,275,3,15,19,97,93,4,NA,NA,95.88,4.12,NA,NA,97,NA,100,8,7,4,42.11,36.84,21.05,15.05,6.41,NA,NA,NA,NA
edgewood,348,185,190,182,10,148,158,91,158,156,54.6,45.4,93.67,160,118,200,190,158,89,30,29,10,56.33,18.99,18.35,6.33,119,39,75.32,19,73,98,10,38.42,51.58,31.62,16.41,31.62,16.41,57,39
edmondson village,428,164,281,143,15,132,147,73,162,162,65.65,34.35,89.8,123,155,225,281,147,109,18,5,15,74.15,12.24,3.4,10.2,127,20,86.39,11,93,177,3.91,33.1,62.99,28.65,14.34,28.65,14.34,82,72
ednor gardens-lakeside,1656,21,1069,23,NA,587,587,NA,22,26,64.55,35.45,100,127,151,16,1069,587,513,67,7,NA,87.39,11.41,1.19,NA,580,7,98.81,64,276,729,5.99,25.82,68.19,26.07,11.55,26.07,11.55,115,116
ellwood park/monument,1067,47,860,34,25,182,207,49,130,122,80.6,19.4,87.92,59,219,235,860,207,26,50,106,25,12.56,24.15,51.21,12.08,76,131,36.71,43,167,650,5,19.42,75.58,15.94,5.1,15.94,5.1,228,229
evergreen,319,194,285,141,NA,34,34,NA,243,244,89.34,10.66,100,26,252,17,285,34,8,25,1,NA,23.53,73.53,2.94,NA,33,1,97.06,8,33,244,2.81,11.58,85.61,31.44,12.65,31.44,12.65,59,97
evergreen lawn,265,218,118,222,16,131,147,70,164,163,44.53,55.47,89.12,208,70,231,118,147,54,12,65,16,36.73,8.16,44.22,10.88,66,81,44.9,7,34,77,5.93,28.81,65.25,27.42,13.89,27.42,13.89,91,75
evesham park,296,203,272,150,NA,24,24,NA,251,251,91.89,8.11,100,17,261,18,272,24,8,16,NA,NA,33.33,66.67,NA,NA,24,NA,100,36,73,163,13.24,26.84,59.93,35.19,15.61,35.19,15.61,34,53
fairfield area,336,189,228,165,NA,108,108,NA,185,188,67.86,32.14,100,113,165,19,228,108,78,13,17,NA,72.22,12.04,15.74,NA,91,17,84.26,37,81,110,16.23,35.53,48.25,27.16,13.59,27.16,13.59,95,80
fairmont,354,184,163,200,NA,191,191,NA,127,132,46.05,53.95,100,199,79,20,163,191,130,30,31,NA,68.06,15.71,16.23,NA,160,31,83.77,39,45,79,23.93,27.61,48.47,41.37,24.35,41.37,24.35,10,1
fallstaff,559,126,260,154,NA,299,299,NA,79,85,46.51,53.49,100,195,83,21,260,299,243,10,46,NA,81.27,3.34,15.38,NA,253,46,84.62,38,72,150,14.62,27.69,57.69,34.43,16.06,34.43,16.06,40,44
federal hill,1031,54,768,37,19,244,263,64,97,97,74.49,25.51,92.78,80,198,206,768,263,1,53,190,19,0.38,20.15,72.24,7.22,54,209,20.53,33,159,576,4.3,20.7,75,24.42,9.54,24.42,9.54,141,160
fells point,1397,32,953,29,56,388,444,18,58,48,68.22,31.78,87.39,109,169,239,953,444,17,55,316,56,3.83,12.39,71.17,12.61,72,372,16.22,49,183,721,5.14,19.2,75.66,20.97,8.02,20.97,8.02,184,185
forest park,661,100,173,192,9,479,488,94,37,38,26.17,73.83,98.16,264,14,154,173,488,430,23,26,9,88.11,4.71,5.33,1.84,453,35,92.83,34,99,40,19.65,57.23,23.12,32.09,18.59,32.09,18.59,55,14
forest park golf course,405,171,204,174,1,200,201,156,120,126,50.37,49.63,99.5,176,102,114,204,201,169,30,1,1,84.08,14.93,0.5,0.5,199,2,99,20,56,128,9.8,27.45,62.75,39.95,18.63,39.95,18.63,12,13
four by four,90,256,21,265,1,68,69,157,215,218,23.33,76.67,98.55,270,8,144,21,69,38,2,28,1,55.07,2.9,40.58,1.45,40,29,57.97,5,4,12,23.81,19.05,57.14,33.81,16.06,NA,NA,NA,NA
frankford,2644,7,1461,11,23,1160,1183,56,6,7,55.26,44.74,98.06,158,120,156,1461,1183,958,84,117,23,80.98,7.1,9.89,1.94,1042,140,88.08,129,498,834,8.83,34.09,57.08,25.54,9.81,25.54,9.81,125,153
franklin square,1094,43,640,50,84,370,454,9,59,45,58.5,41.5,81.5,145,133,261,640,454,10,42,318,84,2.2,9.25,70.04,18.5,52,402,11.45,54,207,379,8.44,32.34,59.22,25.41,9.85,25.41,9.85,127,152
franklintown,1016,57,969,28,NA,47,47,NA,236,236,95.37,4.63,100,4,274,22,969,47,NA,47,NA,NA,NA,100,NA,NA,47,NA,100,54,186,729,5.57,19.2,75.23,35.22,15.94,35.22,15.94,33,45
franklintown road,318,195,145,207,3,170,173,129,137,148,45.6,54.4,98.27,201,77,151,145,173,118,24,28,3,68.21,13.87,16.18,1.73,142,31,82.08,14,56,75,9.66,38.62,51.72,35.1,17.35,35.1,17.35,35,28
garwyn oaks,419,168,186,184,NA,233,233,NA,103,111,44.39,55.61,100,209,69,23,186,233,192,29,12,NA,82.4,12.45,5.15,NA,221,12,94.85,11,84,91,5.91,45.16,48.92,31.46,16.6,31.46,16.6,58,37
gay street,608,112,328,130,79,201,280,11,119,89,53.95,46.05,71.79,165,113,272,328,280,16,35,150,79,5.71,12.5,53.57,28.21,51,229,18.21,43,154,131,13.11,46.95,39.94,22.33,11.56,22.33,11.56,165,115
glen,1394,33,662,47,5,727,732,118,16,18,47.49,52.51,99.32,187,91,121,662,732,652,39,36,5,89.07,5.33,4.92,0.68,691,41,94.4,119,204,339,17.98,30.82,51.21,40.98,19.3,40.98,19.3,11,11
glen oaks,1078,45,741,39,NA,337,337,NA,67,73,68.74,31.26,100,104,174,24,741,337,277,56,4,NA,82.2,16.62,1.19,NA,333,4,98.81,49,172,520,6.61,23.21,70.18,29.65,15,29.65,15,73,59
glenham-belhar,1049,52,393,104,9,647,656,95,19,20,37.46,62.54,98.63,235,43,142,393,656,544,32,71,9,82.93,4.88,10.82,1.37,576,80,87.8,40,210,143,10.18,53.44,36.39,32.74,16.41,32.74,16.41,50,40
graceland park,731,84,362,114,NA,369,369,NA,60,63,49.52,50.48,100,180,98,25,362,369,295,34,40,NA,79.95,9.21,10.84,NA,329,40,89.16,35,122,205,9.67,33.7,56.63,20.83,8.08,20.83,8.08,187,182
greektown,839,74,567,63,9,263,272,96,92,93,67.58,32.42,96.69,114,164,172,567,272,70,31,162,9,25.74,11.4,59.56,3.31,101,171,37.13,19,122,426,3.35,21.52,75.13,17.17,5.49,17.17,5.49,221,223
greenmount cemetery,59,263,49,254,NA,10,10,NA,264,264,83.05,16.95,100,50,228,26,49,10,3,4,3,NA,30,40,30,NA,7,3,70,5,6,38,10.2,12.24,77.55,14.45,3.95,NA,NA,NA,NA
greenmount west,522,133,345,121,13,164,177,79,146,146,66.09,33.91,92.66,122,156,208,345,177,3,22,139,13,1.69,12.43,78.53,7.34,25,152,14.12,16,65,264,4.64,18.84,76.52,24.09,7.37,24.09,7.37,148,197
greenspring,611,111,191,180,1,419,420,158,50,55,31.26,68.74,99.76,251,27,104,191,420,343,32,44,1,81.67,7.62,10.48,0.24,375,45,89.29,51,84,56,26.7,43.98,29.32,32.43,17.24,32.43,17.24,53,30
grove park,634,105,213,172,NA,421,421,NA,48,54,33.6,66.4,100,247,31,27,213,421,400,18,3,NA,95.01,4.28,0.71,NA,418,3,99.29,40,83,90,18.78,38.97,42.25,35.87,15.77,35.87,15.77,27,48
guilford,2559,9,2147,4,1,411,412,159,54,57,83.9,16.1,99.76,45,233,105,2147,412,274,127,10,1,66.5,30.83,2.43,0.24,401,11,97.33,102,471,1574,4.75,21.94,73.31,31.16,13.64,31.16,13.64,62,79
gwynns falls,385,178,222,168,2,161,163,138,148,152,57.66,42.34,98.77,150,128,138,222,163,95,13,53,2,58.28,7.98,32.52,1.23,108,55,66.26,6,43,173,2.7,19.37,77.93,15.11,5.34,15.11,5.34,231,225
gwynns falls/leakin park,396,174,344,122,NA,52,52,NA,231,232,86.87,13.13,100,35,243,28,344,52,NA,52,NA,NA,NA,100,NA,NA,52,NA,100,30,103,211,8.72,29.94,61.34,33.92,11.79,33.92,11.79,44,109
hamilton hills,2622,8,1235,19,1,1386,1387,160,3,3,47.1,52.9,99.93,189,89,97,1235,1387,1199,120,67,1,86.45,8.65,4.83,0.07,1319,68,95.1,113,320,802,9.15,25.91,64.94,26.64,11.61,26.64,11.61,105,111
hampden,1893,17,1318,16,19,556,575,65,26,28,69.62,30.38,96.7,96,182,171,1318,575,171,49,336,19,29.74,8.52,58.43,3.3,220,355,38.26,102,302,914,7.74,22.91,69.35,26.2,11.84,26.2,11.84,112,107
hanlon-longwood,1151,41,612,57,NA,539,539,NA,30,33,53.17,46.83,100,166,112,29,612,539,462,52,25,NA,85.71,9.65,4.64,NA,514,25,95.36,71,296,245,11.6,48.37,40.03,36.46,19.85,36.46,19.85,22,9
harlem park,2001,15,1224,21,227,550,777,1,29,15,61.17,38.83,70.79,138,140,274,1224,777,34,94,422,227,4.38,12.1,54.31,29.21,128,649,16.47,144,591,489,11.76,48.28,39.95,24.34,10.77,24.34,10.77,144,129
harwood,427,165,365,112,6,56,62,111,228,223,85.48,14.52,90.32,40,237,220,365,62,1,6,49,6,1.61,9.68,79.03,9.68,7,55,11.29,21,79,265,5.75,21.64,72.6,22.19,7.62,22.19,7.62,167,193
hawkins point,242,224,144,208,NA,98,98,NA,193,198,59.5,40.5,100,143,135,30,144,98,73,25,NA,NA,74.49,25.51,NA,NA,98,NA,100,10,94,40,6.94,65.28,27.78,20.6,11.45,20.6,11.45,191,119
heritage crossing,671,97,609,58,NA,62,62,NA,221,224,90.76,9.24,100,23,255,31,609,62,20,20,22,NA,32.26,32.26,35.48,NA,40,22,64.52,38,122,449,6.24,20.03,73.73,24.31,7.47,24.31,7.47,145,195
herring run park,572,121,538,69,NA,34,34,NA,244,245,94.06,5.94,100,7,271,32,538,34,1,33,NA,NA,2.94,97.06,NA,NA,34,NA,100,19,67,452,3.53,12.45,84.01,25.86,12.83,25.86,12.83,121,95
highlandtown,955,64,656,48,32,267,299,39,90,86,68.69,31.31,89.3,106,172,228,656,299,42,40,185,32,14.05,13.38,61.87,10.7,82,217,27.42,29,130,497,4.42,19.82,75.76,16.51,5.86,16.51,5.86,224,219
hillen,348,186,143,209,NA,205,205,NA,117,123,41.09,58.91,100,228,51,33,143,205,198,7,NA,NA,96.59,3.41,NA,NA,205,NA,100,23,46,74,16.08,32.17,51.75,38.1,20.41,38.1,20.41,17,5
hoes heights,183,238,126,218,NA,57,57,NA,226,228,68.85,31.15,100,102,176,34,126,57,36,13,8,NA,63.16,22.81,14.04,NA,49,8,85.96,17,42,67,13.49,33.33,53.17,32.05,12.86,32.05,12.86,56,94
holabird industrial park,656,101,634,52,NA,22,22,NA,253,254,96.65,3.35,100,2,276,35,634,22,NA,20,2,NA,NA,90.91,9.09,NA,20,2,90.91,40,187,407,6.31,29.5,64.2,17.35,7,17.35,7,220,205
hollins market,720,86,569,61,20,131,151,59,165,158,79.03,20.97,86.75,65,213,243,569,151,3,21,107,20,1.99,13.91,70.86,13.25,24,127,15.89,27,150,392,4.75,26.36,68.89,25.38,8.43,25.38,8.43,128,172
homeland,1575,25,1440,13,7,128,135,106,167,172,91.43,8.57,94.81,20,258,188,1440,135,66,49,12,7,48.89,36.3,8.89,5.19,115,19,85.19,83,435,922,5.76,30.21,64.03,30.89,17.63,30.89,17.63,64,25
hopkins bayview,491,146,409,97,2,80,82,139,208,211,83.3,16.7,97.56,48,230,159,409,82,27,18,35,2,32.93,21.95,42.68,2.44,45,37,54.88,24,121,264,5.87,29.58,64.55,18.14,7.44,18.14,7.44,214,196
howard park,3619,3,1303,17,5,2311,2316,119,1,1,36,64,99.78,240,38,102,1303,2316,2105,166,40,5,90.89,7.17,1.73,0.22,2271,45,98.06,191,309,803,14.66,23.71,61.63,30.8,14.67,30.8,14.67,67,63
hunting ridge,692,92,464,82,NA,228,228,NA,107,112,67.05,32.95,100,118,160,36,464,228,189,37,1,NA,82.89,16.23,0.44,NA,226,1,99.12,23,106,335,4.96,22.84,72.2,36.14,14.42,36.14,14.42,25,70
idlewood,677,95,275,147,NA,402,402,NA,55,59,40.62,59.38,100,230,48,37,275,402,379,21,2,NA,94.28,5.22,0.5,NA,400,2,99.5,53,71,151,19.27,25.82,54.91,33.56,18.53,33.56,18.53,46,15
inner harbor,732,83,475,79,15,242,257,74,99,101,64.89,35.11,94.16,125,153,196,475,257,10,48,184,15,3.89,18.68,71.6,5.84,58,199,22.57,40,104,331,8.42,21.89,69.68,20.57,6.95,20.57,6.95,193,206
irvington,1056,51,629,53,6,421,427,112,49,51,59.56,40.44,98.59,142,136,143,629,427,250,51,120,6,58.55,11.94,28.1,1.41,301,126,70.49,30,173,426,4.77,27.5,67.73,26.76,10.59,26.76,10.59,103,131
johns hopkins homewood,409,170,333,126,NA,76,76,NA,212,214,81.42,18.58,100,56,222,38,333,76,49,12,15,NA,64.47,15.79,19.74,NA,61,15,80.26,30,96,207,9.01,28.83,62.16,30.88,15.67,30.88,15.67,65,50
johnston square,819,76,274,148,60,485,545,16,35,32,33.46,66.54,88.99,248,30,233,274,545,32,26,427,60,5.87,4.77,78.35,11.01,58,487,10.64,34,81,159,12.41,29.56,58.03,24.68,10.41,24.68,10.41,136,136
jones falls area,24,270,22,264,NA,2,2,NA,273,273,91.67,8.33,100,19,259,39,22,2,NA,2,NA,NA,NA,100,NA,NA,2,NA,100,NA,7,15,NA,31.82,68.18,17.55,7.96,NA,NA,NA,NA
jonestown,774,80,429,90,9,336,345,97,68,70,55.43,44.57,97.39,157,121,164,429,345,40,22,274,9,11.59,6.38,79.42,2.61,62,283,17.97,14,82,333,3.26,19.11,77.62,20.37,8.1,20.37,8.1,194,181
kenilworth park,269,214,84,240,1,184,185,161,129,136,31.23,68.77,99.46,252,26,116,84,185,179,5,NA,1,96.76,2.7,NA,0.54,184,1,99.46,18,39,27,21.43,46.43,32.14,26.26,19.67,NA,NA,NA,NA
kernewood,284,207,174,191,2,108,110,140,186,186,61.27,38.73,98.18,137,141,153,174,110,97,9,2,2,88.18,8.18,1.82,1.82,106,4,96.36,25,52,97,14.37,29.89,55.75,25.13,12.11,25.13,12.11,134,105
keswick,237,226,220,170,NA,17,17,NA,260,261,92.83,7.17,100,14,264,40,220,17,12,5,NA,NA,70.59,29.41,NA,NA,17,NA,100,12,51,157,5.45,23.18,71.36,35.95,15.74,35.95,15.74,26,49
kresson,180,239,54,251,17,109,126,68,183,176,30,70,86.51,256,22,245,54,126,39,8,62,17,30.95,6.35,49.21,13.49,47,79,37.3,11,28,15,20.37,51.85,27.78,29.91,15.67,NA,NA,NA,NA
lake evesham,179,240,156,201,NA,23,23,NA,252,252,87.15,12.85,100,34,244,41,156,23,18,5,NA,NA,78.26,21.74,NA,NA,23,NA,100,12,40,104,7.69,25.64,66.67,17.91,10.49,17.91,10.49,217,134
lake walker,460,152,309,136,NA,151,151,NA,156,159,67.17,32.83,100,117,161,42,309,151,141,10,NA,NA,93.38,6.62,NA,NA,151,NA,100,16,47,246,5.18,15.21,79.61,35.07,15.87,35.07,15.87,37,46
lakeland,333,192,231,164,NA,102,102,NA,188,192,69.37,30.63,100,97,181,43,231,102,78,24,NA,NA,76.47,23.53,NA,NA,102,NA,100,17,78,136,7.36,33.77,58.87,33.69,13.17,33.69,13.17,45,88
langston hughes,313,197,60,249,2,251,253,141,95,105,19.17,80.83,99.21,273,5,129,60,253,177,9,65,2,69.96,3.56,25.69,0.79,186,67,73.52,30,19,11,50,31.67,18.33,33.47,18.93,NA,NA,NA,NA
lauraville,1257,37,701,41,4,552,556,122,28,31,55.77,44.23,99.28,155,122,124,701,556,486,39,27,4,87.41,7.01,4.86,0.72,525,31,94.42,43,158,500,6.13,22.54,71.33,30.56,13.84,30.56,13.84,69,76
levindale,312,198,204,175,NA,108,108,NA,187,189,65.38,34.62,100,124,154,44,204,108,101,7,NA,NA,93.52,6.48,NA,NA,108,NA,100,22,56,126,10.78,27.45,61.76,28.87,12.14,28.87,12.14,79,104
liberty square,244,223,113,226,1,130,131,162,166,174,46.31,53.69,99.24,197,81,127,113,131,96,15,19,1,73.28,11.45,14.5,0.76,111,20,84.73,13,28,72,11.5,24.78,63.72,28.89,13.51,28.89,13.51,77,82
little italy,311,199,132,215,6,173,179,113,136,140,42.44,57.56,96.65,220,58,173,132,179,3,4,166,6,1.68,2.23,92.74,3.35,7,172,3.91,5,24,103,3.79,18.18,78.03,20.81,7.67,20.81,7.67,188,192
loch raven,965,61,401,99,1,563,564,163,25,29,41.55,58.45,99.82,225,53,100,401,564,504,53,6,1,89.36,9.4,1.06,0.18,557,7,98.76,39,120,242,9.73,29.93,60.35,31.01,18.5,31.01,18.5,63,17
locust point,741,82,513,72,13,215,228,80,112,113,69.23,30.77,94.3,99,179,194,513,228,4,15,196,13,1.75,6.58,85.96,5.7,19,209,8.33,15,83,415,2.92,16.18,80.9,20.06,9.24,20.06,9.24,198,163
locust point industrial area,391,176,303,137,1,87,88,164,203,207,77.49,22.51,98.86,70,208,136,303,88,19,15,53,1,21.59,17.05,60.23,1.14,34,54,38.64,29,35,239,9.57,11.55,78.88,16.59,5.89,16.59,5.89,223,218
lower edmondson village,62,261,26,263,3,33,36,130,245,241,41.94,58.06,91.67,222,56,211,26,36,19,2,12,3,52.78,5.56,33.33,8.33,21,15,58.33,4,14,8,15.38,53.85,30.77,30.54,17.6,NA,NA,NA,NA
lower herring run park,480,148,444,86,NA,36,36,NA,241,242,92.5,7.5,100,15,263,45,444,36,2,34,NA,NA,5.56,94.44,NA,NA,36,NA,100,24,77,343,5.41,17.34,77.25,20.25,7.24,20.25,7.24,196,201
loyola/notre dame,39,267,35,259,NA,4,4,NA,271,271,89.74,10.26,100,25,253,46,35,4,NA,4,NA,NA,NA,100,NA,NA,4,NA,100,2,12,21,5.71,34.29,60,34.74,15.25,NA,NA,NA,NA
lucille park,273,213,140,211,1,132,133,165,163,173,51.28,48.72,99.25,171,107,126,140,133,74,17,41,1,55.64,12.78,30.83,0.75,91,42,68.42,30,73,37,21.43,52.14,26.43,25.65,11.24,25.65,11.24,122,120
madison park,941,67,677,45,29,235,264,42,102,96,71.94,28.06,89.02,87,191,232,677,264,27,22,186,29,10.23,8.33,70.45,10.98,49,215,18.56,58,290,329,8.57,42.84,48.6,27.04,10.98,27.04,10.98,99,125
madison-eastend,559,127,451,84,7,101,108,107,189,190,80.68,19.32,93.52,58,220,201,451,108,28,17,56,7,25.93,15.74,51.85,6.48,45,63,41.67,22,67,362,4.88,14.86,80.27,14.27,4.09,14.27,4.09,233,233
mayfield,603,116,410,96,1,192,193,166,124,131,67.99,32.01,99.48,111,167,115,410,193,148,34,10,1,76.68,17.62,5.18,0.52,182,11,94.3,30,99,281,7.32,24.15,68.54,28.79,12.9,28.79,12.9,80,93
mcelderry park,942,66,751,38,25,166,191,50,143,133,79.72,20.28,86.91,61,217,240,751,191,8,40,118,25,4.19,20.94,61.78,13.09,48,143,25.13,32,158,561,4.26,21.04,74.7,18.1,6.07,18.1,6.07,215,217
medfield,384,179,241,158,15,128,143,75,168,169,62.76,37.24,89.51,133,145,227,241,143,100,11,17,15,69.93,7.69,11.89,10.49,111,32,77.62,16,50,175,6.64,20.75,72.61,32.41,14.12,32.41,14.12,54,74
medford,266,217,120,221,NA,146,146,NA,159,166,45.11,54.89,100,204,74,47,120,146,117,16,13,NA,80.14,10.96,8.9,NA,133,13,91.1,12,56,52,10,46.67,43.33,24.38,12.99,24.38,12.99,143,90
mid-govans,517,137,358,116,2,157,159,142,152,154,69.25,30.75,98.74,98,180,140,358,159,132,8,17,2,83.02,5.03,10.69,1.26,140,19,88.05,14,31,313,3.91,8.66,87.43,16.39,7.68,16.39,7.68,225,190
mid-town belvedere,1218,39,1040,26,9,169,178,98,139,144,85.39,14.61,94.94,43,235,184,1040,178,19,74,76,9,10.67,41.57,42.7,5.06,93,85,52.25,74,175,791,7.12,16.83,76.06,25.88,7.36,25.88,7.36,119,198
middle branch/reedbird parks,1496,30,1373,15,NA,123,123,NA,174,178,91.78,8.22,100,18,260,48,1373,123,25,98,NA,NA,20.33,79.67,NA,NA,123,NA,100,85,253,1035,6.19,18.43,75.38,17.73,6.89,17.73,6.89,219,208
middle east,990,59,615,56,28,347,375,44,65,62,62.12,37.88,92.53,135,143,209,615,375,56,37,254,28,14.93,9.87,67.73,7.47,93,282,24.8,48,117,450,7.8,19.02,73.17,17.15,4.85,17.15,4.85,222,231
midtown-edmondson,606,115,265,152,81,260,341,10,93,72,43.73,56.27,76.25,212,66,268,265,341,49,19,192,81,14.37,5.57,56.3,23.75,68,273,19.94,22,78,165,8.3,29.43,62.26,23.33,9.09,23.33,9.09,152,166
millhill,294,204,147,206,20,127,147,60,169,164,50,50,86.39,177,101,246,147,147,36,13,78,20,24.49,8.84,53.06,13.61,49,98,33.33,13,42,92,8.84,28.57,62.59,27.79,9.94,27.79,9.94,89,150
milton-montford,391,177,289,139,7,95,102,108,196,193,73.91,26.09,93.14,83,196,205,289,102,NA,6,89,7,NA,5.88,87.25,6.86,6,96,5.88,8,51,230,2.77,17.65,79.58,15.3,3.74,15.3,3.74,230,234
mondawmin,1030,55,544,68,33,453,486,36,41,39,52.82,47.18,93.21,169,109,204,544,486,222,36,195,33,45.68,7.41,40.12,6.79,258,228,53.09,43,117,384,7.9,21.51,70.59,20.6,9.17,20.6,9.17,192,164
montebello,476,149,258,155,NA,218,218,NA,109,117,54.2,45.8,100,164,114,49,258,218,198,16,4,NA,90.83,7.34,1.83,NA,214,4,98.17,16,65,177,6.2,25.19,68.6,25.91,11.6,25.91,11.6,117,112
moravia-walther,310,201,211,173,NA,99,99,NA,190,196,68.06,31.94,100,110,168,50,211,99,79,20,NA,NA,79.8,20.2,NA,NA,99,NA,100,5,37,169,2.37,17.54,80.09,25.52,12.37,25.52,12.37,126,100
morgan park,166,242,111,230,NA,55,55,NA,229,230,66.87,33.13,100,119,159,51,111,55,51,4,NA,NA,92.73,7.27,NA,NA,55,NA,100,16,25,70,14.41,22.52,63.06,35.1,17.69,35.1,17.69,36,24
morgan state university,311,200,194,178,NA,117,117,NA,177,180,62.38,37.62,100,134,144,52,194,117,92,19,6,NA,78.63,16.24,5.13,NA,111,6,94.87,7,34,153,3.61,17.53,78.87,24.15,10.24,24.15,10.24,147,141
morrell park,1244,38,547,67,12,685,697,84,17,19,43.97,56.03,98.28,210,68,150,547,697,514,55,116,12,73.74,7.89,16.64,1.72,569,128,81.64,56,114,377,10.24,20.84,68.92,27.32,11.47,27.32,11.47,92,117
mosher,446,157,186,185,24,236,260,55,101,99,41.7,58.3,90.77,224,54,215,186,260,97,11,128,24,37.31,4.23,49.23,9.23,108,152,41.54,8,59,119,4.3,31.72,63.98,33.03,17.01,33.03,17.01,48,33
mount holly,403,172,99,235,4,300,304,123,78,83,24.57,75.43,98.68,268,10,141,99,304,278,10,12,4,91.45,3.29,3.95,1.32,288,16,94.74,18,33,48,18.18,33.33,48.48,32.36,20.55,NA,NA,NA,NA
mount vernon,1378,34,1057,25,32,289,321,40,81,78,76.71,23.29,90.03,73,205,222,1057,321,6,59,224,32,1.87,18.38,69.78,9.97,65,256,20.25,90,107,860,8.51,10.12,81.36,23.33,7.77,23.33,7.77,153,189
mount washington,2238,11,1641,7,1,596,597,167,21,25,73.32,26.68,99.83,84,194,99,1641,597,486,107,3,1,81.41,17.92,0.5,0.17,593,4,99.33,214,506,921,13.04,30.83,56.12,38.19,15.36,38.19,15.36,16,55
mount winans,142,247,102,234,2,38,40,143,240,240,71.83,28.17,95,89,189,183,102,40,13,24,1,2,32.5,60,2.5,5,37,3,92.5,9,23,70,8.82,22.55,68.63,37,14.41,37,14.41,21,71
mt pleasant park,233,228,192,179,NA,41,41,NA,239,239,82.4,17.6,100,53,225,53,192,41,7,34,NA,NA,17.07,82.93,NA,NA,41,NA,100,17,56,119,8.85,29.17,61.98,20.92,7.56,20.92,7.56,185,194
new northwood,686,94,508,74,NA,178,178,NA,133,145,74.05,25.95,100,81,197,54,508,178,143,28,6,NA,80.34,15.73,3.37,NA,171,6,96.07,37,120,351,7.28,23.62,69.09,18.66,10.2,18.66,10.2,211,142
new southwest/mount clare,649,104,395,101,37,217,254,28,110,103,60.86,39.14,85.43,139,139,250,395,254,24,27,166,37,9.45,10.63,65.35,14.57,51,203,20.08,17,72,306,4.3,18.23,77.47,19.88,6.82,19.88,6.82,202,209
north harford road,1400,31,513,73,10,877,887,92,11,12,36.64,63.36,98.87,238,40,135,513,887,809,43,25,10,91.21,4.85,2.82,1.13,852,35,96.05,56,140,317,10.92,27.29,61.79,31.37,14.52,31.37,14.52,61,65
north roland park/poplar hill,355,183,333,127,NA,22,22,NA,254,255,93.8,6.2,100,8,270,55,333,22,8,14,NA,NA,36.36,63.64,NA,NA,22,NA,100,22,61,250,6.61,18.32,75.08,37.65,15.65,37.65,15.65,18,52
northwest community action,444,158,166,198,5,273,278,120,85,91,37.39,62.61,98.2,236,42,152,166,278,143,17,113,5,51.44,6.12,40.65,1.8,160,118,57.55,13,30,123,7.83,18.07,74.1,29.19,13.36,29.19,13.36,75,87
o'donnell heights,82,257,52,252,NA,30,30,NA,247,248,63.41,36.59,100,130,148,56,52,30,29,1,NA,NA,96.67,3.33,NA,NA,30,NA,100,3,11,38,5.77,21.15,73.08,14.35,2.25,NA,NA,NA,NA
oakenshawe,518,136,446,85,NA,72,72,NA,213,215,86.1,13.9,100,37,241,57,446,72,30,29,13,NA,41.67,40.28,18.06,NA,59,13,81.94,35,160,251,7.85,35.87,56.28,26.39,11.07,26.39,11.07,108,123
oaklee,61,262,16,269,NA,45,45,NA,237,237,26.23,73.77,100,263,15,58,16,45,35,4,6,NA,77.78,8.89,13.33,NA,39,6,86.67,2,5,9,12.5,31.25,56.25,23.56,12.68,NA,NA,NA,NA
old goucher,369,180,348,118,6,15,21,114,261,257,94.31,5.69,71.43,6,272,273,348,21,NA,10,5,6,NA,47.62,23.81,28.57,10,11,47.62,17,109,222,4.89,31.32,63.79,19.76,6.39,19.76,6.39,203,214
oldtown,699,90,342,123,50,307,357,19,77,66,48.93,51.07,85.99,186,92,248,342,357,31,31,245,50,8.68,8.68,68.63,14.01,62,295,17.37,42,115,185,12.28,33.63,54.09,23.43,11.82,23.43,11.82,151,108
oliver,1526,29,945,30,120,461,581,5,40,27,61.93,38.07,79.35,136,142,266,945,581,43,93,325,120,7.4,16.01,55.94,20.65,136,445,23.41,98,237,610,10.37,25.08,64.55,19.31,8.04,19.31,8.04,208,184
orangeville,278,209,169,197,NA,109,109,NA,184,187,60.79,39.21,100,140,138,59,169,109,64,10,35,NA,58.72,9.17,32.11,NA,74,35,67.89,26,47,96,15.38,27.81,56.8,22.81,10.48,22.81,10.48,162,135
orangeville industrial area,212,233,164,199,NA,48,48,NA,235,235,77.36,22.64,100,71,207,60,164,48,12,17,19,NA,25,35.42,39.58,NA,29,19,60.42,8,29,127,4.88,17.68,77.44,18.15,5.81,18.15,5.81,213,220
orchard ridge,429,163,278,145,NA,151,151,NA,157,160,64.8,35.2,100,126,152,61,278,151,134,12,5,NA,88.74,7.95,3.31,NA,146,5,96.69,22,77,179,7.91,27.7,64.39,18.76,5.3,18.76,5.3,209,226
original northwood,393,175,325,131,NA,68,68,NA,216,219,82.7,17.3,100,52,226,62,325,68,39,29,NA,NA,57.35,42.65,NA,NA,68,NA,100,14,55,256,4.31,16.92,78.77,33.07,14.82,33.07,14.82,47,60
otterbein,520,134,374,110,20,126,146,61,171,167,71.92,28.08,86.3,88,190,247,374,146,7,27,92,20,4.79,18.49,63.01,13.7,34,112,23.29,17,72,285,4.55,19.25,76.2,25.87,9.63,25.87,9.63,120,157
overlea,289,205,200,176,NA,89,89,NA,200,206,69.2,30.8,100,100,178,63,200,89,69,19,1,NA,77.53,21.35,1.12,NA,88,1,98.88,19,59,122,9.5,29.5,61,38.77,17.08,38.77,17.08,15,32
panway/braddish avenue,299,202,135,214,1,163,164,168,147,150,45.15,54.85,99.39,202,76,119,135,164,149,11,3,1,90.85,6.71,1.83,0.61,160,4,97.56,10,44,81,7.41,32.59,60,32.51,18.43,32.51,18.43,52,18
park circle,827,75,373,111,28,426,454,45,45,46,45.1,54.9,93.83,205,73,198,373,454,324,31,71,28,71.37,6.83,15.64,6.17,355,99,78.19,54,102,217,14.48,27.35,58.18,30.75,14.51,30.75,14.51,68,66
parklane,276,211,176,189,1,99,100,169,191,194,63.77,36.23,99,128,150,131,176,100,60,34,5,1,60,34,5,1,94,6,94,24,65,87,13.64,36.93,49.43,42.77,16.35,42.77,16.35,8,41
parkside,217,232,38,258,NA,179,179,NA,132,141,17.51,82.49,100,274,4,64,38,179,171,5,3,NA,95.53,2.79,1.68,NA,176,3,98.32,3,18,17,7.89,47.37,44.74,12.76,4.34,NA,NA,NA,NA
parkview/woodbrook,673,96,471,80,10,192,202,93,125,125,69.99,30.01,95.05,94,184,182,471,202,68,24,100,10,33.66,11.88,49.5,4.95,92,110,45.54,33,105,333,7.01,22.29,70.7,22.2,10.51,22.2,10.51,166,133
patterson park,2021,14,1839,6,1,181,182,170,131,137,90.99,9.01,99.45,21,257,117,1839,182,68,88,25,1,37.36,48.35,13.74,0.55,156,26,85.71,98,244,1497,5.33,13.27,81.4,25.36,13.41,25.36,13.41,129,86
patterson park neighborhood,1319,36,1099,22,43,177,220,24,134,116,83.32,16.68,80.45,47,231,262,1099,220,6,27,144,43,2.73,12.27,65.45,19.55,33,187,15,26,177,896,2.37,16.11,81.53,16.24,5.54,16.24,5.54,226,221
patterson place,274,212,240,162,9,25,34,99,250,246,87.59,12.41,73.53,31,247,271,240,34,3,5,17,9,8.82,14.71,50,26.47,8,26,23.53,13,65,162,5.42,27.08,67.5,19.64,6.54,19.64,6.54,204,212
pen lucy,277,210,113,227,4,160,164,124,149,151,40.79,59.21,97.56,229,49,160,113,164,115,10,35,4,70.12,6.1,21.34,2.44,125,39,76.22,8,19,86,7.08,16.81,76.11,22.07,10.83,22.07,10.83,171,128
penn north,498,144,264,153,37,197,234,29,121,110,53.01,46.99,84.19,167,111,256,264,234,5,20,172,37,2.14,8.55,73.5,15.81,25,209,10.68,19,67,178,7.2,25.38,67.42,21.97,9.69,21.97,9.69,173,155
penn-fallsway,417,169,117,223,28,272,300,46,87,84,28.06,71.94,90.67,261,17,216,117,300,1,11,260,28,0.33,3.67,86.67,9.33,12,288,4,11,25,81,9.4,21.37,69.23,19.5,10.36,19.5,10.36,205,138
penrose/fayette street outreach,781,79,311,135,46,424,470,22,47,43,39.82,60.18,90.21,232,46,221,311,470,94,22,308,46,20,4.68,65.53,9.79,116,354,24.68,21,115,175,6.75,36.98,56.27,25.58,10,25.58,10,123,147
perkins homes,192,236,137,213,3,52,55,131,232,231,71.35,28.65,94.55,90,188,191,137,55,25,16,11,3,45.45,29.09,20,5.45,41,14,74.55,23,41,73,16.79,29.93,53.28,19.5,7.95,19.5,7.95,206,186
perring loch,876,71,312,133,NA,564,564,NA,24,30,35.62,64.38,100,242,36,65,312,564,537,26,NA,NA,95.21,4.61,NA,NA,563,NA,99.82,31,82,199,9.94,26.28,63.78,31.43,18.1,31.43,18.1,60,21
pimlico good neighbors,269,215,188,183,1,80,81,171,209,213,69.89,30.11,98.77,95,183,139,188,81,61,7,12,1,75.31,8.64,14.81,1.23,68,13,83.95,23,40,125,12.23,21.28,66.49,26.12,11.18,26.12,11.18,114,121
pleasant view gardens,154,244,67,246,3,84,87,132,205,209,43.51,56.49,96.55,213,65,174,67,87,23,7,54,3,26.44,8.05,62.07,3.45,30,57,34.48,6,10,51,8.96,14.93,76.12,17.22,7.17,NA,NA,NA,NA
poppleton,1064,48,621,55,42,401,443,25,56,49,58.36,41.64,90.52,147,131,218,621,443,24,18,359,42,5.42,4.06,81.04,9.48,42,401,9.48,38,134,449,6.12,21.58,72.3,26.19,8.84,26.19,8.84,113,168
port covington,190,237,171,195,NA,19,19,NA,259,260,90,10,100,24,254,66,171,19,4,11,4,NA,21.05,57.89,21.05,NA,15,4,78.95,3,37,131,1.75,21.64,76.61,13.65,6.35,13.65,6.35,234,215
pulaski industrial area,1062,49,538,70,1,523,524,172,31,34,50.66,49.34,99.81,173,105,101,538,524,377,26,120,1,71.95,4.96,22.9,0.19,403,121,76.91,54,229,255,10.04,42.57,47.4,22.09,9.6,22.09,9.6,169,158
purnell,8,277,7,275,NA,1,1,NA,274,274,87.5,12.5,100,33,245,67,7,1,1,NA,NA,NA,100,NA,NA,NA,1,NA,100,NA,3,4,NA,42.86,57.14,35.57,10,NA,NA,NA,NA
radnor-winston,250,222,191,181,NA,59,59,NA,222,226,76.4,23.6,100,74,204,68,191,59,42,17,NA,NA,71.19,28.81,NA,NA,59,NA,100,24,72,95,12.57,37.7,49.74,27.07,13.77,27.07,13.77,98,77
ramblewood,666,98,312,134,1,353,354,173,62,67,46.85,53.15,99.72,192,86,106,312,354,311,39,3,1,87.85,11.02,0.85,0.28,350,4,98.87,17,80,215,5.45,25.64,68.91,26.05,14.82,26.05,14.82,116,61
reisterstown station,316,196,156,202,NA,160,160,NA,150,153,49.37,50.63,100,181,97,69,156,160,133,12,15,NA,83.12,7.5,9.38,NA,145,15,90.62,24,29,103,15.38,18.59,66.03,36.33,15.11,36.33,15.11,24,57
remington,1070,46,672,46,104,294,398,7,80,60,62.8,37.2,73.87,132,146,270,672,398,80,29,185,104,20.1,7.29,46.48,26.13,109,289,27.39,55,123,494,8.18,18.3,73.51,29.15,10.1,29.15,10.1,76,144
reservoir hill,1701,20,1454,12,33,214,247,37,113,106,85.48,14.52,86.64,41,238,244,1454,247,38,77,99,33,15.38,31.17,40.08,13.36,115,132,46.56,128,298,1028,8.8,20.5,70.7,22.36,9.49,22.36,9.49,164,161
richnor springs,17,273,8,274,NA,9,9,NA,266,267,47.06,52.94,100,191,88,70,8,9,9,NA,NA,NA,100,NA,NA,NA,9,NA,100,1,3,4,12.5,37.5,50,24.62,18.8,NA,NA,NA,NA
ridgely's delight,476,150,413,93,9,54,63,100,230,221,86.76,13.24,85.71,36,242,249,413,63,3,18,33,9,4.76,28.57,52.38,14.29,21,42,33.33,14,61,338,3.39,14.77,81.84,27.18,11.46,27.18,11.46,94,118
riverside,2128,12,1507,9,65,556,621,14,27,22,70.82,29.18,89.53,92,186,226,1507,621,25,77,454,65,4.03,12.4,73.11,10.47,102,519,16.43,90,441,976,5.97,29.26,64.76,23.04,9.65,23.04,9.65,158,156
rognel heights,558,128,288,140,2,268,270,144,89,94,51.61,48.39,99.26,170,108,125,288,270,224,37,7,2,82.96,13.7,2.59,0.74,261,9,96.67,23,97,168,7.99,33.68,58.33,29.67,15.52,29.67,15.52,72,54
roland park,3382,4,2910,2,2,470,472,145,38,42,86.04,13.96,99.58,38,240,113,2910,472,234,221,13,2,49.58,46.82,2.75,0.42,455,15,96.4,132,534,2244,4.54,18.35,77.11,34.7,14.56,34.7,14.56,38,64
rosebank,146,245,110,231,1,35,36,174,242,243,75.34,24.66,97.22,77,201,166,110,36,4,4,27,1,11.11,11.11,75,2.78,8,28,22.22,8,37,65,7.27,33.64,59.09,27.09,14.7,27.09,14.7,97,62
rosemont,717,87,267,151,NA,450,450,NA,42,47,37.24,62.76,100,237,41,71,267,450,379,26,45,NA,84.22,5.78,10,NA,405,45,90,14,87,166,5.24,32.58,62.17,42.13,20.2,42.13,20.2,9,6
rosemont east,430,162,241,159,NA,189,189,NA,128,134,56.05,43.95,100,154,124,72,241,189,157,28,4,NA,83.07,14.81,2.12,NA,185,4,97.88,29,98,114,12.03,40.66,47.3,43.71,20.16,43.71,20.16,4,7
rosemont homeowners/tenants,280,208,65,247,18,197,215,66,122,119,23.21,76.79,91.63,271,7,212,65,215,53,4,140,18,24.65,1.86,65.12,8.37,57,158,26.51,8,21,36,12.31,32.31,55.38,25.45,11.72,NA,NA,NA,NA
sabina-mattfeldt,193,235,172,193,NA,21,21,NA,257,258,89.12,10.88,100,27,251,73,172,21,12,9,NA,NA,57.14,42.86,NA,NA,21,NA,100,13,50,109,7.56,29.07,63.37,30.44,12.23,30.44,12.23,70,102
saint agnes,65,260,43,256,NA,22,22,NA,255,256,66.15,33.85,100,121,157,74,43,22,3,15,4,NA,13.64,68.18,18.18,NA,18,4,81.82,8,9,26,18.6,20.93,60.47,39.02,17.5,NA,NA,NA,NA
saint helena,71,259,21,266,NA,50,50,NA,234,234,29.58,70.42,100,257,21,75,21,50,46,4,NA,NA,92,8,NA,NA,50,NA,100,6,6,9,28.57,28.57,42.86,30.76,15.61,NA,NA,NA,NA
saint josephs,447,155,115,224,1,331,332,175,71,75,25.73,74.27,99.7,265,13,107,115,332,264,11,56,1,79.52,3.31,16.87,0.3,275,57,82.83,9,61,45,7.83,53.04,39.13,29.6,14.22,29.6,14.22,74,73
saint paul,75,258,70,244,NA,5,5,NA,270,270,93.33,6.67,100,11,267,76,70,5,4,NA,1,NA,80,NA,20,NA,4,1,80,7,20,43,10,28.57,61.43,14.5,4.78,NA,NA,NA,NA
sandtown-winchester,2264,10,1234,20,153,877,1030,2,12,10,54.51,45.49,85.15,161,117,252,1234,1030,48,99,730,153,4.66,9.61,70.87,14.85,147,883,14.27,190,786,258,15.4,63.7,20.91,21.96,8.75,21.96,8.75,174,170
seton business park,132,249,112,229,NA,20,20,NA,258,259,84.85,15.15,100,44,234,77,112,20,18,2,NA,NA,90,10,NA,NA,20,NA,100,7,16,89,6.25,14.29,79.46,34.1,14.47,34.1,14.47,41,68
seton hill,623,109,481,78,48,94,142,20,198,170,77.21,22.79,66.2,72,206,275,481,142,8,28,58,48,5.63,19.72,40.85,33.8,36,106,25.35,83,115,283,17.26,23.91,58.84,28.51,13.42,28.51,13.42,84,85
sharp-leadenhall,510,139,412,94,20,78,98,62,210,199,80.78,19.22,79.59,57,221,264,412,98,3,20,55,20,3.06,20.41,56.12,20.41,23,75,23.47,23,90,299,5.58,21.84,72.57,21.62,8.06,21.62,8.06,177,183
shipley hill,552,130,292,138,28,232,260,47,104,100,52.9,47.1,89.23,168,110,230,292,260,17,17,198,28,6.54,6.54,76.15,10.77,34,226,13.08,14,53,225,4.79,18.15,77.05,21.09,6.74,21.09,6.74,183,211
south baltimore,812,77,461,83,29,322,351,43,74,69,56.77,43.23,91.74,153,125,210,461,351,13,34,275,29,3.7,9.69,78.35,8.26,47,304,13.39,27,131,303,5.86,28.42,65.73,21.26,7.12,21.26,7.12,181,202
south clifton park,264,219,114,225,27,123,150,48,175,161,43.18,56.82,82,214,64,260,114,150,24,6,93,27,16,4,62,18,30,120,20,16,34,64,14.04,29.82,56.14,24.46,9.86,24.46,9.86,140,151
spring garden industrial area,52,265,29,262,1,22,23,176,256,253,55.77,44.23,95.65,156,123,180,29,23,4,3,15,1,17.39,13.04,65.22,4.35,7,16,30.43,1,5,23,3.45,17.24,79.31,24.24,8.24,NA,NA,NA,NA
stadium area,134,248,104,232,2,28,30,146,249,249,77.61,22.39,93.33,68,210,203,104,30,20,3,5,2,66.67,10,16.67,6.67,23,7,76.67,NA,9,95,NA,8.65,91.35,25.14,10.03,25.14,10.03,133,145
stonewood-pentwood-winston,143,246,61,248,NA,82,82,NA,207,212,42.66,57.34,100,216,62,78,61,82,61,17,4,NA,74.39,20.73,4.88,NA,78,4,95.12,14,24,23,22.95,39.34,37.7,35.9,23.3,NA,NA,NA,NA
taylor heights,16,274,15,270,NA,1,1,NA,275,275,93.75,6.25,100,10,269,79,15,1,NA,1,NA,NA,NA,100,NA,NA,1,NA,100,NA,4,11,NA,26.67,73.33,29.67,10.37,NA,NA,NA,NA
ten hills,626,108,317,132,NA,309,309,NA,75,81,50.64,49.36,100,174,104,80,317,309,268,41,NA,NA,86.73,13.27,NA,NA,309,NA,100,14,86,217,4.42,27.13,68.45,39.29,16.7,39.29,16.7,14,36
the orchards,456,154,360,115,NA,96,96,NA,195,202,78.95,21.05,100,66,212,81,360,96,89,7,NA,NA,92.71,7.29,NA,NA,96,NA,100,18,120,222,5,33.33,61.67,26.27,14.47,26.27,14.47,111,69
towanda-grantley,267,216,93,236,9,165,174,101,145,147,34.83,65.17,94.83,244,34,187,93,174,112,9,44,9,64.37,5.17,25.29,5.17,121,53,69.54,21,27,45,22.58,29.03,48.39,34.9,18.68,NA,NA,NA,NA
tremont,123,251,51,253,NA,72,72,NA,214,216,41.46,58.54,100,226,52,82,51,72,57,7,8,NA,79.17,9.72,11.11,NA,64,8,88.89,3,16,32,5.88,31.37,62.75,38.8,16.05,NA,NA,NA,NA
tuscany-canterbury,459,153,348,119,NA,111,111,NA,181,185,75.82,24.18,100,76,202,83,348,111,62,16,33,NA,55.86,14.41,29.73,NA,78,33,70.27,18,70,260,5.17,20.11,74.71,28.88,12.57,28.88,12.57,78,98
union square,565,124,465,81,36,64,100,32,219,195,82.3,17.7,64,54,224,277,465,100,8,32,24,36,8,32,24,36,40,60,40,21,80,364,4.52,17.2,78.28,25.31,8.85,25.31,8.85,130,167
university of maryland,664,99,505,76,4,155,159,125,154,155,76.05,23.95,97.48,75,203,163,505,159,15,20,120,4,9.43,12.58,75.47,2.52,35,124,22.01,30,136,339,5.94,26.93,67.13,24.23,8.11,24.23,8.11,146,180
uplands,444,159,381,107,NA,63,63,NA,220,222,85.81,14.19,100,39,239,84,381,63,40,16,7,NA,63.49,25.4,11.11,NA,56,7,88.89,6,48,327,1.57,12.6,85.83,21.29,5.29,21.29,5.29,180,227
upper fells point,908,69,710,40,30,168,198,41,141,129,78.19,21.81,84.85,67,211,254,710,198,3,32,133,30,1.52,16.16,67.17,15.15,35,163,17.68,30,128,552,4.23,18.03,77.75,26.35,9.14,26.35,9.14,109,165
upton,1572,26,776,36,135,661,796,3,18,13,49.36,50.64,83.04,182,96,257,776,796,62,51,548,135,7.79,6.41,68.84,16.96,113,683,14.2,138,466,172,17.78,60.05,22.16,24.9,10.87,24.9,10.87,135,127
violetville,703,89,358,117,NA,345,345,NA,66,71,50.92,49.08,100,172,106,85,358,345,293,52,NA,NA,84.93,15.07,NA,NA,345,NA,100,55,94,209,15.36,26.26,58.38,35.73,16.2,35.73,16.2,29,42
wakefield,32,268,31,261,NA,1,1,NA,276,276,96.88,3.12,100,1,277,86,31,1,1,NA,NA,NA,100,NA,NA,NA,1,NA,100,1,7,23,3.23,22.58,74.19,31.65,11.97,NA,NA,NA,NA
walbrook,872,72,390,105,12,470,482,85,39,41,44.72,55.28,97.51,207,71,162,390,482,396,34,40,12,82.16,7.05,8.3,2.49,430,52,89.21,39,99,252,10,25.38,64.62,25.91,13.48,25.91,13.48,118,84
waltherson,1335,35,561,65,6,768,774,115,14,16,42.02,57.98,99.22,221,57,128,561,774,646,54,68,6,83.46,6.98,8.79,0.78,700,74,90.44,80,222,259,14.26,39.57,46.17,30.33,15.34,30.33,15.34,71,56
washington hill,1020,56,643,49,25,352,377,51,63,61,63.04,36.96,93.37,131,147,202,643,377,19,38,295,25,5.04,10.08,78.25,6.63,57,320,15.12,45,214,384,7,33.28,59.72,24.57,10.03,24.57,10.03,137,146
washington village/pigtown,1579,24,1065,24,79,435,514,12,44,35,67.45,32.55,84.63,115,163,255,1065,514,51,100,284,79,9.92,19.46,55.25,15.37,151,363,29.38,38,130,897,3.57,12.21,84.23,20.34,7.68,20.34,7.68,195,191
waverly,566,123,329,129,13,224,237,81,108,109,58.13,41.87,94.51,149,129,192,329,237,176,23,25,13,74.26,9.7,10.55,5.49,199,38,83.97,32,108,189,9.73,32.83,57.45,28.59,13.52,28.59,13.52,83,81
west arlington,1047,53,257,156,8,782,790,104,13,14,24.55,75.45,98.99,269,9,132,257,790,752,18,12,8,95.19,2.28,1.52,1.01,770,20,97.47,99,87,71,38.52,33.85,27.63,46.38,21.61,46.38,21.61,1,3
west forest park,608,113,279,144,2,327,329,147,72,76,45.89,54.11,99.39,200,78,120,279,329,275,40,12,2,83.59,12.16,3.65,0.61,315,14,95.74,57,123,99,20.43,44.09,35.48,37.38,18.21,37.38,18.21,20,20
west hills,464,151,254,157,NA,210,210,NA,115,121,54.74,45.26,100,159,119,87,254,210,176,27,7,NA,83.81,12.86,3.33,NA,203,7,96.67,16,61,177,6.3,24.02,69.69,35.55,15.66,35.55,15.66,31,51
westfield,954,65,341,124,7,606,613,109,20,23,35.74,64.26,98.86,241,37,137,341,613,537,21,48,7,87.6,3.43,7.83,1.14,558,55,91.03,35,103,203,10.26,30.21,59.53,28.32,12.93,28.32,12.93,86,92
westgate,620,110,363,113,1,256,257,177,94,102,58.55,41.45,99.61,144,134,110,363,257,209,32,15,1,81.32,12.45,5.84,0.39,241,16,93.77,25,111,227,6.89,30.58,62.53,45.64,19.49,45.64,19.49,2,10
westport,655,102,440,87,23,192,215,57,126,120,67.18,32.82,89.3,116,162,229,440,215,88,48,56,23,40.93,22.33,26.05,10.7,136,79,63.26,38,150,252,8.64,34.09,57.27,19.45,10.3,19.45,10.3,207,140
wilhelm park,100,254,71,243,NA,29,29,NA,248,250,71,29,100,91,187,88,71,29,22,5,2,NA,75.86,17.24,6.9,NA,27,2,93.1,2,20,49,2.82,28.17,69.01,30.68,15.21,NA,NA,NA,NA
wilson park,102,253,70,245,1,31,32,178,246,247,68.63,31.37,96.88,107,171,169,70,32,8,7,16,1,25,21.88,50,3.12,15,17,46.88,11,24,35,15.71,34.29,50,20.9,12.99,NA,NA,NA,NA
winchester,251,221,81,241,16,154,170,71,155,149,32.27,67.73,90.59,249,29,217,81,170,94,5,55,16,55.29,2.94,32.35,9.41,99,71,58.24,8,26,47,9.88,32.1,58.02,36.81,18.43,NA,NA,NA,NA
windsor hills,547,131,222,169,NA,325,325,NA,73,77,40.59,59.41,100,231,47,89,222,325,292,31,2,NA,89.85,9.54,0.62,NA,323,2,99.38,24,84,114,10.81,37.84,51.35,36.45,17.7,36.45,17.7,23,23
winston-govans,162,243,49,255,NA,113,113,NA,180,184,30.25,69.75,100,255,23,90,49,113,110,2,1,NA,97.35,1.77,0.88,NA,112,1,99.12,9,17,23,18.37,34.69,46.94,22.57,15.79,NA,NA,NA,NA
woodberry,343,187,276,146,1,66,67,179,218,220,80.47,19.53,98.51,60,218,146,276,67,28,11,27,1,41.79,16.42,40.3,1.49,39,28,58.21,11,38,227,3.99,13.77,82.25,24.55,10.52,24.55,10.52,138,132
woodbourne heights,565,125,285,142,1,279,280,180,84,90,50.44,49.56,99.64,175,103,109,285,280,242,34,3,1,86.43,12.14,1.07,0.36,276,4,98.57,14,58,213,4.91,20.35,74.74,21.48,11.06,21.48,11.06,178,124
woodbourne-mccabe,91,255,39,257,NA,52,52,NA,233,233,42.86,57.14,100,215,63,91,39,52,33,10,9,NA,63.46,19.23,17.31,NA,43,9,82.69,7,18,14,17.95,46.15,35.9,22.56,16.35,NA,NA,NA,NA
woodmere,516,138,151,204,6,359,365,116,61,64,29.26,70.74,98.36,259,19,147,151,365,282,17,60,6,77.26,4.66,16.44,1.64,299,66,81.92,26,77,48,17.22,50.99,31.79,32.84,16.2,32.84,16.2,49,43
wrenlane,26,269,12,272,NA,14,14,NA,263,263,46.15,53.85,100,198,80,92,12,14,8,3,3,NA,57.14,21.43,21.43,NA,11,3,78.57,NA,4,8,NA,33.33,66.67,21,13.94,NA,NA,NA,NA
wyman park,607,114,508,75,NA,99,99,NA,192,197,83.69,16.31,100,46,232,93,508,99,54,14,31,NA,54.55,14.14,31.31,NA,68,31,68.69,38,109,361,7.48,21.46,71.06,26.83,12.24,26.83,12.24,101,101
wyndhurst,696,91,569,62,1,126,127,181,172,175,81.75,18.25,99.21,55,223,130,569,127,52,43,31,1,40.94,33.86,24.41,0.79,95,32,74.8,7,62,500,1.23,10.9,87.87,26.9,11.59,26.9,11.59,100,113
yale heights,507,141,172,194,NA,335,335,NA,69,74,33.93,66.07,100,245,33,94,172,335,320,15,NA,NA,95.52,4.48,NA,NA,335,NA,100,17,60,95,9.88,34.88,55.23,37.45,20.12,37.45,20.12,19,8
york-homeland,14,275,13,271,NA,1,1,NA,277,277,92.86,7.14,100,13,265,95,13,1,NA,NA,1,NA,NA,NA,100,NA,NA,1,NA,1,4,8,7.69,30.77,61.54,18.69,7.4,NA,NA,NA,NA
NA,13,276,4,276,NA,9,9,NA,267,268,30.77,69.23,100,253,25,96,4,9,8,1,NA,NA,88.89,11.11,NA,NA,9,NA,100,1,2,1,25,50,25,37.5,19.27,NA,NA,NA,NA
